tree
version=v4
num_class=1
num_tree_per_iteration=1
label_index=0
max_feature_idx=7
objective=binary sigmoid:1
feature_names=recency_days frequency_30d frequency_90d monetary_90d avg_gap_days recency_vs_gap avg_invoice unpaid_ratio
feature_infos=[2:174] [0:5] [0:11] [0:341993.96999999997] [1:80] [0.050000000000000003:86] [6933.9499999999998:86701.949999999997] [0:1]
tree_sizes=751 776 771 771 774 772 770 766 758 772 774 777 767 769 780 774 776 769 770 773 775 778 776 765 758 769 766 773 773 775 770 774 773 773 777 778 775 769 774 771 772 776 775 771 777 773 764 769 774 781 775 775 769 772 773 773 774 778 770 773 774 775 778 770 762 782 747 769 774 774 775 773 779 765 773 773 772 771 782 775 772 777 771 774 775 767 769 773 780 776 772 770 773 771 779 771 776 776 764 762 775 767 772 778 775 772 775 777 773 774 780 778 770 775 779 777 774 773 774 779 757 770 778 775 771 778 773 778 770 782 764 776 777 776 767 780 774 765 766 779 781 765 774 778 778 773 772 774 781 776

Tree=0
num_leaves=6
num_cat=0
split_feature=7 0 3 0 2
split_gain=71.4085 8.32327 5.88681 3.19738 1.04381
threshold=0.53431517358117786 9.5000000000000018 49062.450000000004 45.500000000000007 4.5000000000000009
decision_type=10 2 2 2 2
left_child=2 -2 -1 4 -4
right_child=1 -3 3 -5 -6
leaf_value=-1.8249639650030329 -1.7835861391563432 -1.6829307041445505 -1.8057671370270638 -1.7633385440823222 -1.7879899271449384
leaf_weight=25.356860563158989 2.4618311226367942 10.585873827338217 17.725184082984924 3.0772889032959929 16.740451633930206
leaf_count=206 20 86 144 25 136
internal_value=-1.78485 -1.69643 -1.80833 -1.79364 -1.79868
internal_weight=75.9475 13.0477 62.8998 37.5429 34.4656
internal_count=617 106 511 305 280
is_linear=0
shrinkage=1


Tree=1
num_leaves=6
num_cat=0
split_feature=7 4 1 4 4
split_gain=57.5526 11.6402 3.42918 3.45801 4.54087
threshold=0.34229851765090513 14.100000000000001 1.5000000000000002 15.583333333333334 13.708333333333334
decision_type=10 8 2 8 10
left_child=2 -2 3 4 -1
right_child=1 -3 -4 -5 -6
leaf_value=-0.022136898690107105 -0.010345639703536122 0.078825865548685606 -0.0059848581542297219 -0.041730123725670122 0.026497616772828726
leaf_weight=8.6092870458960515 3.1400100812315968 16.004456847906113 18.743751302361488 27.941303461790085 2.5648572593927375
leaf_count=71 25 124 154 232 21
internal_value=-0.000561969 0.0650866 -0.0257331 -0.0334455 -0.0062332
internal_weight=77.0037 19.1445 57.8592 39.1154 11.1741
internal_count=627 149 478 324 92
is_linear=0
shrinkage=0.05


Tree=2
num_leaves=6
num_cat=0
split_feature=7 3 1 4 4
split_gain=57.7905 6.50064 3.46593 2.79359 5.35881
threshold=0.53431517358117786 49062.450000000004 1.5000000000000002 13.225000000000001 15.583333333333334
decision_type=10 2 2 8 8
left_child=1 -1 -2 -3 -5
right_child=2 3 -4 4 -6
leaf_value=-0.0362420888306903 0.086765636366223961 -0.019775908858436844 0.0070061882075429837 0.039430848562595149 -0.0065847968254974512
leaf_weight=24.636129081249237 12.384973704814909 11.667605653405188 2.4908259361982337 3.6025672107934978 20.021671809256077
leaf_count=211 90 96 19 29 166
internal_value=0.00415584 -0.0189325 0.0785327 -0.00385123 0.00609427
internal_weight=74.8038 59.928 14.8758 35.2918 23.6242
internal_count=611 502 109 291 195
is_linear=0
shrinkage=0.05


Tree=3
num_leaves=6
num_cat=0
split_feature=6 6 5 4 1
split_gain=32.8265 4.25635 3.93623 3.83726 2.61039
threshold=23494.660000000003 14732.922142857145 3.3214285714285716 14.29166666666667 1.5000000000000002
decision_type=10 10 10 10 2
left_child=1 -1 4 -2 -3
right_child=3 2 -4 -5 -6
leaf_value=-0.034812403433110491 0.014851516843178101 -0.024730791995962901 0.02242981537756536 0.062283212058211246 0.0033816935754950464
leaf_weight=20.622852742671967 11.102778680622579 15.801304295659067 4.8276075273752204 12.168221503496168 11.915997371077536
leaf_count=177 84 135 41 88 99
internal_value=0.00220599 -0.0194058 -0.00630702 0.0462821 -0.0139751
internal_weight=76.4388 53.1678 32.5449 23.271 27.7173
internal_count=624 452 275 172 234
is_linear=0
shrinkage=0.05


Tree=4
num_leaves=6
num_cat=0
split_feature=6 5 3 5 3
split_gain=24.8822 5.71423 2.61705 2.58893 2.12986
threshold=23494.660000000003 0.29631255487269542 63221.075000000004 4.2583333333333337 225111.20500000005
decision_type=10 10 2 10 2
left_child=2 -2 3 -1 -3
right_child=1 4 -4 -5 -6
leaf_value=-0.035007079040290039 0.004255461095297018 0.058764848457762156 -0.0067678434995310484 0.0040716981206023808 0.0019571381763975513
leaf_weight=29.965636752545834 11.346546091139318 10.108065851032732 21.108335986733437 3.7142583131790152 2.2488791197538367
leaf_count=264 83 71 176 32 16
internal_value=-0.00471529 0.0338486 -0.0228349 -0.0307282 0.0519683
internal_weight=78.4917 23.7035 54.7882 33.6799 12.3569
internal_count=642 170 472 296 87
is_linear=0
shrinkage=0.05


Tree=5
num_leaves=6
num_cat=0
split_feature=7 4 5 2 5
split_gain=40.4812 9.2731 4.76599 2.75152 2.63498
threshold=0.38759215325880275 14.733333333333336 3.9342105263157898 4.5000000000000009 1.2330316742081451
decision_type=10 8 10 2 10
left_child=2 -2 3 -1 -5
right_child=1 -3 -4 4 -6
leaf_value=-0.029695495483373514 -0.010295377913822415 0.068147907680083913 0.015357793125824427 0.010272670321132117 -0.023142839170932732
leaf_weight=37.775201611220837 3.1020432561635998 17.081113062798977 5.7731555551290503 10.212043188512324 4.7532397657632819
leaf_count=336 24 115 49 85 40
internal_value=0.0029528 0.0564412 -0.0184878 -0.0232017 -0.00347851
internal_weight=78.6968 20.1832 58.5136 52.7405 14.9653
internal_count=649 139 510 461 125
is_linear=0
shrinkage=0.05


Tree=6
num_leaves=6
num_cat=0
split_feature=7 1 6 0 3
split_gain=44.9872 3.76787 3.62589 5.09558 4.25894
threshold=0.53431517358117786 1.5000000000000002 14223.837500000003 37.500000000000007 49062.450000000004
decision_type=10 2 10 2 2
left_child=2 -2 -1 -4 -5
right_child=1 -3 3 4 -6
leaf_value=-0.033772577729731752 0.07223791294727365 0.001422084520694665 -0.016661826480713501 -0.011283241575449016 0.038716332045111802
leaf_weight=17.906086094677448 14.791480749845507 2.3002254962921134 32.422387279570103 4.4758505374193174 4.6785272285342216
leaf_count=164 94 16 280 40 37
internal_value=0.00380943 0.0651863 -0.0175136 -0.00763743 0.0189199
internal_weight=76.5746 17.0917 59.4829 41.5768 9.15438
internal_count=631 110 521 357 77
is_linear=0
shrinkage=0.05


Tree=7
num_leaves=6
num_cat=0
split_feature=7 6 4 3 4
split_gain=31.957 3.40201 3.14031 3.55007 2.54266
threshold=0.60181579893474224 60088.10125 3.3750000000000004 45910.370000000003 23.833333333333339
decision_type=10 10 8 2 10
left_child=2 -2 -1 -4 -5
right_child=1 -3 3 4 -6
leaf_value=0.017110769762236393 0.063769176791972304 0.0065865012392690749 -0.036630016949205056 -0.015511457517824401 0.012699164213348105
leaf_weight=2.1974715664982787 11.302304193377493 4.5906750112771979 19.006703183054924 31.236711621284485 6.1717775762081137
leaf_count=19 70 29 181 265 53
internal_value=-0.000926603 0.0527811 -0.0184935 -0.0211605 -0.00990868
internal_weight=74.5056 15.893 58.6127 56.4152 37.4085
internal_count=617 99 518 499 318
is_linear=0
shrinkage=0.05


Tree=8
num_leaves=6
num_cat=0
split_feature=7 5 3 4 4
split_gain=31.4984 4.91227 3.72682 1.6539 2.23626
threshold=0.53431517358117786 2.6295454545454553 157129.095 13.708333333333334 3.3750000000000004
decision_type=10 10 2 10 10
left_child=1 -1 -2 4 -3
right_child=2 3 -4 -5 -6
leaf_value=-0.02301160876785675 0.059837273460433507 0.020326084064446127 0.00037204074048598624 0.030015809679846822 -0.01633248401578093
leaf_weight=48.494440741837025 14.603414073586466 1.8949895277619342 3.1165547072887412 1.6939332038164137 5.6078354865312576
leaf_count=439 88 16 19 14 49
internal_value=0.00140355 -0.0169589 0.0517622 0.011821 -0.00264773
internal_weight=75.4112 57.6912 17.72 9.19676 7.50283
internal_count=625 518 107 79 65
is_linear=0
shrinkage=0.05


Tree=9
num_leaves=6
num_cat=0
split_feature=7 3 3 5 5
split_gain=32.6604 4.06927 3.5772 2.91262 2.36184
threshold=0.53431517358117786 157129.095 45910.370000000003 0.62145593869731808 0.20314419061655617
decision_type=10 2 2 10 8
left_child=2 -2 -1 4 -4
right_child=1 -3 3 -5 -6
leaf_value=-0.033381581211780559 0.057983812574043281 -0.00078871442260154603 0.0067825041797871565 0.0054988211492632035 -0.028909444158677151
leaf_weight=20.157887347042561 16.015773341059688 3.2705486863851538 4.1454384177923229 19.326523877680302 11.961454741656778
leaf_count=198 93 20 37 168 104
internal_value=0.000972631 0.0499068 -0.0187215 -0.00728482 -0.0202928
internal_weight=74.8776 19.2863 55.5913 35.4334 16.1069
internal_count=620 113 507 309 141
is_linear=0
shrinkage=0.05


Tree=10
num_leaves=6
num_cat=0
split_feature=7 4 4 4 4
split_gain=28.4491 7.9094 3.01987 4.39191 2.2804
threshold=0.39676218949257858 15.775000000000002 13.225000000000001 17.875000000000004 3.3750000000000004
decision_type=10 8 10 10 8
left_child=2 -2 4 -4 -1
right_child=1 -3 3 -5 -6
leaf_value=0.0073063333354046718 -0.011639198905794158 0.051819842504516045 0.016032100440272954 -0.019036051423946331 -0.035821638630753647
leaf_weight=1.7431427836418176 4.1475863829255131 19.247632957994938 9.07901678979397 21.04351369291544 22.588508009910583
leaf_count=15 28 112 79 201 211
internal_value=-0.000712249 0.0405011 -0.0203358 -0.00768878 -0.0320131
internal_weight=77.8494 23.3952 54.4542 30.1225 24.3317
internal_count=646 140 506 280 226
is_linear=0
shrinkage=0.05


Tree=11
num_leaves=6
num_cat=0
split_feature=7 3 6 4 4
split_gain=23.4062 4.59966 3.15097 3.12824 2.51145
threshold=0.53431517358117786 49062.450000000004 59758.446250000001 21.416666666666668 13.225000000000001
decision_type=10 2 10 10 10
left_child=1 -1 3 -2 -3
right_child=2 4 -4 -5 -6
leaf_value=-0.030899889675477243 0.061934108057526839 -0.017161390929712837 0.0045635253391278054 0.0032765023658297174 0.0067774469279585307
leaf_weight=21.873166814446449 10.493715465068819 13.314773499965666 5.4698680043220511 3.3464790880680075 22.730082020163536
leaf_count=223 58 119 32 18 199
internal_value=0.000948222 -0.0152062 0.0425633 0.0523846 -0.00307877
internal_weight=77.2281 57.918 19.3101 13.8402 36.0449
internal_count=649 541 108 76 318
is_linear=0
shrinkage=0.05


Tree=12
num_leaves=6
num_cat=0
split_feature=6 4 3 3 4
split_gain=15.1298 4.64735 3.68776 2.69743 2.28901
threshold=24527.022500000003 14.29166666666667 62666.760000000009 72281.760000000024 34.250000000000007
decision_type=10 10 2 2 10
left_child=2 3 -1 -2 -3
right_child=1 4 -4 -5 -6
leaf_value=-0.023344648171141541 0.018628794109120703 0.053034322656350136 0.0030824096563863233 -0.01758099413463093 0.0017725513888807009
leaf_weight=27.713743798434734 6.7781211659312266 11.72091720253229 20.37878805398941 4.2462060675024986 2.9114957153797141
leaf_count=279 45 68 181 29 18
internal_value=0.00345651 0.0312382 -0.0129107 0.00354802 0.0458836
internal_weight=73.7493 25.6567 48.0925 11.0243 14.6324
internal_count=620 160 460 74 86
is_linear=0
shrinkage=0.05


Tree=13
num_leaves=6
num_cat=0
split_feature=7 4 3 4 4
split_gain=16.3663 3.65259 3.43553 3.15506 5.06508
threshold=0.53431517358117786 15.775000000000002 45910.370000000003 13.583333333333334 17.875000000000004
decision_type=10 8 2 8 8
left_child=2 -2 -1 -4 -5
right_child=1 -3 3 4 -6
leaf_value=-0.030253576181600864 -0.0071474679608622043 0.040593334542846762 -0.021177278202200486 0.029574902613945544 -0.010742395138195471
leaf_weight=19.55854794383049 3.2854825258255032 16.21965865790844 12.6484407633543 7.9826711267232922 15.075229734182356
leaf_count=209 20 86 115 66 136
internal_value=-0.00183362 0.0327342 -0.0157376 -0.0050469 0.0059985
internal_weight=74.77 19.5051 55.2649 35.7063 23.0579
internal_count=632 106 526 317 202
is_linear=0
shrinkage=0.05


Tree=14
num_leaves=6
num_cat=0
split_feature=7 4 4 4 4
split_gain=22.0276 5.10226 4.42621 2.93935 4.74474
threshold=0.34229851765090513 30.750000000000004 14.100000000000001 13.708333333333334 17.875000000000004
decision_type=10 8 8 10 10
left_child=1 3 -2 -1 -5
right_child=2 -3 -4 4 -6
leaf_value=-0.016354544344645738 -0.0062729683464917271 -0.035131353365755784 0.046628975863263755 0.031296192893222712 -0.0089010375371815983
leaf_weight=15.596278451383112 3.3552319183945682 13.289177462458609 21.807959139347076 7.7486324757337597 13.503539241850374
leaf_count=148 25 143 121 65 132
internal_value=0.00563546 -0.0135132 0.0397045 -0.00245074 0.00892433
internal_weight=75.3008 50.1376 25.1632 36.8485 21.2522
internal_count=634 488 146 345 197
is_linear=0
shrinkage=0.05


Tree=15
num_leaves=6
num_cat=0
split_feature=6 5 6 6 3
split_gain=15.5312 4.04335 3.27988 2.7473 2.25877
threshold=23494.660000000003 0.72812971342383115 14223.837500000003 15144.141000000001 72281.760000000024
decision_type=10 10 8 8 2
left_child=2 4 -1 -4 -2
right_child=1 -3 3 -5 -6
leaf_value=-0.032153976279717236 0.021202916649637405 0.046764013310613556 0.019517140262671793 -0.010862913317321816 -0.0084875544550444115
leaf_weight=12.940371476113794 9.2719734236598068 11.633111774921415 4.6003554463386527 30.569167636334896 7.8444166108965865
leaf_count=135 61 67 43 297 47
internal_value=0.00238889 0.0287833 -0.0146087 -0.00495434 0.00875323
internal_weight=76.8594 28.7495 48.1099 35.1695 17.1164
internal_count=650 175 475 340 108
is_linear=0
shrinkage=0.05


Tree=16
num_leaves=6
num_cat=0
split_feature=7 4 4 4 1
split_gain=20.9612 3.09724 3.43175 2.75481 2.00388
threshold=0.39676218949257858 17.166666666666668 13.225000000000001 15.775000000000002 2.5000000000000004
decision_type=10 8 10 8 2
left_child=1 2 4 -2 -1
right_child=3 -3 -4 -5 -6
leaf_value=-0.023867473562345864 6.8189362180997372e-05 -0.027152804948889209 0.016856953118558803 0.042082856850554122 0.0082692784750929612
leaf_weight=11.269056349992754 4.6629329025745418 27.073787070810795 8.837378226220606 19.412570178508759 3.977110691368579
leaf_count=110 29 283 73 102 38
internal_value=0.000951048 -0.0169471 -0.00277858 0.0353566 -0.0155124
internal_weight=75.2328 51.1573 24.0835 24.0755 15.2462
internal_count=635 504 221 131 148
is_linear=0
shrinkage=0.05


Tree=17
num_leaves=6
num_cat=0
split_feature=7 5 3 6 7
split_gain=15.6278 4.67408 3.21136 2.69914 1.90284
threshold=0.53431517358117786 1.0571895424836604 157129.095 14223.837500000003 0.32770377514761756
decision_type=10 10 2 10 10
left_child=1 4 -2 -3 -1
right_child=2 3 -4 -5 -6
leaf_value=-0.027925738481985169 0.039445284187205963 -0.017899728598740904 -0.0038075260473566714 0.013917225956006014 0.0048730775441865491
leaf_weight=29.667828693985939 17.961324304342273 4.9735661074519184 4.2620687186717978 15.813359826803206 3.5232405811548224
leaf_count=309 91 53 23 144 28
internal_value=0.000677331 -0.0138263 0.0319744 0.00430994 -0.024262
internal_weight=76.2014 53.978 22.2234 20.7869 33.1911
internal_count=648 534 114 197 337
is_linear=0
shrinkage=0.05


Tree=18
num_leaves=6
num_cat=0
split_feature=6 0 0 0 5
split_gain=12.9324 4.02633 2.49993 2.46831 2.34169
threshold=17686.041000000001 27.500000000000004 6.5000000000000009 73.500000000000014 9.309523809523812
decision_type=10 2 2 2 10
left_child=4 2 -2 -3 -1
right_child=1 3 -4 -5 -6
leaf_value=-0.019583228993212482 0.024054434785645094 0.043414859213001339 -0.0063794092246152309 -0.0015145190190561679 0.015486565000512535
leaf_weight=34.069891817867756 5.5626471042633083 15.506386637687685 14.616783849894999 3.205612711608409 1.6922268196940411
leaf_count=356 41 103 105 21 16
internal_value=0.0043352 0.0229382 0.00512065 0.0370215 -0.0162277
internal_weight=74.6535 38.8914 20.1794 18.712 35.7621
internal_count=642 270 146 124 372
is_linear=0
shrinkage=0.05


Tree=19
num_leaves=6
num_cat=0
split_feature=7 4 4 4 6
split_gain=13.425 4.04805 3.6852 2.7675 1.78643
threshold=0.39676218949257858 17.875000000000004 13.225000000000001 14.450000000000001 65330.239166666674
decision_type=10 8 10 8 10
left_child=1 2 -1 -2 -5
right_child=3 -3 -4 4 -6
leaf_value=-0.01439723836191485 -0.0084733402314442433 -0.027071412759337766 0.019084592843009347 0.038985771590303947 0.0013854227614740269
leaf_weight=13.587239325046541 2.6621512398123768 25.597595974802971 9.7348493710160238 16.116155505180362 4.1593644171953192
leaf_count=135 18 282 81 82 21
internal_value=-0.000568863 -0.0151098 0.000480321 0.027597 0.0330723
internal_weight=71.8574 48.9197 23.3221 22.9377 20.2755
internal_count=619 498 216 121 103
is_linear=0
shrinkage=0.05


Tree=20
num_leaves=6
num_cat=0
split_feature=7 4 4 1 4
split_gain=21.9733 4.0032 3.64058 2.56083 4.34345
threshold=0.34229851765090513 14.100000000000001 20.125000000000004 1.5000000000000002 16.625000000000004
decision_type=10 8 8 2 10
left_child=2 -2 3 -1 -5
right_child=1 -3 -4 4 -6
leaf_value=-0.01462606511310938 -0.0063285851144925581 0.043637758552978786 -0.030116625109596819 -0.0083182283390707285 0.038482079340960838
leaf_weight=15.795629762113096 3.3370581269264248 22.282719440758228 19.771613426506519 9.0963057205080968 3.2185506597161284
leaf_count=149 25 114 228 87 30
internal_value=0.00365099 0.0371588 -0.0160959 -0.00317566 0.0114936
internal_weight=73.5019 25.6198 47.8821 28.1105 12.3149
internal_count=633 139 494 266 117
is_linear=0
shrinkage=0.05


Tree=21
num_leaves=6
num_cat=0
split_feature=6 5 6 6 4
split_gain=7.96151 2.53897 3.1748 3.19618 3.02728
threshold=14223.837500000003 0.56527693244065735 23666.183333333338 14890.74392857143 15.708333333333334
decision_type=10 10 10 10 10
left_child=-1 -2 3 -3 -4
right_child=1 2 4 -5 -6
leaf_value=-0.030661917664099231 -0.0046509446455996637 0.027537571027331426 -0.0027047802064162911 -0.0092803670716561613 0.042965322292218937
leaf_weight=14.285928577184675 28.045977130532265 3.0975423455238404 4.2999809309840185 16.698407381772995 7.651248537003994
leaf_count=168 223 29 27 161 38
internal_value=-0.00259247 0.00596256 0.0146958 0.000871814 0.0305825
internal_weight=74.0791 59.7932 31.7472 19.7959 11.9512
internal_count=646 478 255 190 65
is_linear=0
shrinkage=0.05


Tree=22
num_leaves=6
num_cat=0
split_feature=7 0 4 6 6
split_gain=8.62621 5.55522 3.78951 2.62385 2.09317
threshold=0.39676218949257858 18.500000000000004 25.250000000000004 14860.967500000002 15360.210000000001
decision_type=10 2 8 10 10
left_child=2 -2 3 -1 -5
right_child=1 -3 -4 4 -6
leaf_value=-0.01709432433475724 -0.00759447574971604 0.035460450751861529 -0.027726080328870972 0.030870008292977411 0.00012661606831547084
leaf_weight=9.8954441696405429 8.9851786717772502 17.405614107847214 15.899504728615282 2.8098432868719128 19.163644567131996
leaf_count=106 50 85 191 28 179
internal_value=0.0012426 0.0219269 -0.0111798 -0.000284199 0.00905146
internal_weight=74.1592 26.3908 47.7684 31.8689 21.9735
internal_count=639 135 504 313 207
is_linear=0
shrinkage=0.05


Tree=23
num_leaves=6
num_cat=0
split_feature=7 1 3 0 3
split_gain=11.2429 4.31356 3.15246 1.6806 3.77164
threshold=0.38759215325880275 1.5000000000000002 157129.095 38.500000000000007 49062.450000000004
decision_type=10 2 2 2 2
left_child=1 3 -2 -1 -5
right_child=2 -3 -4 4 -6
leaf_value=-0.030674925848548779 0.031826644720605791 0.0071140050135758935 -0.0056568299251120481 -0.021802913608477654 0.020065538714777464
leaf_weight=17.91530175507069 22.611369065940384 15.904887720942495 5.3419214636087409 7.7699608430266363 4.4686197265982628
leaf_count=197 113 156 30 95 39
internal_value=0.00224823 -0.0125862 0.024892 -0.0225112 -0.00512974
internal_weight=74.0121 46.0588 27.9533 30.1539 12.2386
internal_count=630 487 143 331 134
is_linear=0
shrinkage=0.05


Tree=24
num_leaves=6
num_cat=0
split_feature=6 3 6 6 0
split_gain=7.9953 3.24997 2.65201 2.88151 2.07434
threshold=14223.837500000003 157129.095 17686.041000000001 15073.713333333335 31.500000000000004
decision_type=8 2 10 8 2
left_child=-1 2 3 -2 -4
right_child=1 -3 4 -5 -6
leaf_value=-0.02718066517612135 0.0250369543834374 -0.014789070592467538 0.0080381225220969871 -0.0084656576414154101 0.034752912977171667
leaf_weight=11.923725455999373 3.9621818587183979 6.361375391483306 17.479716338217258 17.677700690925121 15.318819686770437
leaf_count=143 38 38 132 189 97
internal_value=0.0037468 0.0114166 0.0154654 0.00121638 0.0234621
internal_weight=72.7235 60.7998 54.4384 21.6399 32.7985
internal_count=637 494 456 227 229
is_linear=0
shrinkage=0.05


Tree=25
num_leaves=6
num_cat=0
split_feature=7 1 5 1 6
split_gain=11.3585 5.21489 3.92624 3.43657 2.34556
threshold=0.34229851765090513 1.5000000000000002 3.9342105263157898 1.5000000000000002 42396.865000000005
decision_type=10 2 10 2 10
left_child=1 2 -1 -2 -5
right_child=3 -3 -4 4 -6
leaf_value=-0.029009287203784779 0.034130430887447237 0.010894165266612686 0.010706667677721089 0.016373122071013511 -0.022829856136974871
leaf_weight=24.32175633311272 23.667142115533355 15.469889335334299 5.0972654521465293 2.666791543364524 2.8220496848225594
leaf_count=286 116 152 49 17 18
internal_value=0.00513483 -0.010413 -0.0215722 0.0270926 -0.00505747
internal_weight=74.0449 44.8889 29.419 29.156 5.48884
internal_count=638 487 335 151 35
is_linear=0
shrinkage=0.05


Tree=26
num_leaves=6
num_cat=0
split_feature=7 5 3 3 0
split_gain=8.08066 4.32353 2.53956 2.16976 2.61018
threshold=0.4821287926154218 3.9342105263157898 53940.205000000009 157129.095 73.500000000000014
decision_type=10 10 2 2 2
left_child=1 2 -1 4 -2
right_child=3 -3 -4 -5 -6
leaf_value=-0.026858062077912023 0.03598090241451158 0.021492852569439648 -0.0033428710339454531 -0.0036128324973966537 -0.0051881795340950124
leaf_weight=17.196077741682529 16.912914812564857 5.6087713465094557 27.243460811674595 4.8615754991769782 3.2745866775512686
leaf_count=220 79 53 259 25 15
internal_value=0.00292109 -0.00864544 -0.0142382 0.0236243 0.0295987
internal_weight=75.0974 50.0483 44.4395 25.0491 20.1875
internal_count=651 532 479 119 94
is_linear=0
shrinkage=0.05


Tree=27
num_leaves=6
num_cat=0
split_feature=7 3 3 5 5
split_gain=6.4517 3.80685 3.06728 2.77874 2.39728
threshold=0.79018779174892473 49062.450000000004 72281.760000000024 0.49285714285714294 0.5685736677115989
decision_type=10 2 2 10 10
left_child=1 -1 -2 -4 -3
right_child=2 4 3 -5 -6
leaf_value=-0.02495887217035608 0.038647477938636439 -0.012380004367223713 -0.019840287940983858 0.016891397956791246 0.010724523539185958
leaf_weight=17.435560457408428 7.8743529468774822 14.404944770038126 3.8919459432363492 7.2906091660261154 21.699169218540192
leaf_count=226 35 134 19 35 183
internal_value=0.000191817 -0.00877804 0.0219791 0.00192719 0.0011216
internal_weight=72.5966 53.5397 19.0569 11.1826 36.1041
internal_count=632 543 89 54 317
is_linear=0
shrinkage=0.05


Tree=28
num_leaves=6
num_cat=0
split_feature=7 5 5 0 5
split_gain=7.33386 2.39275 2.5559 1.94387 1.94093
threshold=0.53431517358117786 1.0441271901362754 1.4654528478057893 80.500000000000014 2.6295454545454553
decision_type=8 10 10 2 8
left_child=1 -1 -3 -2 -4
right_child=3 2 4 -5 -6
leaf_value=-0.021682575862544011 0.022923199331721419 0.020785453362667423 -0.023818108028274942 -0.0084092776434024838 0.0053824795450594688
leaf_weight=27.74286488071084 20.903191283345226 5.0256262272596386 6.5030926540493939 3.3911358639597884 8.3404954820871353
leaf_count=306 98 48 64 33 80
internal_value=-0.00234725 -0.013376 0.000249715 0.0178608 -0.0101885
internal_weight=71.9064 47.6121 19.8692 24.2943 14.8436
internal_count=629 498 192 131 144
is_linear=0
shrinkage=0.05


Tree=29
num_leaves=6
num_cat=0
split_feature=6 4 4 4 7
split_gain=6.17899 2.50974 3.15987 4.20626 2.82073
threshold=14223.837500000003 23.166666666666668 13.225000000000001 9.7083333333333339 0.38759215325880275
decision_type=8 8 10 10 8
left_child=-1 2 3 -2 -3
right_child=1 4 -4 -5 -6
leaf_value=-0.028046803429988443 0.015086080969292689 -0.020543939638210152 0.024254066417142707 -0.02794405082533782 0.0080768263367965096
leaf_weight=10.748414788395165 8.4632171839475614 10.119042038917543 22.64086277037859 4.9269729703664771 15.624766886234282
leaf_count=137 73 121 164 50 94
internal_value=0.000134101 0.00677034 0.0145283 -0.0040398 -0.00468459
internal_weight=72.5233 61.7749 36.0311 13.3902 25.7438
internal_count=639 502 287 123 215
is_linear=0
shrinkage=0.05


Tree=30
num_leaves=6
num_cat=0
split_feature=7 2 6 5 3
split_gain=5.39544 4.0051 3.80938 2.72475 2.71881
threshold=0.79018779174892473 4.5000000000000009 65330.239166666674 1.2330316742081451 100237.44500000002
decision_type=10 2 10 8 2
left_child=1 -1 -2 4 -3
right_child=2 3 -4 -5 -6
leaf_value=-0.015594968726532807 0.030783505966053115 0.038020099420987052 -0.011619406695758712 -0.010512998873814686 -0.0060421825833230714
leaf_weight=38.951541837304831 14.271679267287256 5.3649346902966464 4.2927336990833274 5.4043137878179559 3.4739254117012024
leaf_count=414 64 51 21 51 31
internal_value=0.000434413 -0.0077658 0.0205935 0.0121339 0.0247762
internal_weight=71.7591 53.1947 18.5644 14.2432 8.83886
internal_count=632 547 85 133 82
is_linear=0
shrinkage=0.05


Tree=31
num_leaves=6
num_cat=0
split_feature=7 6 5 4 6
split_gain=6.10087 3.78547 2.83289 2.74428 2.39603
threshold=0.53431517358117786 59758.446250000001 3.9342105263157898 20.125000000000004 14860.967500000002
decision_type=10 10 10 10 10
left_child=2 3 -1 -2 -4
right_child=1 -3 4 -5 -6
leaf_value=-0.013652249677683949 0.037429920719954997 -0.0075435735552046787 -0.013792830668819853 -0.0033680816917856758 0.028217255748850697
leaf_weight=42.553100593388081 13.93341632187367 7.5770312547683707 1.6526907458901394 4.2785001695156089 4.1690986678004265
leaf_count=472 62 37 19 19 37
internal_value=0.00126712 0.0189207 -0.00903495 0.0291844 0.0154288
internal_weight=74.1638 25.7889 48.3749 18.2119 5.82179
internal_count=646 118 528 81 56
is_linear=0
shrinkage=0.05


Tree=32
num_leaves=6
num_cat=0
split_feature=7 5 4 5 5
split_gain=6.55648 3.7063 3.2504 3.21121 3.53763
threshold=0.38759215325880275 3.9342105263157898 14.733333333333336 1.3574193548387099 1.0441271901362754
decision_type=10 10 8 8 10
left_child=1 3 -2 4 -1
right_child=2 -3 -4 -5 -6
leaf_value=-0.013099355919683864 -0.01413305972129787 0.017721905433338112 0.023837634997359948 -0.032917661268570833 0.024708803547821925
leaf_weight=19.127197358757261 3.5132754221558598 4.8128415346145621 23.347040191292763 13.913491923362015 3.4039408937096587
leaf_count=221 24 46 109 168 36
internal_value=-2.294e-05 -0.0120431 0.0174326 -0.0176377 -0.00393734
internal_weight=68.1178 41.2575 26.8603 36.4446 22.5311
internal_count=604 471 133 425 257
is_linear=0
shrinkage=0.05


Tree=33
num_leaves=6
num_cat=0
split_feature=6 4 4 3 6
split_gain=4.04251 3.2853 3.22686 3.72854 4.92247
threshold=14223.837500000003 31.250000000000004 18.708333333333339 108428.75500000002 17892.245500000005
decision_type=10 8 10 2 8
left_child=-1 2 3 4 -2
right_child=1 -3 -4 -5 -6
leaf_value=-0.019478904224124179 -0.0054684481292548472 -0.0076307395142315342 0.031991358739052192 -0.017590189629628723 0.039277863174110091
leaf_weight=11.336988549679516 11.200806275010114 18.348253086209297 13.56994193792343 8.4704097062349302 6.2951620221137992
leaf_count=159 107 135 110 61 47
internal_value=0.00290746 0.00849211 0.0159912 0.00381412 0.0157831
internal_weight=69.2216 57.8846 39.5363 25.9664 17.496
internal_count=619 460 325 215 154
is_linear=0
shrinkage=0.05


Tree=34
num_leaves=6
num_cat=0
split_feature=7 2 6 6 7
split_gain=6.67284 4.40175 3.29943 5.67667 3.10163
threshold=0.38759215325880275 2.5000000000000004 19349.991666666669 17686.041000000001 0.79018779174892473
decision_type=10 2 8 10 8
left_child=2 -2 3 -1 -3
right_child=1 4 -4 -5 -6
leaf_value=-0.010418385429775801 0.034343335510556398 -0.024183943711186789 -0.028151345040510881 0.031847545143645961 0.013788134270328628
leaf_weight=27.689841333776712 15.498005077242853 4.2416954189538929 10.470191583037375 5.4947521314024916 7.9666770696640024
leaf_count=325 71 28 124 51 36
internal_value=0.00284707 0.0201568 -0.00908133 -0.000166121 -0.00259841
internal_weight=71.3612 27.7064 43.6548 33.1846 12.2084
internal_count=635 135 500 376 64
is_linear=0
shrinkage=0.05


Tree=35
num_leaves=6
num_cat=0
split_feature=7 4 4 0 5
split_gain=2.64701 3.00389 2.8142 2.35607 2.17516
threshold=0.38759215325880275 19.583333333333339 14.550000000000002 17.500000000000004 0.24291896144767902
decision_type=8 8 10 2 8
left_child=1 2 -1 -2 -3
right_child=3 4 -4 -5 -6
leaf_value=-0.0098163619162442619 -0.0075046064421887704 0.0060001885402585758 0.018961586493516019 0.018395494829846381 -0.030102365031121847
leaf_weight=15.038056313991548 10.068945914506914 3.5899694226682159 9.8748877421021444 20.155430346727371 12.164207328110933
leaf_count=158 53 44 92 114 162
internal_value=-0.000397028 -0.00831651 0.0028533 0.00992665 -0.022412
internal_weight=70.8915 40.6671 24.9129 30.2244 15.7542
internal_count=623 456 250 167 206
is_linear=0
shrinkage=0.05


Tree=36
num_leaves=6
num_cat=0
split_feature=7 4 1 5 7
split_gain=4.72587 3.52035 2.05733 1.57325 3.06121
threshold=0.38759215325880275 19.583333333333339 1.5000000000000002 1.4082491582491585 0.98754391646595452
decision_type=10 8 2 10 10
left_child=1 -1 3 4 -2
right_child=2 -3 -4 -5 -6
leaf_value=0.003734370731215091 0.024407702203339366 -0.023090006867273864 -0.0089832731266843557 0.035851616558568646 -0.0095819901966619405
leaf_weight=23.652102410793304 8.3030746653676104 17.968154195696115 4.2592754885554305 6.5498449057340613 9.2166798114776611
leaf_count=238 39 250 26 30 40
internal_value=0.00128138 -0.00908054 0.0155833 0.020728 0.00836925
internal_weight=69.9491 41.6203 28.3289 24.0696 17.5198
internal_count=623 488 135 109 79
is_linear=0
shrinkage=0.05


Tree=37
num_leaves=6
num_cat=0
split_feature=6 0 6 4 0
split_gain=8.76149 3.64431 3.26271 3.06451 1.8395
threshold=17686.041000000001 31.500000000000004 72117.155000000013 5.1250000000000009 5.5000000000000009
decision_type=8 2 8 8 2
left_child=3 4 -3 -1 -2
right_child=1 2 -4 -5 -6
leaf_value=0.015606171638088001 0.019542295772285459 0.036073971027534166 -0.0088609505450045305 -0.023616693606661361 -0.0062429921280716498
leaf_weight=2.3688839226961163 4.6157602369785335 16.132525391876701 2.8865387365221968 25.593726743012667 19.747163537889719
leaf_count=23 30 99 39 305 139
internal_value=0.00155017 0.0150029 0.0288293 -0.0184307 0.00113809
internal_weight=71.3446 43.382 19.0191 27.9626 24.3629
internal_count=635 307 138 328 169
is_linear=0
shrinkage=0.05


Tree=38
num_leaves=6
num_cat=0
split_feature=6 4 4 6 7
split_gain=5.39969 2.83345 2.45746 5.5098 2.51191
threshold=17613.454642857145 3.3750000000000004 25.250000000000004 56603.492916666677 0.39676218949257858
decision_type=8 8 8 10 8
left_child=1 -1 3 -2 -4
right_child=2 -3 4 -5 -6
leaf_value=0.018833933779248559 0.029739808105500715 -0.020449072695685463 -0.020801602180342434 -0.022072544203826337 0.0090942437049814709
leaf_weight=1.3910107612609888 19.372607693076137 25.803056463599205 5.9373884089291122 2.6116186529397956 14.774943187832831
leaf_count=13 132 316 75 16 89
internal_value=-4.99703e-06 -0.0158267 0.0106748 0.0206353 -0.00185425
internal_weight=69.8906 27.1941 42.6966 21.9842 20.7123
internal_count=641 329 312 148 164
is_linear=0
shrinkage=0.05


Tree=39
num_leaves=6
num_cat=0
split_feature=6 4 4 7 3
split_gain=4.88538 3.60073 4.55547 2.30739 2.62286
threshold=14223.837500000003 31.250000000000004 14.550000000000002 0.38759215325880275 72281.760000000024
decision_type=8 8 10 8 2
left_child=-1 2 -2 -3 -5
right_child=1 3 -4 4 -6
leaf_value=-0.027796609559809306 -0.0085016585912196952 -0.02876450747304617 0.023538354343619249 0.014138253740762453 -0.02044584326313097
leaf_weight=9.0048231072723848 13.898361168801783 5.5885802246630218 26.50180695950985 9.9056599549949151 3.6975921243429175
leaf_count=132 128 78 200 69 17
internal_value=-0.00108861 0.00478648 0.0127936 -0.0112296 0.00176907
internal_weight=68.5968 59.592 40.4002 19.1918 13.6033
internal_count=624 492 328 164 86
is_linear=0
shrinkage=0.05


Tree=40
num_leaves=6
num_cat=0
split_feature=6 3 3 6 0
split_gain=5.82663 1.98477 5.0595 1.952 1.93102
threshold=14223.837500000003 30850.790000000005 46855.095000000008 19349.991666666669 13.500000000000002
decision_type=10 2 2 10 2
left_child=-1 3 -3 -2 -4
right_child=1 2 4 -5 -6
leaf_value=-0.028291194665801236 0.040453486474457484 -0.029166510258930939 -0.0043779995788363517 -0.0041891682026023924 0.014876859070852214
leaf_weight=11.291217412799595 1.9318070001900185 6.2256332822144023 18.00192041695118 2.4765715189278126 29.355010319501162
leaf_count=172 20 70 156 20 195
internal_value=-0.00173424 0.00527179 0.00141646 0.0264759 0.00783836
internal_weight=69.2822 57.9909 53.5826 4.40838 47.3569
internal_count=633 461 421 40 351
is_linear=0
shrinkage=0.05


Tree=41
num_leaves=6
num_cat=0
split_feature=6 5 0 7 7
split_gain=6.26102 1.98574 3.42251 1.95834 1.46257
threshold=14223.837500000003 0.56527693244065735 5.5000000000000009 0.34229851765090513 0.80954569749854066
decision_type=8 10 2 8 8
left_child=-1 2 -2 -4 -5
right_child=1 -3 3 4 -6
leaf_value=-0.027746144544002444 0.020411587656947602 0.016603655696645844 -0.024983451259037982 0.018917092257519887 -0.0070867675085173436
leaf_weight=9.0126686021685583 8.4254274703562277 33.112876437604427 7.5424028076231506 2.88419287651777 12.315281733870506
leaf_count=136 71 255 100 17 81
internal_value=0.00295217 0.00894818 -0.000356167 -0.0103423 0.00130878
internal_weight=73.2928 64.2802 31.1673 22.7419 15.1995
internal_count=660 524 269 198 98
is_linear=0
shrinkage=0.05


Tree=42
num_leaves=6
num_cat=0
split_feature=7 4 4 7 3
split_gain=4.92752 4.03332 1.64264 1.97573 1.6056
threshold=0.38759215325880275 30.750000000000004 18.416666666666668 0.98754391646595452 30850.790000000005
decision_type=10 8 8 10 2
left_child=1 4 -2 -4 -1
right_child=2 -3 3 -5 -6
leaf_value=0.024644863140274999 -0.00017042135363086653 -0.028029267474571563 0.036767203235302963 0.0053050781768325915 -0.0013764474231672504
leaf_weight=2.2058182433247557 8.1497287452220935 9.2711906321346742 10.779462710022926 10.171416729688644 30.92249408364296
leaf_count=29 45 148 49 44 329
internal_value=0.00505282 -0.00573571 0.0193079 0.0254578 0.00336078
internal_weight=71.5001 42.3995 29.1006 20.9509 33.1283
internal_count=644 506 138 93 358
is_linear=0
shrinkage=0.05


Tree=43
num_leaves=6
num_cat=0
split_feature=7 6 6 4 3
split_gain=4.61419 2.66429 4.65057 3.3486 3.0476
threshold=0.14063721889974587 16535.993750000005 36806.120000000003 17.416666666666668 72281.760000000024
decision_type=10 10 10 10 2
left_child=-1 -2 -3 4 -4
right_child=1 2 3 -5 -6
leaf_value=-0.011294663777136827 -0.014192400147476131 0.040964722247647065 0.0096339520048534816 0.021083500163184433 -0.028230788004015489
leaf_weight=36.164076950401068 4.0276852771639815 8.4499516561627406 6.3757745437324065 8.5157841742038709 6.4441473186016083
leaf_count=447 41 46 35 38 41
internal_value=0.000391998 0.012736 0.0178939 0.00271405 -0.0119801
internal_weight=69.9774 33.8133 29.7857 21.3357 12.8199
internal_count=648 201 160 114 76
is_linear=0
shrinkage=0.05


Tree=44
num_leaves=6
num_cat=0
split_feature=6 4 6 6 4
split_gain=2.71574 2.00428 2.36411 2.32725 2.06465
threshold=14732.922142857145 30.750000000000004 59758.446250000001 23666.183333333338 9.7083333333333339
decision_type=8 8 10 10 10
left_child=-1 2 3 4 -2
right_child=1 -3 -4 -5 -6
leaf_value=-0.020519136078229912 0.019371395360719301 -0.0085628522822560199 -0.019441618497451376 0.025397505137859919 -0.007095032043300406
leaf_weight=10.365101527422665 5.9149139374494579 20.697023376822472 2.1116824001073828 14.557404600083826 17.851248111575842
leaf_count=152 55 174 12 73 182
internal_value=-0.00166757 0.00283846 0.00897439 0.0126032 0.00171405
internal_weight=71.4974 61.1323 40.4352 38.3236 23.7662
internal_count=648 496 322 310 237
is_linear=0
shrinkage=0.05


Tree=45
num_leaves=6
num_cat=0
split_feature=6 4 4 3 3
split_gain=2.6042 2.28741 2.36158 2.09851 1.79233
threshold=14223.837500000003 13.225000000000001 20.125000000000004 222567.27000000005 29870.060000000001
decision_type=8 10 10 2 2
left_child=-1 4 3 -3 -2
right_child=1 2 -4 -5 -6
leaf_value=-0.019144840991952673 0.012578173947733629 0.027262969394857207 -0.0021710356802218346 -0.0088736943536852388 -0.012355293328562025
leaf_weight=8.47088999673724 5.5722374022007015 17.617048077285293 15.48627073317766 2.3856153637170783 20.090704619884491
leaf_count=133 65 126 131 13 160
internal_value=0.00096046 0.00498202 0.0125119 0.0220405 -0.00577321
internal_weight=69.6228 61.1519 35.4889 20.0027 25.6629
internal_count=628 495 270 139 225
is_linear=0
shrinkage=0.05


Tree=46
num_leaves=6
num_cat=0
split_feature=6 4 3 6 3
split_gain=5.7879 2.57634 6.52814 3.23965 1.59433
threshold=14223.837500000003 30.750000000000004 126431.35500000001 41136.859166666669 27639.930000000004
decision_type=8 8 2 8 2
left_child=-1 2 -2 4 -3
right_child=1 3 -4 -5 -6
leaf_value=-0.026135239411443557 0.027582852637725343 0.0061386407225589076 -0.01461350071196485 0.011538585095073195 -0.029413864676448711
leaf_weight=8.3038953207433206 29.393675897270441 2.3151386491954344 8.9233215600252134 12.273090086877344 6.349360316991806
leaf_count=135 261 27 49 86 59
internal_value=0.00424334 0.010203 0.0172036 -0.00345508 -0.0211441
internal_weight=67.5585 59.2546 38.317 20.9376 8.6645
internal_count=617 482 310 172 86
is_linear=0
shrinkage=0.05


Tree=47
num_leaves=6
num_cat=0
split_feature=3 3 5 0 5
split_gain=4.33206 2.96209 3.46029 2.47125 2.35231
threshold=56923.405000000006 73928.195000000022 1.2330316742081451 13.500000000000002 0.5576411960132891
decision_type=2 2 8 2 8
left_child=-1 4 3 -3 -2
right_child=1 2 -4 -5 -6
leaf_value=-0.012658531829451725 -0.0055408333346659826 -0.0010160761494981082 -0.015835400308678096 0.031857202587480746 0.032425189159701981
leaf_weight=23.574842810630798 3.530620343983176 12.118688911199575 12.360447354614733 5.3437230736017218 14.053212963044642
leaf_count=289 41 93 84 27 100
internal_value=0.00323816 0.0115969 0.0010688 0.0138956 0.0252631
internal_weight=70.9815 47.4067 29.8229 17.4624 17.5838
internal_count=634 345 204 120 141
is_linear=0
shrinkage=0.05


Tree=48
num_leaves=6
num_cat=0
split_feature=4 5 4 0 1
split_gain=3.58801 2.72414 2.19244 3.27962 1.72053
threshold=14.550000000000002 11.142857142857144 20.125000000000004 29.000000000000004 3.5000000000000004
decision_type=8 10 8 2 2
left_child=1 4 -2 -4 -1
right_child=2 -3 3 -5 -6
leaf_value=-0.028987683810459887 0.017913213587464803 0.014350425903761449 -0.014630060709221172 0.013235805365692039 0.0074868598586778287
leaf_weight=13.733235646039249 19.361261498183012 2.375004641711711 17.447356939315796 14.995643131434916 1.773412138223647
leaf_count=141 140 20 174 132 19
internal_value=-0.000185394 -0.0168907 0.00656008 -0.00170253 -0.0240079
internal_weight=69.6859 17.8817 51.8043 32.443 15.5066
internal_count=626 180 446 306 160
is_linear=0
shrinkage=0.05


Tree=49
num_leaves=6
num_cat=0
split_feature=6 5 7 6 5
split_gain=2.98984 2.82701 1.70422 3.55241 2.24296
threshold=14223.837500000003 2.2450000000000006 0.34229851765090513 18331.449500000006 1.2330316742081451
decision_type=10 10 10 10 8
left_child=-1 2 3 4 -2
right_child=1 -3 -4 -5 -6
leaf_value=-0.019092322809990608 0.015036737427039457 0.023785288731397142 0.0081766813132234488 -0.027913723607148139 -0.016848270795500903
leaf_weight=9.9885507710278016 12.247314069420099 11.203060716390608 24.607081227004528 8.4661589525639993 3.3912799842655668
leaf_count=169 132 84 117 100 36
internal_value=0.0011133 0.00569294 -0.000294873 -0.00886198 0.00571574
internal_weight=69.9034 59.9149 48.7118 24.1048 15.6386
internal_count=638 469 385 268 168
is_linear=0
shrinkage=0.05


Tree=50
num_leaves=6
num_cat=0
split_feature=3 3 4 4 6
split_gain=2.27378 3.54696 5.62899 3.14223 2.77891
threshold=49062.450000000004 64292.160000000011 18.125000000000004 18.708333333333339 41831.416666666679
decision_type=2 2 10 10 10
left_child=-1 2 -2 -3 -5
right_child=1 3 -4 4 -6
leaf_value=-0.014001393735739862 0.041711214412501335 -0.013702905032767873 -0.010033806548896632 -0.0078953139462646822 0.026832259000419769
leaf_weight=17.43939508870244 7.9797576963901502 23.976320531219244 6.1610049419105053 7.3212725892662984 7.6851131245493889
leaf_count=233 52 196 71 54 34
internal_value=-0.000512667 0.00473895 0.0224345 -0.00350069 0.0121506
internal_weight=70.5629 53.1235 14.1408 38.9827 15.0064
internal_count=640 407 123 284 88
is_linear=0
shrinkage=0.05


Tree=51
num_leaves=6
num_cat=0
split_feature=7 1 4 6 1
split_gain=3.86462 2.41919 2.24195 3.3216 2.14722
threshold=0.34229851765090513 1.5000000000000002 30.250000000000004 58976.040000000008 1.5000000000000002
decision_type=10 2 10 10 2
left_child=4 2 3 -2 -1
right_child=1 -3 -4 -5 -6
leaf_value=-0.021117500189629601 0.030011442126140198 -0.014205147359268875 -0.010943301920900214 -0.0074001781307825865 0.0014273799387153675
leaf_weight=24.852038096636534 16.132568567991267 5.0457815229892722 3.7999926730990401 5.9111523032188407 15.41601527109742
leaf_count=333 72 32 18 29 163
internal_value=-0.00376571 0.00876222 0.0148223 0.0204659 -0.0132822
internal_weight=71.1575 30.8895 25.8437 22.0437 40.2681
internal_count=647 151 119 101 496
is_linear=0
shrinkage=0.05


Tree=52
num_leaves=6
num_cat=0
split_feature=3 3 3 6 5
split_gain=2.8909 2.00164 3.05625 2.63153 1.78782
threshold=56923.405000000006 73928.195000000022 88406.365000000005 16719.826250000002 0.5576411960132891
decision_type=2 2 2 10 8
left_child=-1 4 3 -3 -2
right_child=1 2 -4 -5 -6
leaf_value=-0.014814675083912064 -0.0071209554703865231 0.0077951278254598235 0.0075043304431980373 -0.034681529088653691 0.023555081716017775
leaf_weight=22.030942775309086 3.801220458000901 3.2635281197726744 21.842309586703777 5.3510858416557312 13.510892394930123
leaf_count=288 44 33 136 40 95
internal_value=-0.00160755 0.00531012 -0.00262692 -0.0216368 0.0167332
internal_weight=69.8 47.769 30.4569 8.61461 17.3121
internal_count=636 348 209 73 139
is_linear=0
shrinkage=0.05


Tree=53
num_leaves=6
num_cat=0
split_feature=4 4 2 3 3
split_gain=4.23698 4.11568 2.52445 3.03739 3.44296
threshold=31.250000000000004 13.225000000000001 3.5000000000000004 74648.98000000001 45910.370000000003
decision_type=8 10 2 2 2
left_child=1 -1 3 4 -3
right_child=-2 2 -4 -5 -6
leaf_value=-0.013433744492304287 -0.019561370491726668 -0.0050343287386289577 0.0013107948814956691 -0.0035539235744642588 0.050439507818281749
leaf_weight=15.137918803840874 19.946648601442575 2.554984010756014 18.860005579888821 4.8314573317766181 6.9452508240938187
leaf_count=158 189 41 166 21 47
internal_value=-0.00269807 0.00544324 0.0146842 0.0273922 0.0389289
internal_weight=68.2763 48.3296 33.1917 14.3317 9.50023
internal_count=622 433 275 109 88
is_linear=0
shrinkage=0.05


Tree=54
num_leaves=6
num_cat=0
split_feature=4 4 0 1 6
split_gain=4.04882 3.58325 2.53264 1.91766 2.81416
threshold=13.225000000000001 30.750000000000004 50.000000000000007 2.5000000000000004 14223.837500000003
decision_type=10 10 2 2 10
left_child=2 3 -1 4 -2
right_child=1 -3 -4 -5 -6
leaf_value=-0.024732368451262601 -0.011664195324367264 -0.016520892145222236 0.0033497776015419551 -0.012313576286968669 0.023440284803886578
leaf_weight=17.189509734511379 3.7373844571411636 7.4755000174045554 10.903272368013857 2.4224201440811148 27.739961825311184
leaf_count=178 61 79 99 21 202
internal_value=-0.00171228 0.00793562 -0.0149739 0.014759 0.0182447
internal_weight=69.468 41.3753 28.0928 33.8998 31.4773
internal_count=640 363 277 284 263
is_linear=0
shrinkage=0.05


Tree=55
num_leaves=6
num_cat=0
split_feature=6 6 5 0 6
split_gain=3.22815 3.7683 2.20329 2.0726 2.20182
threshold=17892.245500000005 19349.991666666669 1.3252032520325205 5.5000000000000009 69887.892500000016
decision_type=10 10 10 2 10
left_child=-1 -2 3 -3 -5
right_child=1 2 -4 4 -6
leaf_value=-0.016048912297511108 0.029917502996172025 0.012665141464997101 0.013144356587031281 -0.022554340553050847 0.0099331822616362461
leaf_weight=28.685040004551411 6.0809957534074774 4.0106805600225952 9.759616941213606 18.09449049457908 3.6163818761706343
leaf_count=378 53 25 54 119 21
internal_value=-0.00446871 0.00438876 -0.00314135 -0.0104543 -0.0162965
internal_weight=70.2472 41.5622 35.4812 25.7216 21.7109
internal_count=650 272 219 165 140
is_linear=0
shrinkage=0.05


Tree=56
num_leaves=6
num_cat=0
split_feature=6 0 5 4 6
split_gain=4.25547 1.77192 2.34035 1.39017 2.76873
threshold=14732.922142857145 13.500000000000002 0.25308830257739828 13.708333333333334 18942.462500000005
decision_type=8 2 10 10 10
left_child=-1 2 -2 4 -3
right_child=1 3 -4 -5 -6
leaf_value=-0.021841007350700103 0.014027782709174581 0.02123292988374513 -0.014336112381871028 0.022447807190906367 -0.0093271719211799105
leaf_weight=9.5107269287109357 7.3844247423112419 7.5356569699943092 12.955356851220129 18.030464746057987 13.484874475747345
leaf_count=154 64 93 112 122 90
internal_value=0.00284335 0.00818528 -0.00330247 0.0138644 0.0036032
internal_weight=68.9015 59.3908 20.3398 39.051 21.0205
internal_count=635 481 176 305 183
is_linear=0
shrinkage=0.05


Tree=57
num_leaves=6
num_cat=0
split_feature=6 6 4 1 2
split_gain=3.57014 3.06559 2.37439 2.36756 1.78145
threshold=17686.041000000001 19349.991666666669 20.583333333333339 1.5000000000000002 2.5000000000000004
decision_type=10 10 10 2 2
left_child=3 2 -2 -1 -3
right_child=1 4 -4 -5 -6
leaf_value=-0.022856378501916921 0.041561850465982167 0.0095961044542428806 -0.0068888739235453524 0.0039805048085009755 -0.010458656259369183
leaf_weight=16.069968923926357 4.7209391668438903 21.326240707188845 1.7271359637379644 11.362103465944527 14.167140156030653
leaf_count=237 35 136 20 131 82
internal_value=-8.88636e-05 0.00873097 0.0312435 -0.0128408 0.00128828
internal_weight=69.3735 41.9415 6.44808 27.4321 35.4934
internal_count=641 273 55 368 218
is_linear=0
shrinkage=0.05


Tree=58
num_leaves=6
num_cat=0
split_feature=6 3 7 6 5
split_gain=2.62516 1.34216 1.23614 3.59696 2.00184
threshold=14223.837500000003 234839.18500000003 0.39676218949257858 19349.991666666669 0.29631255487269542
decision_type=8 2 10 10 8
left_child=-1 2 3 -2 -4
right_child=1 -3 4 -5 -6
leaf_value=-0.01890877464747211 0.010737074730508821 -0.0146330258944023 -0.0092098423411749904 -0.021498269404452843 0.021152643163069404
leaf_weight=7.0829617716372004 24.46481425315142 2.3981084525585166 3.7874076515436199 7.269857231527566 21.398942448198795
leaf_count=131 271 15 18 85 94
internal_value=0.00270764 0.00655801 0.00856029 0.00143149 0.0158176
internal_weight=66.4021 59.3191 56.921 31.7347 25.1864
internal_count=614 483 468 356 112
is_linear=0
shrinkage=0.05


Tree=59
num_leaves=6
num_cat=0
split_feature=5 7 6 6 2
split_gain=2.51223 2.15658 2.50055 1.87347 1.37821
threshold=0.25308830257739828 0.84558694978598992 60498.541666666679 41831.416666666679 4.5000000000000009
decision_type=8 8 10 10 2
left_child=-1 4 3 -3 -2
right_child=1 2 -4 -5 -6
leaf_value=0.017666409751065381 -0.017891211576044296 -0.0034771314841190257 -0.016020177388903923 0.025985070625101553 0.0009549039760258102
leaf_weight=7.6304757371544829 29.53527582809329 7.284641586244109 4.9956084787845603 8.3901272714138013 12.812709785997866
leaf_count=76 323 58 25 35 130
internal_value=-0.00307522 -0.00670072 0.0056523 0.0147633 -0.0126905
internal_weight=70.6488 63.0184 20.6704 15.6748 42.348
internal_count=647 571 118 93 453
is_linear=0
shrinkage=0.05


Tree=60
num_leaves=6
num_cat=0
split_feature=6 3 5 7 5
split_gain=1.91566 2.03265 2.5105 2.43357 2.43783
threshold=14223.837500000003 72281.760000000024 2.6295454545454553 0.4076762139095747 0.24291896144767902
decision_type=10 2 10 10 8
left_child=-1 2 3 4 -2
right_child=1 -3 -4 -5 -6
leaf_value=-0.01612652560848991 0.017757756933530194 -0.0047350972052266106 0.034293624731236413 0.017542722736507442 -0.017976923598118415
leaf_weight=8.8740356005728227 2.192034345120196 28.688858706504107 4.7512461915612212 10.759219609200953 11.761372182518244
leaf_count=165 25 197 38 46 153
internal_value=0.000749745 0.00439794 0.0126875 0.0034617 -0.00915949
internal_weight=67.0268 58.1527 29.4639 24.7126 13.9534
internal_count=624 459 262 224 178
is_linear=0
shrinkage=0.05


Tree=61
num_leaves=6
num_cat=0
split_feature=7 5 5 3 3
split_gain=2.05596 2.9677 1.76458 1.67717 3.03654
threshold=0.32770377514761756 2.6295454545454553 0.24291896144767902 70304.035000000018 82299.520000000004
decision_type=8 10 8 2 2
left_child=1 2 -1 -4 -5
right_child=-2 -3 3 4 -6
leaf_value=0.0061800540240270581 0.0074347786156296995 0.013459960908682997 -0.030482271576311799 0.017612345198639343 -0.021008702641706373
leaf_weight=5.1564199551939991 32.025826673954725 7.4201549366116515 12.650913476943972 4.7975076846778375 5.7182174474000931
leaf_count=65 188 76 202 44 59
internal_value=-0.0011741 -0.00885342 -0.0158416 -0.0209702 -0.00339132
internal_weight=67.769 35.7432 28.3231 23.1666 10.5157
internal_count=634 446 370 305 103
is_linear=0
shrinkage=0.05


Tree=62
num_leaves=6
num_cat=0
split_feature=5 7 5 7 3
split_gain=1.83132 2.63158 3.23502 2.23819 1.91877
threshold=0.56527693244065735 0.4076762139095747 0.24291896144767902 0.98754391646595452 45910.370000000003
decision_type=10 8 8 8 2
left_child=1 2 -1 -3 -2
right_child=4 3 -4 -5 -6
leaf_value=0.0081730154099521717 -0.0092173653518666902 0.025135048691917541 -0.031311276474834747 -0.005303141198636013 0.015452453331895478
leaf_weight=5.6017681509256372 6.5140251517295829 5.1752262786030796 8.8031568266451359 11.553396061062811 30.547819551080465
leaf_count=69 102 25 132 76 228
internal_value=0.00362859 -0.00491444 -0.0178071 0.00773035 0.0105362
internal_weight=68.1954 31.1335 14.4049 16.7286 37.0618
internal_count=632 302 201 101 330
is_linear=0
shrinkage=0.05


Tree=63
num_leaves=6
num_cat=0
split_feature=6 6 7 3 3
split_gain=2.40846 2.83476 2.3238 2.71736 1.42677
threshold=14732.922142857145 15443.461805555557 0.34229851765090513 157129.095 49062.450000000004
decision_type=10 10 10 2 2
left_child=-1 -2 4 -4 -3
right_child=1 2 3 -5 -6
leaf_value=-0.018274819673693276 0.029257475760162278 -0.026774255693031268 0.015278137138872015 -0.015747011972056298 -0.002421186288236751
leaf_weight=10.980026949197052 4.119920950382947 4.8824758715927628 22.926058217883114 4.9928699806332579 18.329807158559561
leaf_count=193 44 80 105 27 183
internal_value=-0.00108081 0.00356914 -0.000922507 0.00818071 -0.0113809
internal_weight=66.2312 55.2511 51.1312 27.9189 23.2123
internal_count=632 439 395 132 263
is_linear=0
shrinkage=0.05


Tree=64
num_leaves=6
num_cat=0
split_feature=6 5 3 0 3
split_gain=2.92299 2.09895 2.77676 3.12606 2.40984
threshold=14732.922142857145 3.9342105263157898 123900.31000000001 6.5000000000000009 157129.095
decision_type=8 10 2 2 2
left_child=-1 2 3 -2 -4
right_child=1 -3 4 -5 -6
leaf_value=-0.019908731972042536 0.01685077747790964 0.025660457668950476 0.031464059435733015 -0.012032695100361908 -0.0048804650553155573
leaf_weight=8.7942255772650224 7.7155647650361052 5.7380357384681693 6.6460493803024274 32.870349057018757 5.5723435431718826
leaf_count=157 67 41 34 303 31
internal_value=0.00102764 0.0054918 0.00127013 -0.00529583 0.0182848
internal_weight=67.3366 58.5423 52.8043 40.5859 12.2184
internal_count=633 476 435 370 65
is_linear=0
shrinkage=0.05


Tree=65
num_leaves=6
num_cat=0
split_feature=6 6 4 1 4
split_gain=2.80839 1.41396 2.83888 1.86493 1.29182
threshold=14732.922142857145 15153.531666666668 14.550000000000002 1.0000000180025095e-35 20.125000000000004
decision_type=10 8 8 2 8
left_child=-1 -2 -3 -4 -5
right_child=1 2 3 4 -6
leaf_value=-0.020393356170698502 0.024286394588923864 -0.017162083284385399 0.017210402902483917 0.0087167899487742423 -0.010367779055240037
leaf_weight=10.504999611526726 2.1730333194136611 11.769333586096762 17.661136906594038 11.216219462454321 14.812221832573412
leaf_count=188 21 112 117 72 132
internal_value=-0.00141976 0.00339064 0.000631094 0.00669449 -0.00206441
internal_weight=68.1369 57.6319 55.4589 43.6896 26.0284
internal_count=642 454 433 321 204
is_linear=0
shrinkage=0.05


Tree=66
num_leaves=6
num_cat=0
split_feature=6 3 3 6 3
split_gain=1.87442 2.03714 2.25491 2.142 2.11513
threshold=16392.350833333338 157129.095 46855.095000000008 72117.155000000013 19409.02
decision_type=8 2 2 10 2
left_child=-1 2 4 -4 -2
right_child=1 -3 3 -5 -6
leaf_value=-0.0091543057960417357 0.015168795287857162 -0.011775185155119709 0.021140498491090627 -0.011607043287328285 -0.02081087866098973
leaf_weight=18.324126271530986 2.274110220372676 6.806581236422061 30.492306899279356 2.5732651390135279 5.3873513005673885
leaf_count=261 38 38 208 16 60
internal_value=0.00287972 0.00794856 0.012172 0.0174021 -0.00835847
internal_weight=65.8577 47.5336 40.727 33.0656 7.66146
internal_count=621 360 322 224 98
is_linear=0
shrinkage=0.05


Tree=67
num_leaves=6
num_cat=0
split_feature=6 3 3 3 3
split_gain=1.26905 1.89397 2.92636 2.20137 1.81336
threshold=17613.454642857145 73928.195000000022 46855.095000000008 88406.365000000005 108846.90500000001
decision_type=8 2 2 2 2
left_child=-1 2 -2 -3 -5
right_child=1 3 -4 4 -6
leaf_value=-0.0081596053526399228 -0.0075886450729567888 -0.02485204408854285 0.024565478806201108 0.022896137568588631 -0.0053182153137923396
leaf_weight=23.03818753734231 8.0649895444512385 4.2988613881170776 14.771340094506739 3.507688686251643 13.211140140891073
leaf_count=310 95 31 99 20 70
internal_value=0.000342361 0.00518675 0.0138864 -0.0051178 0.00450956
internal_weight=66.8922 43.854 22.8363 21.0177 16.7188
internal_count=625 315 194 121 90
is_linear=0
shrinkage=0.05


Tree=68
num_leaves=6
num_cat=0
split_feature=0 0 7 7 2
split_gain=3.16237 3.08949 2.61656 1.9542 1.54476
threshold=27.500000000000004 72.500000000000014 0.84558694978598992 0.72379218214820873 2.5000000000000004
decision_type=2 2 10 10 2
left_child=4 2 -2 -3 -1
right_child=1 3 -4 -5 -6
leaf_value=0.0063723238574585799 0.0035832338212544203 0.0087262011474799877 0.036757336692829455 -0.028737359751779459 -0.014443777914796211
leaf_weight=8.7586318012326938 14.381309170275932 3.1672111228108397 6.8663679212331763 2.5906309485435486 29.65227210521698
leaf_count=83 153 51 29 11 296
internal_value=-0.000767966 0.0112093 0.0192636 -0.013652 -0.00950994
internal_weight=65.4164 27.0055 21.2477 5.75784 38.4109
internal_count=623 244 182 62 379
is_linear=0
shrinkage=0.05


Tree=69
num_leaves=6
num_cat=0
split_feature=4 5 4 7 7
split_gain=2.27807 2.45805 1.71322 2.62626 2.33816
threshold=13.225000000000001 4.9666666666666677 34.250000000000007 0.34229851765090513 0.80954569749854066
decision_type=8 10 8 8 8
left_child=1 -1 -2 -4 -5
right_child=2 -3 3 4 -6
leaf_value=-0.021253843322256102 0.015697247564955216 0.012182764507836088 -0.024000072617323995 0.028778508042316714 -0.0048849937449256054
leaf_weight=10.02618710324168 33.283570725470781 4.6397439613938323 4.1520756091922548 3.3353789001703236 10.515795469284058
leaf_count=120 280 42 89 17 71
internal_value=0.00484063 -0.0102678 0.00968933 -0.00241554 0.00870424
internal_weight=65.9528 14.6659 51.2868 18.0032 13.8512
internal_count=619 162 457 177 88
is_linear=0
shrinkage=0.05


Tree=70
num_leaves=6
num_cat=0
split_feature=5 7 6 5 3
split_gain=1.54256 1.24914 2.79664 2.23662 1.74896
threshold=0.24291896144767902 0.32770377514761756 36806.120000000003 2.6295454545454553 49062.450000000004
decision_type=8 8 10 10 2
left_child=-1 3 -3 -2 -5
right_child=1 2 -4 4 -6
leaf_value=0.015363195674317202 -0.017175066475440318 0.018988707846203774 -0.0085023083413330505 -0.010409096346955459 0.022514896866738267
leaf_weight=7.3238566927611819 22.973437761887912 10.915579296648504 17.46103336289525 3.3191171213984481 4.0103973858058453
leaf_count=73 314 81 87 40 35
internal_value=-0.000895626 -0.00397186 0.00333304 -0.0103156 0.00943052
internal_weight=66.0034 58.6796 28.3766 30.303 7.32951
internal_count=630 557 168 389 75
is_linear=0
shrinkage=0.05


Tree=71
num_leaves=6
num_cat=0
split_feature=4 4 4 3 6
split_gain=2.2633 3.45302 2.20085 1.72758 1.63337
threshold=14.29166666666667 20.125000000000004 3.3750000000000004 222567.27000000005 24527.022500000003
decision_type=10 10 8 2 10
left_child=2 3 -1 4 -2
right_child=1 -3 -4 -5 -6
leaf_value=0.017887528284391854 0.0075621399411645515 -0.0062324929333005576 -0.013978212462935192 -0.0076913871625201129 0.040809010435224474
leaf_weight=2.1045569442212608 10.13687762245536 18.846775569021702 26.215145068243146 2.2050974741578093 5.580366536974906
leaf_count=19 98 200 277 12 24
internal_value=0.000470124 0.00819264 -0.00928126 0.0214125 0.0263665
internal_weight=65.0888 36.7691 28.3197 17.9223 15.7172
internal_count=630 334 296 134 122
is_linear=0
shrinkage=0.05


Tree=72
num_leaves=6
num_cat=0
split_feature=6 3 3 3 6
split_gain=0.959597 1.3528 2.37081 1.83481 1.52186
threshold=72117.155000000013 49062.450000000004 29870.060000000001 72871.880000000019 16134.084464285716
decision_type=10 2 2 2 10
left_child=1 2 -1 4 -3
right_child=-2 3 -4 -5 -6
leaf_value=0.0086838456279633401 -0.017699749950708516 -0.0040369409197770602 -0.022974093302411257 -0.0037890518086288899 0.02161295586155184
leaf_weight=7.0011592805385581 2.612374071031808 6.2192909941077259 8.2940365895628911 24.359344806522131 14.801633454859255
leaf_count=110 16 78 120 187 108
internal_value=-0.000944578 0.00106941 -0.00991379 0.00538775 0.0147066
internal_weight=63.2878 60.6755 15.2952 45.3803 21.0209
internal_count=619 603 230 373 186
is_linear=0
shrinkage=0.05


Tree=73
num_leaves=6
num_cat=0
split_feature=6 6 6 6 5
split_gain=2.38863 2.66763 2.67196 2.58213 1.59229
threshold=14223.837500000003 28338.560000000001 51908.0985 58976.040000000008 2.6295454545454553
decision_type=8 10 10 8 8
left_child=-1 4 -3 -4 -2
right_child=1 2 3 -5 -6
leaf_value=-0.020432872171697133 0.0037036640877151023 -0.021296156096918175 0.024724508132320182 -0.0090889177170533197 0.0253075090451872
leaf_weight=6.1956924945116034 23.113336615264416 11.008712373673918 5.2288916856050465 8.4703714102506638 10.819065339863299
leaf_count=131 244 63 24 48 116
internal_value=0.000934367 0.00461991 -0.00708398 0.00697745 0.0129574
internal_weight=64.8361 58.6404 24.708 13.6993 33.9324
internal_count=626 495 135 72 360
is_linear=0
shrinkage=0.05


Tree=74
num_leaves=6
num_cat=0
split_feature=5 5 5 7 5
split_gain=1.58893 1.60302 1.30954 1.7583 2.18471
threshold=0.62145593869731808 0.14400921658986177 0.74190564292321926 0.76889483042689244 2.6295454545454553
decision_type=8 10 8 8 10
left_child=1 -1 -2 4 -4
right_child=2 -3 3 -5 -6
leaf_value=0.009836303620360384 0.024664765960099779 -0.01703859682121811 -0.01415274248965601 0.012311863845019705 0.011040503947399496
leaf_weight=3.9162039011716869 2.1676785033196202 15.401303505524991 19.687478907406334 17.046938940882683 8.7793781459331495
leaf_count=38 26 162 233 95 85
internal_value=-0.000124215 -0.0106881 0.0047638 0.0014684 -0.00589432
internal_weight=66.999 19.3175 47.6815 45.5138 28.4669
internal_count=639 200 439 413 318
is_linear=0
shrinkage=0.05


Tree=75
num_leaves=6
num_cat=0
split_feature=5 3 1 5 6
split_gain=1.87968 2.46899 2.99327 2.76946 2.61682
threshold=1.2330316742081451 62666.760000000009 1.5000000000000002 0.69631555153707059 17268.668666666672
decision_type=8 2 2 10 10
left_child=1 2 -1 -3 -5
right_child=-2 3 -4 4 -6
leaf_value=-0.028750273454829639 -0.012452893642135603 -0.0021959630922954595 0.013303453418412006 0.048069685971046404 -0.00018673092617891654
leaf_weight=5.5502475518733281 36.506629794836044 13.723158139735462 3.2735475450754166 2.4819801524281493 4.4367162138223648
leaf_count=107 328 108 41 26 27
internal_value=-0.00554237 0.00358395 -0.0139799 0.012354 0.030028
internal_weight=65.9723 29.4656 8.8238 20.6419 6.9187
internal_count=637 309 148 161 53
is_linear=0
shrinkage=0.05


Tree=76
num_leaves=6
num_cat=0
split_feature=7 5 4 3 7
split_gain=2.36432 1.1262 1.88757 2.27722 0.943388
threshold=0.79018779174892473 0.71714285714285719 15.900000000000002 45910.370000000003 0.41617467522104123
decision_type=8 8 10 2 10
left_child=4 -2 3 -3 -1
right_child=1 2 -4 -5 -6
leaf_value=-0.0014251326911770661 -0.0050552906946997678 0.021097417591157231 0.032621712177788587 -0.012693470918476953 -0.018124487740395347
leaf_weight=36.968876227736473 4.4756004959344891 3.623112156987192 6.0556698143482199 6.894931972026825 6.3745215833187094
leaf_count=469 21 37 25 31 34
internal_value=0.00112003 0.0131938 0.0181514 0.00199364 -0.00550165
internal_weight=64.3927 21.0493 16.5737 10.518 43.3434
internal_count=617 114 93 68 503
is_linear=0
shrinkage=0.05


Tree=77
num_leaves=6
num_cat=0
split_feature=3 3 4 4 4
split_gain=2.85317 2.485 2.0411 2.64155 1.86448
threshold=49062.450000000004 64292.160000000011 16.625000000000004 20.125000000000004 9.7083333333333339
decision_type=2 2 10 10 8
left_child=-1 -2 4 -4 -3
right_child=1 2 3 -5 -6
leaf_value=-0.012777654177157574 0.024042346824049359 0.0094870549707960217 0.027431534781071416 -0.0048204535365675575 -0.017783883716225728
leaf_weight=15.665997814387081 13.485859818756579 5.7897460423409965 7.5772825479507473 10.30178554356098 12.870530709624289
leaf_count=247 118 52 46 63 113
internal_value=0.00334113 0.00909132 0.0013435 0.0118559 -0.00910575
internal_weight=65.6912 50.0252 36.5393 17.8791 18.6603
internal_count=639 392 274 109 165
is_linear=0
shrinkage=0.05


Tree=78
num_leaves=6
num_cat=0
split_feature=6 1 6 5 5
split_gain=1.20532 1.29263 1.09629 1.44337 1.17368
threshold=14223.837500000003 1.0000000180025095e-35 15360.210000000001 0.91537359751730729 0.29631255487269542
decision_type=8 2 10 8 10
left_child=-1 -2 -3 4 -4
right_child=1 2 3 -5 -6
leaf_value=-0.013196774469971443 0.012654453470016386 0.013883198938259275 -0.0093347714949008117 -0.016351557299432037 0.011079628702600505
leaf_weight=5.4334337618201962 26.033551767468452 4.6727099828422061 7.1212007813155713 11.016858946532009 12.410329256206749
leaf_count=119 205 49 57 93 116
internal_value=0.0028898 0.00520494 -0.00118995 -0.00512398 0.00325097
internal_weight=66.6881 61.2547 35.2211 30.5484 19.5315
internal_count=639 520 315 266 173
is_linear=0
shrinkage=0.05


Tree=79
num_leaves=6
num_cat=0
split_feature=6 4 6 7 6
split_gain=1.52863 2.07608 1.7114 1.90347 2.66791
threshold=16392.350833333338 3.3750000000000004 19349.991666666669 0.93379216048140179 55212.078333333346
decision_type=8 8 8 8 10
left_child=1 -1 -2 4 -4
right_child=2 -3 3 -5 -6
leaf_value=0.017142053362060809 0.018233630562547412 -0.016677361925060346 -0.020401105966301472 0.0099494429662527004 0.012644440347031667
leaf_weight=1.5025103315711046 12.322374552488325 15.262114446610211 13.496573314070703 16.667302407324314 5.0957490876317015
leaf_count=13 120 236 113 101 32
internal_value=0.00079715 -0.0104046 0.00535795 -0.000847446 -0.0105838
internal_weight=64.3466 16.7646 47.582 35.2596 18.5923
internal_count=615 249 366 246 145
is_linear=0
shrinkage=0.05


Tree=80
num_leaves=6
num_cat=0
split_feature=7 1 4 4 4
split_gain=1.1546 1.78092 1.4938 2.36585 1.86812
threshold=0.65365040916899597 1.5000000000000002 20.125000000000004 16.625000000000004 9.7083333333333339
decision_type=8 2 10 10 10
left_child=1 -1 3 4 -3
right_child=-2 2 -4 -5 -6
leaf_value=-0.01613937812353881 0.0033084691599861282 0.01489861522338101 -0.015020519141077016 0.030624220182242215 -0.01703857072775496
leaf_weight=27.522928435355425 24.903246909379959 3.1830498203635198 3.0732898153364649 3.3319644704461089 5.7644204646348953
leaf_count=348 136 36 37 30 65
internal_value=-0.00485807 -0.00945155 0.0035573 0.0112079 -0.00440899
internal_weight=67.7789 42.8757 15.3527 12.2794 8.94747
internal_count=652 516 168 131 101
is_linear=0
shrinkage=0.05


Tree=81
num_leaves=6
num_cat=0
split_feature=7 6 2 0 5
split_gain=2.90569 3.3457 2.34459 2.32709 2.10218
threshold=0.38759215325880275 19349.991666666669 2.5000000000000004 13.500000000000002 1.2712842712842713
decision_type=10 8 2 2 10
left_child=1 3 -2 -1 -5
right_child=2 -3 -4 4 -6
leaf_value=-0.010453916961891052 0.024405895402997597 -0.025576038782830015 -0.0020753737152658359 0.030852234731164715 -0.00066774381516113471
leaf_weight=12.198034513741733 15.869612358510496 9.1984586454927904 12.730163231492041 5.1273432523012152 10.642522109672425
leaf_count=159 71 133 66 83 121
internal_value=0.00327309 -0.00571359 0.0140639 0.00370722 0.0145406
internal_weight=65.7661 37.1664 28.5998 27.9679 15.7699
internal_count=633 496 137 363 204
is_linear=0
shrinkage=0.05


Tree=82
num_leaves=6
num_cat=0
split_feature=3 3 3 7 0
split_gain=1.7007 1.65876 2.77607 1.98013 4.33755
threshold=88406.365000000005 73928.195000000022 71515.35000000002 0.53431517358117786 59.500000000000007
decision_type=2 2 2 8 2
left_child=1 2 3 -1 -5
right_child=-2 -3 -4 4 -6
leaf_value=-0.012572610440930155 0.010505627336859136 -0.02044428837115838 0.027799838007545354 0.030709155528213478 -0.016971829250444641
leaf_weight=23.103618992492557 21.006467971950769 8.2262776941061002 2.6073373220860949 5.2471705675125104 4.5543031543493271
leaf_count=335 141 72 17 22 44
internal_value=0.000193379 -0.00532897 0.000263496 -0.00529765 0.0103049
internal_weight=64.7452 43.7387 35.5124 32.9051 9.80147
internal_count=631 490 418 401 66
is_linear=0
shrinkage=0.05


Tree=83
num_leaves=6
num_cat=0
split_feature=4 1 6 7 4
split_gain=2.56495 1.72159 1.9844 1.65765 2.12757
threshold=13.225000000000001 2.5000000000000004 12630.070000000002 0.98754391646595452 34.250000000000007
decision_type=10 2 10 10 10
left_child=-1 2 -2 4 -4
right_child=1 -3 3 -5 -6
leaf_value=-0.0091058671932233489 -0.014596349584340185 -0.013833404914275128 0.024963953571521584 -0.0079148051992283391 -0.0080965730739028866
leaf_weight=26.261748874559999 1.9383428059518326 2.7029867582023135 25.096818419173367 3.365389257669448 3.3404437005519858
leaf_count=279 52 25 207 15 40
internal_value=0.00184767 0.00988716 0.0133275 0.0167813 0.0204504
internal_weight=62.7057 36.444 33.741 31.8027 28.4373
internal_count=618 339 314 262 247
is_linear=0
shrinkage=0.05


Tree=84
num_leaves=6
num_cat=0
split_feature=4 1 4 4 4
split_gain=1.20015 2.41942 2.31433 1.19878 1.02104
threshold=13.225000000000001 2.5000000000000004 8.9285714285714306 30.750000000000004 51.500000000000007
decision_type=10 2 10 10 10
left_child=2 3 -1 -2 -5
right_child=1 -3 -4 4 -6
leaf_value=0.0056579141279144429 0.018471413716277731 -0.018148556843103649 -0.021552641051893067 -0.011758039531717486 0.013030718277910023
leaf_weight=22.558100961148742 28.041361179202795 2.3029271177947512 5.9733616840094319 5.3212778549641362 2.0453037954866886
leaf_count=219 244 22 82 65 16
internal_value=0.00516051 0.0104945 -0.00240322 0.0143726 -0.00238972
internal_weight=66.2423 37.7109 28.5315 35.4079 7.36658
internal_count=648 347 301 325 81
is_linear=0
shrinkage=0.05


Tree=85
num_leaves=6
num_cat=0
split_feature=0 2 6 5 6
split_gain=2.52146 2.44754 2.41971 2.14833 2.13657
threshold=27.500000000000004 4.5000000000000009 17686.041000000001 1.2330316742081451 55212.078333333346
decision_type=2 2 8 10 10
left_child=1 4 -2 -3 -1
right_child=2 3 -4 -5 -6
leaf_value=-0.01993205298996048 -0.00905448851520845 0.020436010616622535 0.020282839379325856 -0.01370236194739053 0.0097431347973043845
leaf_weight=20.21064932085574 6.3614885509014156 8.7802787423133832 20.795813210308552 2.7876882664859286 4.6450492404401293
leaf_count=233 95 85 145 34 23
internal_value=0.00272258 -0.00563984 0.0130714 0.0105568 -0.0136834
internal_weight=63.581 36.4237 27.1573 11.568 24.8557
internal_count=615 375 240 119 256
is_linear=0
shrinkage=0.05


Tree=86
num_leaves=6
num_cat=0
split_feature=0 5 4 1 5
split_gain=1.67464 2.87819 1.58171 2.66038 2.40448
threshold=5.5000000000000009 0.5685736677115989 13.708333333333334 2.5000000000000004 12.083333333333334
decision_type=2 8 8 2 8
left_child=-1 -2 3 4 -3
right_child=1 2 -4 -5 -6
leaf_value=0.014104529059300437 -0.025974429165966567 -0.03081023721394226 0.0061294955612269178 0.018504773247876041 0.010476145328910837
leaf_weight=9.4574002064764482 7.7120644953101865 7.8245519530028078 34.744595753028989 1.452050358057021 2.0524468012154111
leaf_count=93 89 100 301 17 17
internal_value=-0.00123838 -0.00490639 0.000817702 -0.0123615 -0.0215934
internal_weight=63.2431 53.7857 46.0736 11.329 9.877
internal_count=617 524 435 134 117
is_linear=0
shrinkage=0.05


Tree=87
num_leaves=6
num_cat=0
split_feature=5 4 4 6 7
split_gain=2.18412 2.04932 2.04219 1.37628 2.0188
threshold=0.79016580903373368 16.625000000000004 20.583333333333339 16134.084464285716 0.72379218214820873
decision_type=8 10 10 10 8
left_child=1 -1 -3 -4 -5
right_child=-2 2 3 4 -6
leaf_value=-0.010628039466123521 -0.0089618915170476023 0.033312092467790974 -0.01491247932475292 0.023757359572767027 -0.011340532223257234
leaf_weight=5.9482493884861496 41.774146879091859 5.0112366341054466 3.1896668076515189 5.0464311037212584 3.0500881820917138
leaf_count=61 387 40 63 61 14
internal_value=-0.00256147 0.00889657 0.0168448 0.00155077 0.0112537
internal_weight=64.0198 22.2457 16.2974 11.2862 8.09652
internal_count=626 239 178 138 75
is_linear=0
shrinkage=0.05


Tree=88
num_leaves=6
num_cat=0
split_feature=5 6 6 4 4
split_gain=2.34696 1.43428 1.10245 2.29238 2.85557
threshold=2.2450000000000006 14732.922142857145 68814.737500000003 31.250000000000004 19.166666666666668
decision_type=10 10 8 10 10
left_child=2 -2 3 4 -1
right_child=1 -3 -4 -5 -6
leaf_value=-0.011521642326348587 -0.0088201998596990402 0.02189283298567446 0.0092306773555273086 -0.029439006976927026 0.013359163542798275
leaf_weight=26.759252268821001 2.0712030660361043 9.7919556200504285 6.2839623242616645 5.4627839960157862 13.239191165193914
leaf_count=257 36 76 58 72 127
internal_value=-0.000942238 0.0155053 -0.00574699 -0.00852679 -0.00271695
internal_weight=63.6083 11.8632 51.7452 45.4612 39.9984
internal_count=626 112 514 456 384
is_linear=0
shrinkage=0.05


Tree=89
num_leaves=6
num_cat=0
split_feature=5 5 3 4 3
split_gain=1.24909 1.32294 1.48689 2.17943 1.87229
threshold=0.25308830257739828 0.70710784313725505 108428.75500000002 18.416666666666668 56923.405000000006
decision_type=8 10 2 8 2
left_child=-1 -2 4 -4 -3
right_child=1 2 3 -5 -6
leaf_value=0.014425227690694651 -0.010973954500185094 -0.0056655775855405793 -0.023689908178008579 0.011171917329549417 0.019415530119292427
leaf_weight=6.9198053851723662 24.500705098733306 9.5651409663260001 5.3982342518866036 3.9249671548604974 13.141079768538473
leaf_count=72 247 122 43 17 114
internal_value=-0.000419562 -0.00326125 0.0033237 -0.0102368 0.00973423
internal_weight=63.4499 56.5301 32.0294 9.3232 22.7062
internal_count=615 543 296 60 236
is_linear=0
shrinkage=0.05


Tree=90
num_leaves=6
num_cat=0
split_feature=3 4 4 4 3
split_gain=2.03958 2.52388 1.41907 1.38638 1.34255
threshold=65185.455000000009 16.625000000000004 9.7083333333333339 20.583333333333339 62666.760000000009
decision_type=2 10 8 8 2
left_child=4 2 -2 -3 -1
right_child=1 3 -4 -5 -6
leaf_value=0.0038421034242880313 0.0025205777861068614 0.018691334299614698 -0.023393755762945584 -0.0054815649160511806 0.028376824275264889
leaf_weight=26.435354288667444 6.0766339413821724 7.0169396027922604 13.977120999246834 8.3048325069248676 2.8896890282630912
leaf_count=338 53 39 121 53 24
internal_value=0.00115231 -0.00654717 -0.0166054 0.00746398 0.0100411
internal_weight=64.7006 35.3755 20.0538 15.3218 29.325
internal_count=628 266 174 92 362
is_linear=0
shrinkage=0.05


Tree=91
num_leaves=6
num_cat=0
split_feature=0 4 4 4 0
split_gain=1.17867 1.63193 1.33025 2.34559 2.93778
threshold=4.5000000000000009 22.833333333333339 21.708333333333339 30.750000000000004 15.000000000000002
decision_type=2 10 10 8 2
left_child=1 -1 -2 4 -4
right_child=2 -3 3 -5 -6
leaf_value=0.025967727701158086 -0.0045927088825471613 -0.0080930237425134895 -0.0096090884564257809 -0.0070818843555825392 0.041556971399902241
leaf_weight=5.1783920377492896 46.917675891891122 2.4914931058883667 1.895496502518651 6.5949260983616123 3.2519486267119646
leaf_count=48 431 24 21 73 35
internal_value=0.00224016 0.016076 -0.000689446 0.0116204 0.0272647
internal_weight=66.3299 7.66989 58.66 11.7424 5.14745
internal_count=632 72 560 129 56
is_linear=0
shrinkage=0.05


Tree=92
num_leaves=6
num_cat=0
split_feature=2 7 7 7 4
split_gain=1.85566 2.65583 3.02163 2.15771 2.14335
threshold=2.5000000000000004 0.26069415533008894 0.90684435022492049 0.34229851765090513 24.166666666666668
decision_type=2 10 8 8 8
left_child=3 -2 -3 4 -1
right_child=1 2 -4 -5 -6
leaf_value=0.011520313125054532 0.005258599886871107 -0.033117840730707511 0.0049025327023341668 0.020006037975193028 -0.022877859186833802
leaf_weight=4.8252431619912395 25.296321019530296 7.7669700682163212 6.9363292157650003 17.017654336988926 3.8694992158561954
leaf_count=55 303 59 31 102 97
internal_value=0.00206161 -0.00455515 -0.0184891 0.0114208 -0.0065518
internal_weight=65.712 39.9996 14.7033 25.7124 8.69474
internal_count=647 393 90 254 152
is_linear=0
shrinkage=0.05


Tree=93
num_leaves=6
num_cat=0
split_feature=4 3 4 4 4
split_gain=1.83756 2.26819 2.00747 1.32409 3.86562
threshold=30.750000000000004 108278.70500000002 17.416666666666668 21.708333333333339 17.875000000000004
decision_type=8 2 10 10 10
left_child=1 3 -3 4 -1
right_child=-2 2 -4 -5 -6
leaf_value=0.014757508464496544 -0.012012514835988773 -0.023170733904706083 0.00760988888620157 0.026102379928248643 -0.019204858367563499
leaf_weight=21.691896876320246 18.446746231988072 6.8321336619555932 6.191026508808136 6.0138180796056977 7.3809293117374173
leaf_count=212 202 59 27 75 80
internal_value=-0.000377776 0.00479426 -0.0104863 0.0110665 0.0045823
internal_weight=66.5566 48.1098 13.0232 35.0866 29.0728
internal_count=655 453 86 367 292
is_linear=0
shrinkage=0.05


Tree=94
num_leaves=6
num_cat=0
split_feature=5 6 6 7 5
split_gain=1.55567 1.83876 1.69147 1.69662 1.49055
threshold=11.142857142857144 16392.350833333338 25845.770833333339 0.14063721889974587 0.57338551859099818
decision_type=10 10 10 10 8
left_child=1 -1 3 4 -3
right_child=-2 2 -4 -5 -6
leaf_value=-0.015956339242871525 0.021126984450398539 0.015338044978438704 -0.0062617694068383516 0.027531608525703213 -0.010263893712828452
leaf_weight=17.535094415768981 1.6511849388480175 4.5403982587158689 26.580744076520205 4.6720442399382582 9.0690655075013638
leaf_count=285 13 59 144 29 95
internal_value=-0.00215204 -0.0042897 0.00141316 0.0115205 0.000103585
internal_weight=64.0485 62.3973 44.8623 18.2815 13.6095
internal_count=625 612 327 183 154
is_linear=0
shrinkage=0.05


Tree=95
num_leaves=6
num_cat=0
split_feature=3 5 3 3 0
split_gain=1.43023 3.29297 3.14962 4.33418 2.75717
threshold=73928.195000000022 1.2330316742081451 49062.450000000004 30850.790000000005 13.500000000000002
decision_type=2 8 2 2 2
left_child=2 4 3 -1 -2
right_child=1 -3 -4 -5 -6
leaf_value=0.012659244418200025 -0.0068410930397114133 -0.024017044609501888 0.016157475421006658 -0.030061312705642041 0.027308934954190286
leaf_weight=7.6498233228921872 12.532834075391298 11.60403925180435 22.773943897336721 7.0301965977996588 4.2098382264375678
leaf_count=123 99 85 198 118 23
internal_value=-0.000281951 -0.00801317 0.00582397 -0.0102391 0.0060511
internal_weight=65.8007 28.3467 37.454 14.68 16.7427
internal_count=646 207 439 241 122
is_linear=0
shrinkage=0.05


Tree=96
num_leaves=6
num_cat=0
split_feature=4 4 0 5 3
split_gain=2.76555 2.34518 2.74744 1.98783 1.58772
threshold=13.225000000000001 20.125000000000004 29.000000000000004 11.142857142857144 222567.27000000005
decision_type=10 10 2 10 2
left_child=3 4 -3 -1 -2
right_child=1 2 -4 -5 -6
leaf_value=-0.019179075277411407 0.018473621455594193 -0.018237992078041804 0.015717457976112303 0.013797520880024651 -0.011425999035412348
leaf_weight=23.910155409947041 19.789274994283918 12.847465777769687 4.4539205208420745 1.7403562143445004 1.8902454823255528
leaf_count=257 154 150 35 15 11
internal_value=-0.00372189 0.00459994 -0.00793271 -0.0150559 0.0142139
internal_weight=64.6314 38.9809 17.3014 25.6505 21.6795
internal_count=622 350 185 272 165
is_linear=0
shrinkage=0.05


Tree=97
num_leaves=6
num_cat=0
split_feature=5 5 7 2 5
split_gain=1.33169 1.78588 3.16081 2.29953 1.92929
threshold=0.79478458049886636 3.0294117647058827 0.34229851765090513 6.5000000000000009 1.422390722569135
decision_type=8 10 10 2 8
left_child=-1 2 3 -2 -4
right_child=1 -3 4 -5 -6
leaf_value=0.0094804608907562045 -0.028401114339432199 0.011809624911301546 -0.014096554596206479 0.012149198374994449 0.012881950502201228
leaf_weight=23.121669430285692 14.403111895546315 8.9142015129327756 5.3053110837936428 1.3362436965107907 14.390755813568829
leaf_count=248 223 75 26 18 69
internal_value=0.000846674 -0.00415904 -0.00913972 -0.0228594 0.00423231
internal_weight=67.4713 44.3496 35.4354 15.7394 19.6961
internal_count=659 411 336 241 95
is_linear=0
shrinkage=0.05


Tree=98
num_leaves=6
num_cat=0
split_feature=4 4 3 0 2
split_gain=1.47876 2.96088 2.04967 1.95883 1.76141
threshold=13.225000000000001 8.9285714285714306 19409.02 29.000000000000004 4.5000000000000009
decision_type=10 8 2 2 2
left_child=1 -1 -3 4 -2
right_child=3 2 -4 -5 -6
leaf_value=0.0097826037320465006 -0.011573940538491412 0.009030694382209865 -0.026874619350307855 0.016593422297837251 0.011581303813557233
leaf_weight=7.9815659709274795 20.673469519242648 2.3390986714512136 15.629071669653056 11.372928427532313 7.4532489366829386
leaf_count=80 205 50 154 89 60
internal_value=-0.00344025 -0.0116682 -0.0212521 0.00266889 -0.00461616
internal_weight=65.4494 25.9497 17.9682 39.4996 28.1267
internal_count=638 284 204 354 265
is_linear=0
shrinkage=0.05


Tree=99
num_leaves=6
num_cat=0
split_feature=0 3 3 5 3
split_gain=1.34834 1.26372 1.76623 2.26758 1.68495
threshold=6.5000000000000009 63655.68 73928.195000000022 1.2330316742081451 27639.930000000004
decision_type=2 2 2 8 2
left_child=-1 4 -3 -4 -2
right_child=1 2 3 -5 -6
leaf_value=0.012073675757634322 0.0091197285670281264 0.017133345912198051 0.010121776524676763 -0.017068262194017983 -0.017557410899399339
leaf_weight=12.297149755060671 4.4606114327907589 8.6636710837483424 9.7459818534553069 11.631741292774676 18.207945641130209
leaf_count=115 95 65 68 89 207
internal_value=-0.00018381 -0.00384177 0.00283907 -0.00510353 -0.0116086
internal_weight=65.0071 52.71 30.0414 21.3777 22.6686
internal_count=639 524 222 157 302
is_linear=0
shrinkage=0.05


Tree=100
num_leaves=6
num_cat=0
split_feature=5 2 2 3 6
split_gain=1.80792 3.17806 2.03087 1.82664 1.37576
threshold=31.000000000000004 2.5000000000000004 4.5000000000000009 29256.840000000007 16688.555833333336
decision_type=8 2 2 2 8
left_child=1 3 -3 -1 -4
right_child=-2 2 4 -5 -6
leaf_value=-0.010526669457835574 -0.015170901981254268 -0.011706080022778528 0.018775604204320784 0.026843986776500729 -0.0063490835309226463
leaf_weight=1.2607916574925173 12.781040800735353 26.032138597220182 8.0592687427997554 11.073564052581785 6.0233910940587529
leaf_count=35 130 245 95 85 49
internal_value=-0.00131338 0.00308996 -0.00416842 0.0210895 0.00918149
internal_weight=65.2302 52.4492 40.1148 12.3344 14.0827
internal_count=639 509 389 120 144
is_linear=0
shrinkage=0.05


Tree=101
num_leaves=6
num_cat=0
split_feature=4 4 2 5 5
split_gain=1.15137 2.06992 1.51165 2.27796 1.40396
threshold=13.708333333333334 15.100000000000001 5.5000000000000009 11.142857142857144 1.0441271901362754
decision_type=8 8 2 10 10
left_child=2 -2 3 -1 -4
right_child=1 -3 4 -5 -6
leaf_value=-0.026877765837264575 0.02638360578610981 0.00079654628071292109 -0.011586400559064583 0.010829389805131991 0.021867759944330635
leaf_weight=7.6875573415309173 4.715734288096427 44.216476293280721 1.351937718689441 2.6208572462201118 2.4570579528808594
leaf_count=97 34 421 19 21 32
internal_value=0.00185935 0.00547983 -0.00884068 -0.0168851 0.010157
internal_weight=63.0496 48.9322 14.1174 10.3084 3.809
internal_count=624 455 169 118 51
is_linear=0
shrinkage=0.05


Tree=102
num_leaves=6
num_cat=0
split_feature=7 0 0 6 0
split_gain=1.50521 1.96573 1.39272 1.89771 1.13995
threshold=0.14063721889974587 5.5000000000000009 27.500000000000004 25299.720000000005 72.500000000000014
decision_type=8 2 2 8 2
left_child=1 -1 -2 -4 -5
right_child=2 -3 3 4 -6
leaf_value=0.01113054877061356 -0.0042584771326493178 -0.014608150443020638 0.032503506474777032 0.010523842333197673 -0.011429441156824071
leaf_weight=5.8465226590633419 17.382576074451208 24.436796311289072 3.4383000545203712 9.575201787054537 5.0410992987453929
leaf_count=73 115 353 22 49 52
internal_value=-0.00129676 -0.00876588 0.00538073 0.013572 0.00196892
internal_weight=65.7205 30.2833 35.4372 18.0546 14.6163
internal_count=664 426 238 123 101
is_linear=0
shrinkage=0.05


Tree=103
num_leaves=6
num_cat=0
split_feature=5 7 1 4 7
split_gain=1.55023 2.65383 2.29789 2.86852 1.87684
threshold=2.6726190476190479 0.38759215325880275 1.5000000000000002 16.625000000000004 0.26069415533008894
decision_type=10 10 2 10 8
left_child=1 2 -1 -4 -2
right_child=4 -3 3 -5 -6
leaf_value=-0.025696876000791444 0.022554786884056398 0.0049971661979474474 -0.017498411411785077 0.017871587915782236 -0.011177514445198558
leaf_weight=16.301685038954023 6.4025793522596333 25.352982915937901 6.2207439169287664 6.7263024933636189 2.7103880755603322
leaf_count=279 66 121 81 66 18
internal_value=-0.00307774 -0.00641736 -0.0155966 0.000736748 0.0121165
internal_weight=63.7147 54.6017 29.2487 12.947 9.11297
internal_count=631 547 426 147 84
is_linear=0
shrinkage=0.05


Tree=104
num_leaves=6
num_cat=0
split_feature=2 5 4 5 5
split_gain=1.34894 1.86322 1.93575 2.08598 1.80747
threshold=2.5000000000000004 0.15504807692307696 20.125000000000004 1.2330316742081451 0.5685736677115989
decision_type=2 10 10 10 10
left_child=-1 -2 3 4 -3
right_child=1 2 -4 -5 -6
leaf_value=0.0093230144547888118 0.017925175615166322 -0.005732477537518617 -0.024443281372389741 -0.013275301084227059 0.02361691641036508
leaf_weight=25.555033382028341 3.083551447838544 6.7474732547998446 7.9735704939812413 11.592527776956556 6.53056993894279
leaf_count=238 29 63 92 120 64
internal_value=0.00146431 -0.00458159 -0.00878374 -0.00051209 0.0112142
internal_weight=61.4827 35.9277 32.8441 24.8706 13.278
internal_count=606 368 339 247 127
is_linear=0
shrinkage=0.05


Tree=105
num_leaves=6
num_cat=0
split_feature=3 5 3 3 3
split_gain=1.27665 2.07105 1.48027 1.34594 1.02016
threshold=49062.450000000004 2.2450000000000006 30850.790000000005 108428.75500000002 29256.840000000007
decision_type=2 8 2 2 2
left_child=2 -2 4 -3 -1
right_child=1 3 -4 -5 -6
leaf_value=-0.0055005627180693458 -0.0017759389681868559 0.023180998863690589 -0.020503166331717542 -0.0069053297970526192 0.020044152881149399
leaf_weight=6.3949161078780872 35.726169677451253 12.835180345922707 7.3795749228447676 2.2648645155131808 1.2696771584451196
leaf_count=115 307 90 121 16 12
internal_value=0.00141265 0.0052116 -0.0095204 0.0180731 0.00497386
internal_weight=65.8704 50.8262 15.0442 15.1 7.66459
internal_count=661 413 248 106 127
is_linear=0
shrinkage=0.05


Tree=106
num_leaves=6
num_cat=0
split_feature=6 4 4 6 4
split_gain=1.65946 1.48481 1.27237 1.10577 0.817575
threshold=14860.967500000002 30.750000000000004 39.250000000000007 56603.492916666677 54.500000000000007
decision_type=8 8 8 8 8
left_child=-1 3 -3 -2 -4
right_child=1 2 4 -5 -6
leaf_value=-0.016183945340695081 0.01195106991939188 -0.021324674944020811 0.016375639434718075 -0.011151044238772528 -0.0039342569854419638
leaf_weight=7.3904392905533305 34.040473997592926 3.9358730092644718 1.8071195650845737 1.9903950244188298 13.674035627394915
leaf_count=144 285 34 17 14 128
internal_value=0.000523995 0.0039054 -0.00624778 0.00947153 0.00185549
internal_weight=62.8383 55.4479 19.417 36.0309 15.4812
internal_count=622 478 179 299 145
is_linear=0
shrinkage=0.05


Tree=107
num_leaves=6
num_cat=0
split_feature=5 5 6 6 6
split_gain=1.20225 1.54448 1.48894 1.61913 1.89866
threshold=1.2330316742081451 1.0571895424836604 14999.511500000002 20925.23166666667 52142.655000000006
decision_type=10 10 10 10 10
left_child=1 2 -1 -4 -5
right_child=-2 -3 3 4 -6
leaf_value=-0.014495025969912676 -0.0067789927523342593 0.027709197436967248 0.018356939134680773 -0.013102404234340143 0.011298497716032667
leaf_weight=5.6890718583017579 21.793196056038141 2.3219940215349189 11.82807728461921 11.923326535150411 10.160476528108118
leaf_count=125 204 24 144 83 55
internal_value=0.00181593 0.00653016 0.00232121 0.00664235 -0.00186258
internal_weight=63.7161 41.9229 39.601 33.9119 22.0838
internal_count=635 431 407 282 138
is_linear=0
shrinkage=0.05


Tree=108
num_leaves=6
num_cat=0
split_feature=2 3 3 0 6
split_gain=1.76925 1.7024 2.66995 1.83113 1.09948
threshold=4.5000000000000009 72871.880000000019 56923.405000000006 16.500000000000004 17613.454642857145
decision_type=2 2 2 2 10
left_child=1 2 -1 4 -4
right_child=-2 -3 3 -5 -6
leaf_value=-0.0088326533399349389 0.013416735836209974 -0.015598577562833164 -0.01804834814747476 0.024779401057332312 0.010582822925578056
leaf_weight=19.751521915197372 13.743754666298626 15.995878927409647 2.3705227784812442 9.8351303488016111 1.7758916020393369
leaf_count=289 147 92 27 64 17
internal_value=0.000170002 -0.00438232 0.00226335 0.0161361 -0.00670402
internal_weight=63.4727 49.7289 33.7331 13.9815 4.14641
internal_count=636 489 397 108 44
is_linear=0
shrinkage=0.05


Tree=109
num_leaves=6
num_cat=0
split_feature=5 0 3 5 2
split_gain=1.38999 1.16698 1.95663 1.06802 1.58608
threshold=0.69631555153707059 3.5000000000000004 71831.85500000001 1.2553579571363431 3.5000000000000004
decision_type=10 2 2 10 2
left_child=1 -1 -3 -2 -5
right_child=3 2 -4 4 -6
leaf_value=0.01027336140975179 0.017014847816596412 0.0010379553051150011 -0.023861938107740507 0.010046787815715354 -0.01219338855734114
leaf_weight=4.036714660003784 10.401393376290796 15.844620734453203 9.9689115732908231 12.6240700352937 9.7058001626282913
leaf_count=44 105 195 72 108 98
internal_value=0.000252881 -0.00696448 -0.0108897 0.00688565 -8.22632e-05
internal_weight=62.5815 29.8502 25.8135 32.7313 22.3299
internal_count=622 311 267 311 206
is_linear=0
shrinkage=0.05


Tree=110
num_leaves=6
num_cat=0
split_feature=5 6 5 3 5
split_gain=1.94623 2.76124 2.08932 1.78325 1.64903
threshold=0.79478458049886636 16392.350833333338 1.1261363636363637 42355.865000000005 1.2330316742081451
decision_type=8 10 10 2 10
left_child=1 -1 3 -2 -4
right_child=2 -3 4 -5 -6
leaf_value=-0.012082670413322255 0.0018790911246713592 0.018933954999945095 0.022701377092174707 -0.028105985156491476 -0.0045166293936702608
leaf_weight=7.1787987928837564 6.2100546266883638 14.347799638286231 2.0276182945817736 11.685005621984599 21.96295758895576
leaf_count=118 93 121 16 93 200
internal_value=-0.00279118 0.00826257 -0.00874743 -0.0195625 0.00130232
internal_weight=63.4122 21.5266 41.8856 17.8951 23.9906
internal_count=641 239 402 186 216
is_linear=0
shrinkage=0.05


Tree=111
num_leaves=6
num_cat=0
split_feature=6 6 7 1 5
split_gain=2.04227 1.96565 2.01274 2.00389 1.55636
threshold=25845.770833333339 17892.245500000005 0.14063721889974587 1.5000000000000002 0.41938707528314462
decision_type=8 10 10 2 8
left_child=1 3 4 -1 -3
right_child=-2 2 -4 -5 -6
leaf_value=-0.013502783289452661 -0.009980687992644826 0.020865145040030786 0.037072576347678916 0.011050413380521788 -0.008803447705984499
leaf_weight=12.415402965620162 25.34872885607183 1.8766504451632471 3.6108394637703887 11.002827245742081 7.5498023442924032
leaf_count=208 165 24 19 134 82
internal_value=-0.000134617 0.00708972 0.0195277 -0.00205215 0.00228752
internal_weight=61.8043 36.4555 13.0373 23.4182 9.42645
internal_count=632 467 125 342 106
is_linear=0
shrinkage=0.05


Tree=112
num_leaves=6
num_cat=0
split_feature=6 6 3 0 6
split_gain=1.35447 2.00304 1.71783 2.19397 1.58741
threshold=41831.416666666679 19349.991666666669 157129.095 69.500000000000014 17970.347291666669
decision_type=10 8 2 2 10
left_child=1 4 3 -2 -1
right_child=2 -3 -4 -5 -6
leaf_value=-0.003243665528643613 0.025829629323383892 -0.016277968350030057 -0.0096463230526557739 -0.0098464521761450069 0.019696549121517651
leaf_weight=23.090102475136522 10.564643137156965 16.577879184857011 4.7231394201517096 2.9379887245595446 5.4923136495053759
leaf_count=337 55 155 29 18 47
internal_value=-8.21976e-05 -0.00469887 0.00990604 0.0175039 0.00344071
internal_weight=63.3861 45.1603 18.2258 13.5026 28.5824
internal_count=641 539 102 73 384
is_linear=0
shrinkage=0.05


Tree=113
num_leaves=6
num_cat=0
split_feature=0 2 6 6 4
split_gain=2.63685 1.68197 1.13493 2.75936 1.27206
threshold=27.500000000000004 2.5000000000000004 16719.826250000002 16392.350833333338 17.875000000000004
decision_type=2 2 10 10 10
left_child=1 -1 3 4 -3
right_child=-2 2 -4 -5 -6
leaf_value=0.0081815229913390075 0.010502909963967621 0.0027339280375736066 -0.02053311442788492 0.027039415049131318 -0.02434890575160362
leaf_weight=8.0214694142341596 26.69160084426403 6.6109757646918315 16.968493603169918 1.352916907519101 4.046608904376626
leaf_count=84 239 87 132 15 72
internal_value=-0.000414086 -0.00860225 -0.0137683 -0.000984821 -0.0120409
internal_weight=63.6921 37.0005 28.979 12.0105 10.6576
internal_count=629 390 306 174 159
is_linear=0
shrinkage=0.05


Tree=114
num_leaves=6
num_cat=0
split_feature=7 3 5 3 3
split_gain=0.880913 0.977887 0.844411 1.04597 1.89297
threshold=0.98754391646595452 72281.760000000024 0.25308830257739828 45910.370000000003 29870.060000000001
decision_type=10 2 10 2 2
left_child=2 -2 -1 4 -4
right_child=1 -3 3 -5 -6
leaf_value=0.015995374214259846 0.0047400440692242007 -0.016358394538315609 0.012340454868994922 0.0058324234796667748 -0.02397285980641365
leaf_weight=11.760461132973431 7.7584723532199842 5.7560755982995033 2.0368059650063506 35.393507063388824 3.9630427248775959
leaf_count=163 33 29 40 311 78
internal_value=0.00363024 -0.00623706 0.00645958 0.00231843 -0.0116395
internal_weight=66.6684 13.5145 53.1538 41.3934 5.99985
internal_count=654 62 592 429 118
is_linear=0
shrinkage=0.05


Tree=115
num_leaves=6
num_cat=0
split_feature=3 4 4 4 4
split_gain=2.35317 5.25402 2.56885 2.28364 1.67601
threshold=72871.880000000019 16.625000000000004 20.583333333333339 9.7083333333333339 31.250000000000004
decision_type=2 10 8 8 10
left_child=4 3 -3 -2 -1
right_child=1 2 -4 -5 -6
leaf_value=0.011861283518519665 0.00054482718521993944 0.024729539115079118 -0.0085083316698051654 -0.038359238517579795 -0.013506737669460875
leaf_weight=32.370649319142103 5.0084113031625757 7.0827947854995701 7.5574233457446107 8.7426072210073471 3.5459966100752345
leaf_count=368 47 38 41 83 65
internal_value=-2.75371e-05 -0.00987516 0.00977378 -0.0278227 0.00801227
internal_weight=64.3079 28.3912 14.6402 13.751 35.9166
internal_count=642 209 79 130 433
is_linear=0
shrinkage=0.05


Tree=116
num_leaves=6
num_cat=0
split_feature=5 2 5 0 1
split_gain=1.66491 1.921 1.04676 1.61187 1.32022
threshold=31.000000000000004 2.5000000000000004 0.15504807692307696 27.500000000000004 1.5000000000000002
decision_type=8 2 10 2 2
left_child=1 -1 -3 4 -4
right_child=-2 2 3 -5 -6
leaf_value=0.015824759894720541 -0.01536764637180112 0.01269209242930198 -0.022998564148423824 0.0078037966368246017 -0.0012833390042730347
leaf_weight=13.10243429802358 12.549742508679627 3.6092137973755589 10.506551519036295 9.7626101169735175 13.905961701646445
leaf_count=128 127 34 116 85 145
internal_value=-0.00204057 0.00232701 -0.00365596 -0.00678203 -0.01295
internal_weight=63.4365 50.8868 37.7843 34.1751 24.4125
internal_count=635 508 380 346 261
is_linear=0
shrinkage=0.05


Tree=117
num_leaves=6
num_cat=0
split_feature=7 4 4 1 3
split_gain=1.87985 1.49165 1.98598 1.55521 1.57468
threshold=0.98754391646595452 14.29166666666667 3.3750000000000004 2.5000000000000004 49062.450000000004
decision_type=10 8 8 2 2
left_child=1 2 -1 4 -3
right_child=-2 3 -4 -5 -6
leaf_value=0.018122299810778258 -0.012025040666644733 -0.0033482383159025063 -0.013812748804491824 -0.013827768317409445 0.019541955100784551
leaf_weight=2.0452461019158337 12.860036082565783 8.1522987838834506 12.156925635412335 1.573463775217532 26.411907685920596
leaf_count=17 59 177 159 15 211
internal_value=0.0022704 0.00667889 -0.00569249 0.0116418 0.0144022
internal_weight=63.1999 50.3398 14.2022 36.1377 34.5642
internal_count=638 579 176 403 388
is_linear=0
shrinkage=0.05


Tree=118
num_leaves=6
num_cat=0
split_feature=6 4 4 6 4
split_gain=1.34695 3.30563 1.53145 1.50247 1.11003
threshold=50436.618333333339 17.875000000000004 18.708333333333339 58976.040000000008 21.708333333333339
decision_type=8 8 10 10 8
left_child=1 -1 3 -2 -3
right_child=2 4 -4 -5 -6
leaf_value=0.0086819685592351894 0.012811106932274892 -0.02545654176875985 0.025618396836655729 -0.014599936076669732 -0.0043681067938302837
leaf_weight=24.578670179471374 4.8945789411663991 9.0147728491574544 4.9320810660719863 5.1453974582254887 15.946618210524319
leaf_count=245 51 88 22 37 201
internal_value=0.000598726 -0.00351051 0.0116704 -0.00142032 -0.0149614
internal_weight=64.5121 49.5401 14.9721 10.04 24.9614
internal_count=644 534 110 88 289
is_linear=0
shrinkage=0.05


Tree=119
num_leaves=6
num_cat=0
split_feature=5 5 7 5 7
split_gain=1.41932 2.45744 2.34303 1.98532 1.5034
threshold=1.2553579571363431 1.0441271901362754 0.34229851765090513 2.6295454545454553 0.41617467522104123
decision_type=8 8 8 10 10
left_child=1 -1 3 -2 -4
right_child=2 -3 4 -5 -6
leaf_value=0.00044416110624225739 -0.029801463395345409 0.032259023766501013 0.022866648722266396 0.0019361181936886967 -0.0030392475447080175
leaf_weight=26.087571389041845 7.8940237350761873 2.9674741812050334 3.2640474885702142 7.0460457652807236 14.451432850211859
leaf_count=285 134 30 44 74 68
internal_value=0.000595797 0.00795274 -0.00613681 -0.0181012 0.00571651
internal_weight=61.7106 29.055 32.6555 14.9401 17.7155
internal_count=635 315 320 208 112
is_linear=0
shrinkage=0.05


Tree=120
num_leaves=6
num_cat=0
split_feature=6 3 0 5 5
split_gain=1.84004 1.51773 1.50352 1.60979 1.54475
threshold=51908.0985 104110.005 17.500000000000004 1.0571895424836604 3.4226190476190479
decision_type=10 2 2 8 10
left_child=1 2 -1 -4 -5
right_child=-2 -3 3 4 -6
leaf_value=0.011072779653966426 0.015750153501857361 -0.018155644079027946 -0.024734607102746012 0.0080457049636061886 -0.01575706345107309
leaf_weight=17.997056975960732 12.99084125086665 7.365638241171836 3.2666168957948711 17.35612960532308 4.8192023970186701
leaf_count=217 71 58 53 192 49
internal_value=0.00195029 -0.00267338 0.00155492 -0.00589064 0.000925436
internal_weight=63.7955 50.8046 43.439 25.4419 22.1753
internal_count=640 569 511 294 241
is_linear=0
shrinkage=0.05


Tree=121
num_leaves=6
num_cat=0
split_feature=6 6 6 5 5
split_gain=1.55946 2.6855 1.61936 1.86592 2.98753
threshold=25845.770833333339 51908.0985 17892.245500000005 1.2553579571363431 1.0441271901362754
decision_type=8 10 10 8 10
left_child=2 -2 3 4 -1
right_child=1 -3 -4 -5 -6
leaf_value=-0.0037512300024179013 -0.01926565818063105 0.007814071281514191 0.019907724611520121 -0.014234761769970079 0.036590529170834732
leaf_weight=11.792852554470302 13.874089965596797 13.789608061313627 11.814956022426484 8.9533136412501317 1.779354317113756
leaf_count=172 101 76 115 133 24
internal_value=0.00155801 -0.00663729 0.00816441 -0.000492481 0.00996469
internal_weight=62.0042 27.6637 34.3405 22.5255 13.5722
internal_count=621 177 444 329 196
is_linear=0
shrinkage=0.05


Tree=122
num_leaves=6
num_cat=0
split_feature=4 7 6 0 5
split_gain=1.96569 2.17518 1.44031 1.26317 1.96029
threshold=34.250000000000007 0.60181579893474224 69887.892500000016 4.5000000000000009 2.6295454545454553
decision_type=8 10 10 2 10
left_child=1 3 -2 -1 -5
right_child=2 -3 -4 4 -6
leaf_value=0.01475097561732888 -0.018610936553290987 0.020187806668918128 0.0089955814028848564 -0.012991333806651562 0.010879536914441809
leaf_weight=4.4863619059324256 13.661209575831892 11.528495170176027 2.9780483320355406 21.886960119009021 8.222323998808859
leaf_count=48 160 54 19 262 81
internal_value=-0.000108804 0.00524532 -0.0127331 -0.00165452 -0.00585158
internal_weight=62.7634 46.1241 16.6393 34.5956 30.1093
internal_count=624 445 179 391 343
is_linear=0
shrinkage=0.05


Tree=123
num_leaves=6
num_cat=0
split_feature=6 3 3 3 6
split_gain=1.24824 1.73317 2.54782 2.30422 2.00629
threshold=48539.315500000004 65185.455000000009 49062.450000000004 30850.790000000005 13627.114642857143
decision_type=10 2 2 2 10
left_child=1 2 3 4 -1
right_child=-2 -3 -4 -5 -6
leaf_value=-0.012499448676179895 0.011787508676583102 -0.011617188394986407 0.01873343840496916 -0.022526733634300508 0.023115612574562169
leaf_weight=2.8198661208152789 15.264071315526961 22.943711157888174 12.412559032440184 6.7136206589639187 4.0753090716898441
leaf_count=73 84 200 125 115 46
internal_value=0.00127981 -0.00278444 0.0056208 -0.00815917 0.00941872
internal_weight=64.2291 48.9651 26.0214 13.6088 6.89518
internal_count=643 559 359 234 119
is_linear=0
shrinkage=0.05


Tree=124
num_leaves=6
num_cat=0
split_feature=6 2 4 5 5
split_gain=0.778019 2.08398 1.81711 1.58803 2.00163
threshold=51908.0985 4.5000000000000009 18.708333333333339 1.1863425925925928 0.62145593869731808
decision_type=8 2 10 8 10
left_child=1 -1 -2 4 -3
right_child=2 3 -4 -5 -6
leaf_value=-0.0091814267031186409 -0.0041556130772339404 -0.0018952670849376801 0.024485649173407675 -0.0084181247793513863 0.035568390176334959
leaf_weight=36.018789915367961 10.565394420176743 5.3711176477372611 4.4374557286500922 4.0157151222229013 3.3879974968731403
leaf_count=397 88 55 20 52 30
internal_value=-0.000107802 -0.00323114 0.00831874 0.0114092 0.020255
internal_weight=63.7965 48.7936 15.0029 12.7748 8.75912
internal_count=642 534 108 137 85
is_linear=0
shrinkage=0.05


Tree=125
num_leaves=6
num_cat=0
split_feature=6 6 4 6 4
split_gain=1.97898 1.85716 1.22697 0.903237 1.28852
threshold=14223.837500000003 15144.141000000001 13.583333333333334 16134.084464285716 30.750000000000004
decision_type=8 10 8 10 8
left_child=-1 -2 -3 -4 -5
right_child=1 2 3 4 -6
leaf_value=-0.018012716019264959 0.025087598497428566 -0.011192921544805022 -0.0098079344896692833 0.014454396598070435 -0.0022741889064135773
leaf_weight=5.4521119538694611 5.2212529312819234 9.6741419397294504 4.2764143776148549 23.076212137937546 17.487748084589839
leaf_count=137 74 104 49 147 141
internal_value=0.00238802 0.00549744 0.00167109 0.00529091 0.0077843
internal_weight=65.1879 59.7358 54.5145 44.8404 40.564
internal_count=652 515 441 337 288
is_linear=0
shrinkage=0.05


Tree=126
num_leaves=6
num_cat=0
split_feature=3 3 3 3 6
split_gain=1.02011 1.53202 1.53921 2.69844 1.61272
threshold=29870.060000000001 88406.365000000005 73928.195000000022 62666.760000000009 24527.022500000003
decision_type=2 2 2 2 10
left_child=-1 2 3 4 -2
right_child=1 -3 -4 -5 -6
leaf_value=0.01391524815913445 -0.020298669713548156 0.0080388633158040203 -0.022409715326433589 0.015344246253577021 0.006742669447766316
leaf_weight=6.7402027286589137 11.513133917003875 18.632256686687469 7.756347030401229 10.052592247724531 5.2917166277766219
leaf_count=117 182 129 69 83 34
internal_value=0.000502381 -0.00224427 -0.00809558 -0.00109332 -0.01219
internal_weight=59.9862 53.246 34.6138 26.8574 16.8049
internal_count=614 497 368 299 216
is_linear=0
shrinkage=0.05


Tree=127
num_leaves=6
num_cat=0
split_feature=6 3 2 3 0
split_gain=1.60859 2.02321 1.80644 1.70551 1.51806
threshold=13627.114642857143 64292.160000000011 3.5000000000000004 88406.365000000005 72.500000000000014
decision_type=10 2 2 2 2
left_child=-1 2 4 -3 -2
right_child=1 3 -4 -5 -6
leaf_value=-0.018426022849781825 0.023524666040157492 -0.014879732597938559 -0.011921493875663179 0.0044218541609361292 -0.0063507370320741337
leaf_weight=5.6067308560013762 15.958119023591285 15.530455432832239 2.5091359466314307 22.059194702655077 3.0599923692643634
leaf_count=139 174 130 31 151 18
internal_value=-0.000415211 0.00259666 0.0132817 -0.0043634 0.0183964
internal_weight=64.7236 59.1169 21.5272 37.5897 19.0181
internal_count=643 504 223 281 192
is_linear=0
shrinkage=0.05


Tree=128
num_leaves=6
num_cat=0
split_feature=4 3 3 3 0
split_gain=1.19472 1.22104 1.45581 2.39112 2.24031
threshold=34.250000000000007 64292.160000000011 88406.365000000005 126431.35500000001 18.500000000000004
decision_type=10 2 2 2 2
left_child=1 -1 4 -4 -3
right_child=-2 2 3 -5 -6
leaf_value=0.011094695024868246 -0.01580599020354739 0.007096092346012068 0.020632380748730361 -0.0085806117360628237 -0.023695816000962593
leaf_weight=23.782252117991447 4.2723967898637047 7.0196785181760815 8.5934267640113848 10.282194994390009 9.1700440905988199
leaf_count=300 60 69 71 60 74
internal_value=0.00105148 0.0034173 -0.00252447 0.00625467 -0.0118207
internal_weight=63.12 58.8476 35.0653 18.8756 16.1897
internal_count=634 574 274 131 143
is_linear=0
shrinkage=0.05


Tree=129
num_leaves=6
num_cat=0
split_feature=2 0 7 7 2
split_gain=1.47143 2.13716 1.48478 1.28812 1.13676
threshold=2.5000000000000004 54.500000000000007 0.15443808017046071 0.90684435022492049 4.5000000000000009
decision_type=2 2 10 10 2
left_child=1 -1 4 -4 -2
right_child=2 -3 3 -5 -6
leaf_value=0.018807815493326038 -0.0060235483296069495 -0.0066322346597253185 -0.023130763050867226 0.0019325273813025222 0.013053627063014678
leaf_weight=15.295124324038627 12.298518619500102 10.532745083793996 9.5871308371424693 6.7984623834490767 9.6400928162038308
leaf_count=148 167 100 82 32 104
internal_value=0.000737322 0.0090402 -0.00525579 -0.0147113 0.00322614
internal_weight=64.1521 25.8279 38.3242 16.3856 21.9386
internal_count=633 248 385 114 271
is_linear=0
shrinkage=0.05


Tree=130
num_leaves=6
num_cat=0
split_feature=3 3 3 6 3
split_gain=1.02933 1.71111 1.49941 2.58166 1.4411
threshold=49062.450000000004 30850.790000000005 126431.35500000001 51908.0985 24777.040000000005
decision_type=2 2 2 8 2
left_child=1 4 -2 -4 -1
right_child=2 -3 3 -5 -6
leaf_value=-0.01041029972711009 0.0087806981197633676 -0.021591681384528105 -0.027277554754809946 0.0087788961495579351 0.019565203062656307
leaf_weight=3.3321000020951015 38.736162308603525 6.5711301444098353 4.2978792488574955 6.8761099539697179 3.3860569335520267
leaf_count=84 331 115 29 36 33
internal_value=0.000911516 -0.00943202 0.0042737 -0.00923484 0.00659961
internal_weight=63.1994 13.2893 49.9102 11.174 6.71816
internal_count=628 232 396 65 117
is_linear=0
shrinkage=0.05


Tree=131
num_leaves=6
num_cat=0
split_feature=6 6 0 0 3
split_gain=1.93665 1.41405 2.23524 1.40876 0.928099
threshold=14223.837500000003 15443.461805555557 50.000000000000007 3.5000000000000004 49062.450000000004
decision_type=8 8 2 2 2
left_child=-1 -2 3 -3 -5
right_child=1 2 -4 4 -6
leaf_value=-0.016448110545201289 0.023404630555805449 0.017217775722140012 0.019738819659121311 -0.020491659935441549 -0.0017696658427139716
leaf_weight=5.0187200959771863 6.5513136722147456 2.9988972693681708 10.483894031494854 3.5725207552313796 34.301113676279783
leaf_count=131 70 24 89 57 261
internal_value=0.00447112 0.00744735 0.00351587 -0.00234327 -0.00571948
internal_weight=62.9265 57.9077 51.3564 40.8725 37.8736
internal_count=632 501 431 342 318
is_linear=0
shrinkage=0.05


Tree=132
num_leaves=6
num_cat=0
split_feature=3 3 5 3 0
split_gain=0.971064 1.86264 1.47733 2.60006 1.65389
threshold=64292.160000000011 62666.760000000009 1.2063829787234044 123900.31000000001 3.5000000000000004
decision_type=2 2 8 2 2
left_child=1 -1 3 4 -2
right_child=2 -3 -4 -5 -6
leaf_value=-0.00098478966244439103 0.012635373134854792 0.028124223448454874 -0.015726996171861407 0.020447504093112231 -0.017246104169810313
leaf_weight=25.122398375533525 2.4428868629038361 1.9257796481251706 16.202236419543624 6.8736913911998263 10.667279347777365
leaf_count=338 22 15 126 39 90
internal_value=-0.00149043 0.00515218 -0.0064783 0.00266698 -0.00972691
internal_weight=63.2343 27.0482 36.1861 19.9839 13.1102
internal_count=630 353 277 151 112
is_linear=0
shrinkage=0.05


Tree=133
num_leaves=6
num_cat=0
split_feature=6 6 6 6 6
split_gain=1.41334 1.54396 1.14293 1.03138 1.25982
threshold=14223.837500000003 15144.141000000001 16392.350833333338 16719.826250000002 17892.245500000005
decision_type=8 8 8 8 8
left_child=-1 -2 -3 -4 -5
right_child=1 2 3 4 -6
leaf_value=-0.016964176259987512 0.021239483100636738 -0.013722734186807981 0.021244208923655174 -0.01632842844217838 0.0037369152284582904
leaf_weight=5.1562396874651304 4.9298966899514189 7.5298417434096327 1.8086453825235356 4.4421939905732861 40.649656292051077
leaf_count=133 50 92 19 50 302
internal_value=0.000398854 0.00310781 -0.000183184 0.00310319 0.000327652
internal_weight=64.5165 59.3602 54.4303 46.9005 45.0919
internal_count=646 513 463 371 352
is_linear=0
shrinkage=0.05


Tree=134
num_leaves=6
num_cat=0
split_feature=4 3 3 1 6
split_gain=1.19136 1.4758 1.72021 1.2216 1.21038
threshold=13.225000000000001 99668.780000000013 124443.16000000002 2.5000000000000004 13620.602500000001
decision_type=8 2 2 2 8
left_child=1 -1 -3 4 -2
right_child=3 2 -4 -5 -6
leaf_value=-0.018264994372379988 -0.01146369810503144 0.02227609599225832 -0.012310816286750841 -0.013186192599199434 0.011269307142304764
leaf_weight=7.715157447382806 2.5959230037406078 2.806361448019743 2.3450499773025513 2.6087624020874491 43.558688135817647
leaf_count=109 74 30 22 25 372
internal_value=0.00316741 -0.00832676 0.00822267 0.00669256 0.00899519
internal_weight=61.6299 12.8666 5.15141 48.7634 46.1546
internal_count=632 161 52 471 446
is_linear=0
shrinkage=0.05


Tree=135
num_leaves=6
num_cat=0
split_feature=6 1 7 5 6
split_gain=1.6194 1.34306 1.14028 1.26482 0.771798
threshold=26596.642500000005 1.5000000000000002 0.14063721889974587 1.1480697384806977 41831.416666666679
decision_type=8 2 10 8 10
left_child=1 2 -1 -4 -2
right_child=4 -3 3 -5 -6
leaf_value=-0.0073972273771564278 -0.016307740229179048 0.01749063582074319 -0.0085034039790124732 0.021983792929025608 -0.00025686938291098049
leaf_weight=15.769421433098616 8.6890962179750222 13.962037457153199 2.0946188978850833 4.0458377674221992 16.897454585880041
leaf_count=256 74 156 15 25 95
internal_value=0.00131951 0.00774506 -0.000561233 0.0124352 -0.00748247
internal_weight=61.4585 35.8719 21.9099 6.14046 25.5866
internal_count=621 452 296 40 169
is_linear=0
shrinkage=0.05


Tree=136
num_leaves=6
num_cat=0
split_feature=6 6 3 3 3
split_gain=1.0621 2.04084 1.59233 1.32318 1.8821
threshold=14732.922142857145 25845.770833333339 59418.130000000012 30850.790000000005 45910.370000000003
decision_type=8 10 2 2 2
left_child=2 3 -1 -2 -5
right_child=1 -3 -4 4 -6
leaf_value=-0.024991269048160125 0.025257585887940789 -0.0076166373324242755 0.0085768944690228135 -0.019212380036838214 0.0087517903548024814
leaf_weight=4.47106735035777 5.1725627686828402 26.420852977782488 2.4918308816850185 2.7365739904344109 23.234653398394585
leaf_count=120 71 148 39 47 223
internal_value=-0.000810592 0.00185534 -0.0144143 0.00983295 0.00317927
internal_weight=64.5275 57.5646 6.9629 31.1438 25.9712
internal_count=648 489 159 341 270
is_linear=0
shrinkage=0.05


Tree=137
num_leaves=6
num_cat=0
split_feature=3 3 3 5 0
split_gain=2.25348 2.41338 1.88929 1.40511 1.30828
threshold=73928.195000000022 101782.11000000002 157129.095 1.0504237288135596 17.500000000000004
decision_type=2 2 2 8 2
left_child=3 -2 -3 4 -1
right_child=1 2 -4 -5 -6
leaf_value=0.0066065047692709629 -0.021784831150767441 0.014749713608786671 -0.01296988645616542 0.015759679113032329 -0.019449408605765051
leaf_weight=8.4699247172102314 11.106921518221499 10.60877859964967 5.4348117336630812 23.843249052762985 2.6936791352927676
leaf_count=121 99 71 35 247 53
internal_value=0.00205357 -0.00796254 0.00450905 0.00984611 -0.00375216
internal_weight=62.1574 27.1505 16.0436 35.0069 11.1636
internal_count=626 205 106 421 174
is_linear=0
shrinkage=0.05


Tree=138
num_leaves=6
num_cat=0
split_feature=4 3 7 6 0
split_gain=1.20797 1.62352 1.52887 1.14862 2.11795
threshold=9.7083333333333339 129223.425 0.32770377514761756 25845.770833333339 66.500000000000014
decision_type=8 2 8 10 2
left_child=1 -1 -2 -4 -5
right_child=2 -3 3 4 -6
leaf_value=0.023964208962050537 -0.0085916542998131906 -0.0097291882481873038 0.021163512849008737 0.0077894140797522176 -0.021299965378040849
leaf_weight=6.8592272344976646 26.59578010905534 1.9301110208034513 4.7922847755253342 20.10403906181455 3.3383246809244147
leaf_count=72 384 16 53 97 18
internal_value=0.00248458 0.0157203 -0.000773539 0.00677543 0.00063074
internal_weight=63.6198 8.78934 54.8304 28.2346 23.4424
internal_count=640 88 552 168 115
is_linear=0
shrinkage=0.05


Tree=139
num_leaves=6
num_cat=0
split_feature=3 3 4 4 4
split_gain=2.26371 2.26805 1.74678 1.80299 1.67118
threshold=56923.405000000006 73928.195000000022 21.125000000000004 18.708333333333339 12.083333333333334
decision_type=2 2 8 10 10
left_child=-1 4 3 -3 -2
right_child=1 2 -4 -5 -6
leaf_value=-0.018536385882618817 -0.0052653395887081143 -0.0077050118327182298 -0.022745512966410988 0.017670141680119843 0.022597214061131535
leaf_weight=18.976902971975505 5.9495517723262301 16.318744251504548 7.1666619963943949 5.4309118166565886 9.9071706309914571
leaf_count=286 43 145 42 30 92
internal_value=-0.00613703 0.000452553 -0.00756811 0.000749711 0.0133869
internal_weight=63.7499 44.773 28.9163 21.7497 15.8567
internal_count=638 352 217 175 135
is_linear=0
shrinkage=0.05


Tree=140
num_leaves=6
num_cat=0
split_feature=6 6 4 6 6
split_gain=1.06488 1.77417 1.20274 2.36765 1.50813
threshold=13627.114642857143 15443.461805555557 19.166666666666668 41831.416666666679 18285.171000000006
decision_type=10 10 10 10 10
left_child=-1 -2 -3 4 -4
right_child=1 2 3 -5 -6
leaf_value=-0.017713923874070947 0.016618578499515334 -0.0091063202078980141 0.010350617420430124 0.023412984103467902 -0.018076998690822188
leaf_weight=5.3930864995345464 7.6300772782415143 33.680890562012792 3.6529754865914565 5.4477949887514105 6.5883817002177238
leaf_count=139 93 273 44 24 63
internal_value=-0.00299369 -0.000284711 -0.00418514 0.00602705 -0.00786803
internal_weight=62.3932 57.0001 49.37 15.6892 10.2414
internal_count=636 497 404 131 107
is_linear=0
shrinkage=0.05


Tree=141
num_leaves=6
num_cat=0
split_feature=6 1 6 5 5
split_gain=1.28121 1.59428 1.53703 1.3098 1.18505
threshold=18157.76766666667 1.5000000000000002 51908.0985 0.5685736677115989 0.45993589743589752
decision_type=10 2 10 10 10
left_child=1 -1 -2 -3 -4
right_child=2 3 4 -5 -6
leaf_value=-0.0034669815033249833 -0.0131732636801195 -7.2830327122959138e-05 -0.0060420773141011555 0.02915674012396063 0.01679852885244312
leaf_weight=14.718789042904975 22.13596816547215 6.0753705352544767 7.7514105103909952 5.268594466149807 6.0990118347108364
leaf_count=254 184 67 44 65 31
internal_value=-0.00026607 0.00741169 -0.00605243 0.0182693 0.00580369
internal_weight=62.0491 26.0628 35.9864 11.344 13.8504
internal_count=645 386 259 132 75
is_linear=0
shrinkage=0.05


Tree=142
num_leaves=6
num_cat=0
split_feature=4 4 5 6 6
split_gain=1.42294 1.29768 1.48379 2.21486 1.32836
threshold=20.125000000000004 39.250000000000007 1.8366666666666669 17223.78666666667 16134.084464285716
decision_type=8 10 8 10 10
left_child=-1 2 3 4 -2
right_child=1 -3 -4 -5 -6
leaf_value=0.0091944713312352572 -0.0090149038994634962 0.01490360165670299 0.0028081555076702939 -0.028032593643802575 0.022471033283491825
leaf_weight=33.526795965619385 3.1961847888305845 2.4308546585962167 13.835278151556848 9.0855755284428579 1.1167181991040704
leaf_count=315 66 37 130 68 15
internal_value=0.0027361 -0.00483649 -0.00863696 -0.0180066 0.00682506
internal_weight=63.1914 29.6646 27.2338 13.3985 4.3129
internal_count=631 316 279 149 81
is_linear=0
shrinkage=0.05


Tree=143
num_leaves=6
num_cat=0
split_feature=6 5 6 3 3
split_gain=1.44195 1.58697 1.67068 1.6204 1.43859
threshold=15272.205000000004 1.2330316742081451 19349.991666666669 125008.15000000001 72281.760000000024
decision_type=10 10 10 2 2
left_child=-1 2 -2 4 -4
right_child=1 -3 3 -5 -6
leaf_value=-0.017235077958493352 0.017640959586586995 -0.01118207697452489 0.00095291756293482003 0.012505399391971511 -0.024869072988096978
leaf_weight=11.597438521683214 11.919078188017009 16.564889255911112 11.512793261557823 7.0372336730360976 4.5986494533717623
leaf_count=221 133 127 96 37 29
internal_value=-0.00441409 -0.0002669 0.00564107 -0.00257361 -0.0105618
internal_weight=63.2301 51.6326 35.0678 23.1487 16.1114
internal_count=643 422 295 162 125
is_linear=0
shrinkage=0.05


Tree=144
num_leaves=6
num_cat=0
split_feature=0 4 5 5 5
split_gain=1.72972 1.22323 1.87261 1.22741 1.82669
threshold=27.500000000000004 20.125000000000004 1.2330316742081451 1.1261363636363637 0.31414473684210531
decision_type=2 10 8 10 8
left_child=1 2 3 4 -1
right_child=-2 -3 -4 -5 -6
leaf_value=0.017712315087324123 0.0085792634257731582 -0.017596449685498155 -0.014706464153469948 0.027293021166728479 -0.010883909760389381
leaf_weight=4.3162833936512479 26.004494061693549 11.482052908279 7.8227500971406689 1.6704879105091084 8.9571236241608858
leaf_count=35 239 148 89 13 93
internal_value=-0.000267337 -0.00722165 0.000237167 0.00978558 0.000717155
internal_weight=60.2532 34.2487 22.7666 14.9439 13.2734
internal_count=617 378 230 141 128
is_linear=0
shrinkage=0.05


Tree=145
num_leaves=6
num_cat=0
split_feature=6 6 3 3 3
split_gain=1.69408 0.966608 1.7449 2.83663 2.05389
threshold=14860.967500000002 18633.935333333338 74648.98000000001 57589.350000000013 101782.11000000002
decision_type=8 10 2 2 2
left_child=-1 -2 3 -3 -4
right_child=1 2 4 -5 -6
leaf_value=-0.015644548339706542 0.012352821824784274 -0.0088233455697077634 -0.02618767031711975 0.024876312732121712 0.0025022250271425632
leaf_weight=7.2275961665436617 19.837996190413833 8.1586342528462428 5.5965571478009251 8.2363566234707815 13.2987501360476
leaf_count=160 229 73 42 53 76
internal_value=0.00143983 0.00479435 -0.000460234 0.00996348 -0.00969695
internal_weight=62.3559 55.1283 35.2903 16.395 18.8953
internal_count=633 473 244 126 118
is_linear=0
shrinkage=0.05


Tree=146
num_leaves=6
num_cat=0
split_feature=5 3 3 3 3
split_gain=1.24366 2.10928 1.698 2.20298 2.0184
threshold=0.5685736677115989 60380.475000000006 56923.405000000006 126431.35500000001 154479.11000000002
decision_type=10 2 2 2 2
left_child=1 -1 -2 -4 -5
right_child=2 -3 3 4 -6
leaf_value=0.0081114223501436468 -0.0073985049761732188 -0.015021514396095025 0.021107347084326884 -0.024540810866906782 0.010999688644371203
leaf_weight=13.312939277850093 10.110988857224582 17.429876979440451 18.843716608360413 2.5599193498492232 4.1535793095827103
leaf_count=175 143 137 162 16 25
internal_value=0.00165594 -0.00527062 0.00754001 0.0136936 -0.00724293
internal_weight=66.411 30.7428 35.6682 25.5572 6.7135
internal_count=658 312 346 203 41
is_linear=0
shrinkage=0.05


Tree=147
num_leaves=6
num_cat=0
split_feature=4 6 3 4 1
split_gain=1.66634 1.47027 1.29136 1.15521 2.05571
threshold=20.125000000000004 69887.892500000016 234839.18500000003 13.225000000000001 2.5000000000000004
decision_type=8 8 2 10 2
left_child=2 -2 3 4 -1
right_child=1 -3 -4 -5 -6
leaf_value=-0.012776720100085452 -0.012603587296526376 0.010088526127186817 -0.014489305098264703 0.016641730475985973 0.018398048918608297
leaf_weight=9.1416272986680251 23.928793242201213 5.3559677042067042 1.6113774999976147 19.922248270362616 3.4669383373111478
leaf_count=119 263 55 14 152 40
internal_value=0.00049566 -0.00758734 0.00751227 0.0103872 -0.00141457
internal_weight=63.427 29.2848 34.1422 32.5308 12.6086
internal_count=643 318 325 311 159
is_linear=0
shrinkage=0.05


Tree=148
num_leaves=6
num_cat=0
split_feature=6 6 0 6 7
split_gain=1.27607 2.33654 1.77711 1.62276 1.78731
threshold=15443.461805555557 17892.245500000005 39.500000000000007 19349.991666666669 0.84558694978598992
decision_type=10 10 2 10 10
left_child=2 -2 -1 -3 -5
right_child=1 3 -4 4 -6
leaf_value=0.021455173229199438 -0.018750986120890215 0.020049687486865565 -0.0096716176005440992 -0.012241750633379468 0.0081523590083972877
leaf_weight=8.917458691634236 11.608210463076828 5.9595520421862593 3.3569486420601597 15.838000629097222 17.342174060642719
leaf_count=160 136 51 67 146 81
internal_value=0.000781205 -0.00295324 0.0126069 0.00332543 -0.00191073
internal_weight=63.0223 50.7479 12.2744 39.1397 33.1802
internal_count=641 414 227 278 227
is_linear=0
shrinkage=0.05


Tree=149
num_leaves=6
num_cat=0
split_feature=3 3 3 6 5
split_gain=0.86976 1.59967 1.49935 2.49556 1.79702
threshold=30850.790000000005 49062.450000000004 64292.160000000011 15960.322857142857 1.2330316742081451
decision_type=2 2 2 10 8
left_child=-1 -2 3 -3 -4
right_child=1 2 4 -5 -6
leaf_value=0.014533206600310149 -0.017663962439976377 -0.011375180890815404 0.0068115963925499227 0.024550371465328645 -0.013044165316195885
leaf_weight=7.1870887372642747 5.9148251237347713 3.5766885019838801 20.511859323829412 10.33522244542837 15.800438083708285
leaf_count=122 113 50 159 71 126
internal_value=0.00242505 -0.000186835 0.00328436 0.0147486 -0.00236123
internal_weight=63.3261 56.139 50.2242 13.9119 36.3123
internal_count=641 519 406 121 285
is_linear=0
shrinkage=0.05


end of trees

feature_importances:
avg_invoice=157
avg_gap_days=146
monetary_90d=143
recency_vs_gap=114
unpaid_ratio=81
recency_days=54
frequency_30d=30
frequency_90d=25

parameters:
[boosting: gbdt]
[objective: binary]
[metric: binary_logloss]
[tree_learner: serial]
[device_type: cpu]
[data_sample_strategy: bagging]
[data: ]
[valid: ]
[num_iterations: 150]
[learning_rate: 0.05]
[num_leaves: 6]
[num_threads: 6]
[seed: 42]
[deterministic: 0]
[force_col_wise: 0]
[force_row_wise: 0]
[histogram_pool_size: -1]
[max_depth: -1]
[min_data_in_leaf: 15]
[min_sum_hessian_in_leaf: 0.001]
[bagging_fraction: 0.8]
[pos_bagging_fraction: 1]
[neg_bagging_fraction: 1]
[bagging_freq: 1]
[bagging_seed: 400]
[bagging_by_query: 0]
[feature_fraction: 0.8]
[feature_fraction_bynode: 1]
[feature_fraction_seed: 30056]
[extra_trees: 0]
[extra_seed: 12879]
[early_stopping_round: 0]
[early_stopping_min_delta: 0]
[first_metric_only: 0]
[max_delta_step: 0]
[lambda_l1: 0]
[lambda_l2: 5]
[linear_lambda: 0]
[min_gain_to_split: 0]
[drop_rate: 0.1]
[max_drop: 50]
[skip_drop: 0.5]
[xgboost_dart_mode: 0]
[uniform_drop: 0]
[drop_seed: 17869]
[top_rate: 0.2]
[other_rate: 0.1]
[min_data_per_group: 100]
[max_cat_threshold: 32]
[cat_l2: 10]
[cat_smooth: 10]
[max_cat_to_onehot: 4]
[top_k: 20]
[monotone_constraints: ]
[monotone_constraints_method: basic]
[monotone_penalty: 0]
[feature_contri: ]
[forcedsplits_filename: ]
[refit_decay_rate: 0.9]
[cegb_tradeoff: 1]
[cegb_penalty_split: 0]
[cegb_penalty_feature_lazy: ]
[cegb_penalty_feature_coupled: ]
[path_smooth: 0]
[interaction_constraints: ]
[verbosity: -1]
[saved_feature_importance_type: 0]
[use_quantized_grad: 0]
[num_grad_quant_bins: 4]
[quant_train_renew_leaf: 0]
[stochastic_rounding: 1]
[linear_tree: 0]
[max_bin: 255]
[max_bin_by_feature: ]
[min_data_in_bin: 3]
[bin_construct_sample_cnt: 200000]
[data_random_seed: 175]
[is_enable_sparse: 1]
[enable_bundle: 1]
[use_missing: 1]
[zero_as_missing: 0]
[feature_pre_filter: 1]
[pre_partition: 0]
[two_round: 0]
[header: 0]
[label_column: ]
[weight_column: ]
[group_column: ]
[ignore_column: ]
[categorical_feature: ]
[forcedbins_filename: ]
[precise_float_parser: 0]
[parser_config_file: ]
[objective_seed: 16083]
[num_class: 1]
[is_unbalance: 0]
[scale_pos_weight: 1]
[sigmoid: 1]
[boost_from_average: 1]
[reg_sqrt: 0]
[alpha: 0.9]
[fair_c: 1]
[poisson_max_delta_step: 0.7]
[tweedie_variance_power: 1.5]
[lambdarank_truncation_level: 30]
[lambdarank_norm: 1]
[label_gain: ]
[lambdarank_position_bias_regularization: 0]
[eval_at: ]
[multi_error_top_k: 1]
[auc_mu_weights: ]
[num_machines: 1]
[local_listen_port: 12400]
[time_out: 120]
[machine_list_filename: ]
[machines: ]
[gpu_platform_id: -1]
[gpu_device_id: -1]
[gpu_device_id_list: ]
[gpu_use_dp: 0]
[num_gpu: 1]

end of parameters

pandas_categorical:[]
