tree
version=v4
num_class=1
num_tree_per_iteration=1
label_index=0
max_feature_idx=8
objective=poisson
feature_names=Column_0 Column_1 Column_2 Column_3 Column_4 Column_5 Column_6 Column_7 Column_8
feature_infos=[0:40] [0:40] [0:60] [0:60] [0:5] [0:13] [0:337] [0:14269.209999999999] [7.9900000000000002:10463.08]
tree_sizes=1696 1700 1703 1709 1717 1713 1726 1713 1725 1709 1733 1718 1725 1713 1719 1732 1718 1724 1721 1732 1726 1723 1720 1723 1704 1730 1733 1746 1741 1749 1716 1743 1745 1734 1714 1746 1739 1741 1728 1729 1748 1742 1742 1728 1728 1748 1746 1745 1736 1733 1735 1746 1749 1739 1742 1718 1713 1741 1731 1727 1738 1747 1741 1744 1740 1733 1743 1737 1742 1748 1738 1746 1739 1733 1738 1733 1753 1724 1745 1747 1749 1750 1745 1747 1745 1745 1744 1748 1734 1738 1730 1728 1763 1731 1752 1744 1717 1756 1737 1757 1735 1730 1741 1749 1743 1750 1737 1751 1738 1732 1747 1741 1739 1719 1754 1749 1725 1732 1731 1738 1739 1741 1737 1770 1731 1722 1716 1740 1735 1745 1747 1752 1740 1760 1742 1744 1734 1753 1733 1748 1736 1737 1755 1743 1746 1745 1762 1737 1744 1737 1734 1751 1751 1744 1751 1740 1737 1741 1751 1752 1747 1734 1731 1753 1726 1754 1743 1730 1735 1752 1745 1749 1717 1739 1739 1734 1750 1763 1740 1737 1749 1740 1750 1738 1750 1725 1761 1735 1747 1748 1726 1739 1762 1747 1746 1731 1752 1749 1727 1743 1739 1731 1740 1739 1738 1737 1725 1746 1738 1745 1732 1700 1732 1756 1739 1739 1743 1735 1734 1749 1742 1760 1733 1744 1730 1719 1744 1739 1744 1724 1742 1742 1740 1741 1728 1742 1741 1751 1724 1716 1733 1740 1735 1741 1729 1757 1737 1740 1736 1744

Tree=0
num_leaves=15
num_cat=0
split_feature=8 3 6 8 8 3 8 6 8 6 8 1 1 8
split_gain=5219.15 1878.99 995.244 695.984 672.163 593.204 550.448 416.296 360.921 350.127 311.854 262.52 252.417 232.576
threshold=1263.3700000000001 2.5000000000000004 14.500000000000002 307.97000000000008 278.09500000000008 18.500000000000004 584.86500000000012 138.50000000000003 143.01500000000001 51.500000000000007 168.71000000000001 3.5000000000000004 7.5000000000000009 1144.5800000000002
decision_type=2 2 2 2 2 2 2 2 2 2 2 2 2 2
left_child=1 2 -1 4 5 10 -4 -6 -7 13 -3 -5 -9 -8
right_child=-2 3 6 11 7 8 9 12 -10 -11 -12 -13 -14 -15
leaf_value=-0.33095264066261926 -0.31932869565045341 -0.12598240513462106 -0.28251570000947418 -0.28307876587761949 -0.12647379463715083 -0.23008617546540489 -0.22931533411828992 -0.19616036412852333 -0.30624010057755996 -0.30505927105930147 -0.23343665424434748 -0.25836546248587078 -0.30501905218618636 -0.32531919305620982
leaf_weight=1934.12433385849 33037.214962482452 82.996906280517578 6755.35533618927 3325.8046016693115 180.81468868255615 213.42061614990234 250.47280645370483 176.36842584609985 540.96197843551636 6647.1629405021667 372.003990650177 1599.1725335121155 75.58646821975708 81.514818668365479
leaf_count=1305 22291 56 4558 2244 122 144 169 119 365 4485 251 1079 51 55
internal_value=-0.306725 -0.287999 -0.297415 -0.265558 -0.237383 -0.256876 -0.292685 -0.184099 -0.284334 -0.302537 -0.212086 -0.275013 -0.228153 -0.252816
internal_weight=55273 22235.8 15668.6 6567.13 1642.15 1209.38 13734.5 432.77 754.383 6979.15 455.001 4924.98 251.955 331.988
internal_count=37294 15003 10572 4431 1108 816 9267 292 509 4709 307 3323 170 224
is_linear=0
shrinkage=1


Tree=1
num_leaves=15
num_cat=0
split_feature=7 3 6 7 8 8 3 7 7 7 8 2 6 6
split_gain=4966.71 1809.96 974.685 973.923 739.129 707.108 686.307 535.234 495.491 483.398 367.094 350.189 373.175 343.258
threshold=1535.7450000000001 1.5000000000000002 14.500000000000002 427.77000000000004 278.09500000000008 1173.1850000000002 18.500000000000004 524.245 394.37500000000006 362.24000000000007 179.68500000000003 16.500000000000004 162.50000000000003 100.50000000000001
decision_type=2 2 2 2 2 2 2 2 2 2 2 2 2 2
left_child=1 2 -1 4 6 7 10 9 11 -4 -3 -6 -13 -9
right_child=-2 3 5 -5 8 -7 -8 13 -10 -11 -12 12 -14 -15
leaf_value=-0.024204704001118533 -0.012288002043853885 0.16318703416134347 0.014771955704049905 0.028061065353194081 0.090778145985138656 0.17785118548958281 0.017847215988823478 0.023895319501505446 0.049003367517472966 0.049357649723470655 0.065301886675279863 0.23667940514872365 0.099433804658916214 -9.4336333514640804e-05
leaf_weight=1955.0078465938568 33629.904700875282 135.00991857051849 2919.7619959115982 4895.2178993225098 189.40057110786438 60.246286153793335 757.10936844348907 1927.7849855422974 204.58410978317261 1545.4640505313873 349.1965845823288 143.27097976207733 91.763636589050293 6525.2046312093735
leaf_count=1351 22965 79 1925 3202 116 41 500 1276 124 1018 219 88 60 4367
internal_value=-0.000255297 0.0183919 0.00866641 0.0398367 0.0704999 0.0136254 0.0478041 0.0127909 0.114558 0.0267843 0.0939838 0.145218 0.186283 0.00538763
internal_weight=55328.9 21699 14933.5 6765.55 1870.34 12978.5 1241.32 12918.2 629.019 4465.23 484.207 424.435 235.035 8452.99
internal_count=37331 14366 9978 4388 1186 8627 798 8586 388 2943 298 264 148 5643
is_linear=0
shrinkage=0.05


Tree=2
num_leaves=15
num_cat=0
split_feature=7 3 6 7 7 7 7 6 4 7 7 7 7 6
split_gain=5290.53 1693.53 1044.85 778.066 559.848 436.616 440.912 350.337 317.758 281.318 262.921 262.918 250.68 232.354
threshold=1535.7450000000001 1.5000000000000002 14.500000000000002 538.59000000000015 524.245 362.24000000000007 15.940000000000001 50.500000000000007 1.5000000000000002 427.77000000000004 417.58500000000009 3809.7750000000005 489.3300000000001 86.500000000000014
decision_type=2 2 2 2 2 2 2 2 2 2 2 2 2 2
left_child=1 2 -1 8 5 6 -4 -6 -3 10 13 -2 -11 -7
right_child=11 3 4 -5 7 9 -8 -9 -10 12 -12 -13 -14 -15
leaf_value=-0.024306660151954596 -0.0071457916383789143 0.071526206911330478 0.083847449220165224 0.026424894474455309 0.05183440055541353 -0.0039036658845811863 0.012220180787389318 0.0048768490342307649 0.033062093081640535 0.01801869070690389 0.15446053504745491 -0.016126818229418086 0.077221865103383719 0.077477975528305598
leaf_weight=1954.6953238248825 14300.68129336834 1912.1111278533936 227.56266295909882 4423.4044418334961 412.72261476516724 108.4565486907959 2868.8390371799469 8130.5018914937973 764.96199953556061 740.05644989013672 87.722208499908447 18980.939569473267 232.86258983612061 443.39589023590088
leaf_count=1384 9876 1150 146 2816 258 68 1862 5412 460 464 55 13132 146 278
internal_value=0.000358278 0.0191969 0.009777 0.03935 0.0148116 0.0286454 0.0176109 0.00717436 0.0606174 0.0497145 0.0754293 -0.0122694 0.032511 0.0615925
internal_weight=55588.9 22307.3 15206.8 7100.48 13252.1 4708.9 3096.4 8543.22 2677.07 1612.49 639.575 33281.6 972.919 551.852
internal_count=37507 14499 10073 4426 8689 3019 2008 5670 1610 1011 401 23008 610 346
is_linear=0
shrinkage=0.05


Tree=3
num_leaves=15
num_cat=0
split_feature=7 6 7 4 4 7 7 7 7 7 2 2 5 6
split_gain=4690.3 1488.66 1165.97 659.965 403.692 321.723 445.566 235.306 204.258 336.214 297.416 490.598 229.28 292.812
threshold=1736.0250000000003 31.500000000000004 509.00000000000006 1.0000000180025095e-35 1.0000000180025095e-35 362.24000000000007 15.940000000000001 370.09000000000003 203.61000000000004 362.24000000000007 18.500000000000004 12.500000000000002 5.5000000000000009 124.50000000000001
decision_type=2 2 2 2 2 2 2 2 2 2 2 2 2 2
left_child=1 -1 3 5 -4 6 -3 -7 12 10 11 -10 13 -5
right_child=-2 2 4 8 -6 7 -8 -9 9 -11 -12 -13 -14 -15
leaf_value=-0.022030849690395513 -0.012676692956838591 0.083209239824709194 0.0058200151359188712 0.1790719503301709 0.022830154884241897 0.13207305672879688 0.010029683393615606 0.039356578827007868 0.025043640584698545 0.064366586754025873 -0.017601198207580927 0.15480468885580115 0.044283731556528719 0.075010687546658725
leaf_weight=2254.9029552936554 31447.11976480484 220.14330697059631 8922.5879927873611 103.50424146652222 5726.7974861860275 68.129231929779053 2766.8606622219086 1418.5872179269791 483.72521281242371 1374.8191576004028 281.95725011825562 81.421001672744751 234.08884310722351 219.6009281873703
leaf_count=1598 22030 129 5903 54 3602 40 1774 848 279 764 176 46 131 123
internal_value=5.01259e-05 0.0166168 0.0205998 0.03699 0.0124752 0.0250564 0.0155531 0.0440338 0.0561207 0.0491177 0.0241368 0.044932 0.0833614 0.110567
internal_weight=55604.2 24157.1 21902.2 7252.84 14649.4 4473.72 2987 1486.72 2779.12 2221.92 847.103 565.146 557.194 323.105
internal_count=37497 15467 13869 4364 9505 2791 1903 888 1573 1265 501 325 308 177
is_linear=0
shrinkage=0.05


Tree=4
num_leaves=15
num_cat=0
split_feature=8 6 3 8 6 8 8 8 8 3 8 1 1 8
split_gain=4119.99 1366.96 691.887 396.628 374.28 349.559 270.823 250.08 395.697 322.482 245.12 209.793 356.285 161.628
threshold=1120.9950000000001 31.500000000000004 1.0000000180025095e-35 584.86500000000012 58.000000000000007 2635.3900000000008 969.09500000000014 328.97500000000008 278.09500000000008 18.500000000000004 168.71000000000001 11.500000000000002 13.500000000000002 168.71000000000001
decision_type=2 2 2 2 2 2 2 2 2 2 2 2 2 2
left_child=1 -1 3 -3 6 -2 -5 8 9 13 -11 -9 -13 -4
right_child=5 2 7 4 -6 -7 -8 11 -10 10 -12 12 -14 -15
leaf_value=-0.022221211282919179 -0.0048168732008426664 0.020849554592244152 0.10543453787700428 0.021940929696867326 0.0003474201907630555 -0.015413487624078577 0.13811848548949202 0.022459917120256981 0.073993801204415746 0.041394041174483247 -0.011335628010054943 0.13478263164852169 0.035880199611244501 0.043761491247652468
leaf_weight=2074.7681916952133 12745.80684876442 7042.5583528280258 133.75033497810364 131.28650450706482 5322.3154155015945 20006.531860470772 78.610521912574768 5004.0556743144989 800.21835041046143 375.89530754089355 519.25791037082672 105.10548973083496 571.0905020236969 536.24124479293823
leaf_count=1503 8919 4395 56 78 3526 14226 46 3033 400 208 320 62 327 280
internal_value=5.37305e-05 0.0164248 0.0203177 0.0129834 0.00295983 -0.0112911 0.0676529 0.0317657 0.0454444 0.0306587 0.0109137 0.0260346 0.0521297 0.0567631
internal_weight=55447.5 22695.2 20620.4 12574.8 5532.21 32752.3 209.897 8045.61 2365.36 1565.14 895.153 5680.25 676.196 669.992
internal_count=37379 14234 12731 8045 3650 23145 124 4686 1264 864 528 3422 389 336
is_linear=0
shrinkage=0.05


Tree=5
num_leaves=15
num_cat=0
split_feature=7 3 7 8 2 4 3 8 2 8 7 8 2 7
split_gain=4172.37 1231.3 481.725 359.128 325.769 311.78 303.258 232.533 225.751 213.639 229.677 208.881 182.323 183.1
threshold=1736.0250000000003 1.5000000000000002 465.33500000000009 278.09500000000008 15.500000000000002 1.5000000000000002 18.500000000000004 2635.3900000000008 11.500000000000002 31.370000000000001 760.31000000000006 168.71000000000001 10.500000000000002 394.37500000000006
decision_type=2 2 2 2 2 2 2 2 2 2 2 2 2 2
left_child=1 9 3 6 12 -6 8 -2 -3 -1 -11 -8 13 -5
right_child=7 2 -4 4 5 -7 11 -9 -10 10 -12 -13 -14 -15
leaf_value=-0.024587258494175254 -0.0065706581813857762 0.037101950143355829 0.022410268211093966 0.09010340118045411 0.1347422729510431 0.059056718775234995 0.040907111703764765 -0.01563648267403886 0.10063265968465743 0.013752836268039737 0.0016874460834550673 -0.0063797981088874042 -0.021472743751355487 0.027420982658636125
leaf_weight=507.98415923118591 11034.952121973038 422.47661650180817 5692.0111273527145 203.15793359279633 272.14307630062103 295.09955513477325 409.14127242565155 19752.251553654671 212.38983178138733 8573.4375206232071 7304.5091867446899 532.90965533256531 91.572098135948181 279.67130267620087
leaf_count=368 7825 205 3387 94 125 135 217 14274 92 5402 4826 332 45 139
internal_value=-9.53904e-05 0.0151673 0.0307135 0.0480254 0.0693797 0.096228 0.0323951 -0.0123886 0.058976 0.00718076 0.00820454 0.0142649 0.0422644 0.0544488
internal_weight=55583.7 24796.5 8410.57 2718.56 1141.64 567.243 1576.92 30787.2 634.866 16385.9 15877.9 942.051 574.401 482.829
internal_count=37466 15367 4771 1384 538 260 846 22099 297 10596 10228 549 278 233
is_linear=0
shrinkage=0.05


Tree=6
num_leaves=15
num_cat=0
split_feature=7 6 7 8 2 5 4 8 6 8 7 7 6 2
split_gain=4267.37 1296.39 747.745 951.381 402.045 360.804 298.298 292.76 258.532 294.623 266.734 249.869 213.177 206.566
threshold=1535.7450000000001 15.500000000000002 465.33500000000009 278.09500000000008 15.500000000000002 2.5000000000000004 1.0000000180025095e-35 2635.3900000000008 86.500000000000014 168.71000000000001 164.04500000000004 427.77000000000004 183.50000000000003 7.5000000000000009
decision_type=2 2 2 2 2 2 2 2 2 2 2 2 2 2
left_child=1 -1 3 8 11 -6 12 -2 -3 10 -10 13 -4 -5
right_child=7 2 6 4 5 -7 -8 -9 9 -11 -12 -13 -14 -15
leaf_value=-0.023845178377742478 -0.0057496623459005478 -0.0049917918666717125 0.01182952191797218 0.069569303654433229 0.047170012541607555 0.12795067706528745 0.0220192138323493 -0.015546282887880606 0.027396085756917678 0.017125036665931459 0.076045718943508173 0.021302031201331281 -0.0063096004989119346 -0.0028294227128244447
leaf_weight=1848.645094037056 12598.729005336761 817.89440071582794 6729.3784037828445 927.47330629825592 241.86562180519104 347.29851019382477 5851.6287413835526 19350.215871810913 724.99309551715851 2902.3095736503601 466.1192444562912 605.73823440074921 2129.1717633008957 109.73474431037903
leaf_count=1387 8930 488 4294 464 104 141 3392 14204 416 1690 240 334 1386 50
internal_value=0.000240255 0.0163132 0.0197149 0.032984 0.0600231 0.0954643 0.0132623 -0.0116846 0.0206467 0.0257693 0.0466725 0.0470627 0.00746864 0.0619328
internal_weight=55651.2 23702.3 21853.6 7143.43 2232.11 589.164 14710.2 31948.9 4911.32 4093.42 1191.11 1642.95 8858.55 1037.21
internal_count=37520 14386 12999 3927 1093 245 9072 23134 2834 2346 656 848 5680 514
is_linear=0
shrinkage=0.05


Tree=7
num_leaves=15
num_cat=0
split_feature=7 3 7 3 3 7 7 7 7 7 7 7 7 7
split_gain=3940.36 927.61 599.757 321.22 395.704 276.554 243.05 175.588 384.018 249.445 160.128 145.466 142.125 170.246
threshold=1535.7450000000001 1.5000000000000002 394.37500000000006 19.500000000000004 16.500000000000004 139.01500000000001 3809.7750000000005 164.04500000000004 524.245 489.3300000000001 1.0000000180025095e-35 384.84500000000008 203.61000000000004 362.24000000000007
decision_type=2 2 2 2 2 2 2 2 2 2 2 2 2 2
left_child=1 7 3 4 -3 -5 -2 10 9 12 -1 -7 -9 -14
right_child=6 2 -4 5 -6 11 -8 8 -10 -11 -12 -13 13 -15
leaf_value=0.017657809191034286 -0.0068011541661888763 0.06009226002874038 0.020327700365049235 0.065687434616255147 0.15786183605061271 0.010826066905965954 -0.015665728972308897 0.063150354363535194 0.0041139554042833983 0.070000004177845285 -0.013775023155962971 0.069160799303359416 0.0081775771791905393 0.028588861835375564
leaf_weight=543.97038817405701 13821.968745827675 758.34176230430603 6137.4443421363831 482.4696751832962 118.56456446647644 787.98508405685425 17583.639043807983 170.31499600410461 9251.8876676559448 249.39556777477264 1544.1018662452698 119.20617365837097 2351.3037605285645 1809.4429739713669
leaf_count=341 9891 324 3371 209 48 432 13118 101 5972 136 1069 45 1455 1011
internal_value=-6.61325e-05 0.0150391 0.0284736 0.0504378 0.0741315 0.0352743 -0.011766 0.00794062 0.00998046 0.0218126 -0.00556374 0.0188284 0.0189603 0.0170778
internal_weight=55730 24324.4 8404.01 2266.57 876.906 1389.66 31405.6 15920.4 13832.3 4580.46 2088.07 907.191 4331.06 4160.75
internal_count=37523 14514 4429 1058 372 686 23009 10085 8675 2703 1410 477 2567 2466
is_linear=0
shrinkage=0.05


Tree=8
num_leaves=15
num_cat=0
split_feature=8 6 8 8 1 6 8 6 6 6 2 2 2 6
split_gain=3255.34 1035.41 517.032 594.456 358.79 317.29 312.51 238.605 187.202 162.777 134.362 324.996 125.48 131.801
threshold=1263.3700000000001 14.500000000000002 328.97500000000008 278.09500000000008 1.5000000000000002 74.500000000000014 2635.3900000000008 138.50000000000003 68.500000000000014 50.500000000000007 18.500000000000004 11.500000000000002 20.500000000000004 144.50000000000003
decision_type=2 2 2 2 2 2 2 2 2 2 2 2 2 2
left_child=1 -1 3 8 9 -5 -2 -7 -3 -4 11 -10 13 -6
right_child=6 2 4 5 12 7 -8 -9 10 -11 -12 -13 -14 -15
leaf_value=-0.024124941741415773 -0.004575269185107189 -0.0087232382585600461 0.030777483650224726 -0.0015701008370010633 0.043839189749853617 0.083304737903082446 -0.015126531916643019 0.041980400536465227 0.021566772202326657 0.0068750284307177671 -0.0010469950096541997 0.07745497749619662 -0.0027086470034614601 0.019086196099706208
leaf_weight=1733.0447732210159 11213.731575012207 539.77409374713898 747.14153683185577 226.05499696731567 1204.7861651182175 691.11910998821259 18775.702935218811 743.00772094726562 3811.5791348218918 13642.178132534027 542.64101195335388 275.33786761760712 280.89375412464142 991.782106757164
leaf_count=1333 8074 321 426 121 653 289 14187 318 2142 8370 296 102 146 536
internal_value=-2.44924e-05 0.0131341 0.0158636 0.0274677 0.0111583 0.053465 -0.0111826 0.0621152 0.0190748 0.00812638 0.0223218 0.025422 0.028716 0.0327316
internal_weight=55418.8 25429.3 23696.3 6829.51 16866.8 1660.18 29989.4 1434.13 5169.33 14389.3 4629.56 4086.92 2477.46 2196.57
internal_count=37314 15053 13720 3589 10131 728 22261 607 2861 8796 2540 2244 1335 1189
is_linear=0
shrinkage=0.05


Tree=9
num_leaves=15
num_cat=0
split_feature=7 4 7 8 8 8 7 7 8 8 7 8 4 5
split_gain=3330.13 628.173 347.605 282.689 239.469 191.986 132.593 210.559 189.55 642.713 137.351 208.239 130.392 188.217
threshold=1535.7450000000001 1.0000000180025095e-35 751.4000000000002 969.09500000000014 2635.3900000000008 31.370000000000001 524.245 362.24000000000007 321.4550000000001 383.41000000000003 394.37500000000006 300.24000000000007 1.5000000000000002 4.5000000000000009
decision_type=2 2 2 2 2 2 2 2 2 2 2 2 2 2
left_child=1 5 3 12 -2 -1 7 -7 10 -10 -9 -12 13 -3
right_child=4 2 -4 -5 -6 6 -8 8 9 -11 11 -13 -14 -15
leaf_value=-0.024561264429309653 -0.0057848111265863013 0.049205843687096761 0.013332846238988803 0.094891097031407232 -0.014818221286576568 0.0070806683784752581 0.0041901920316157948 0.027063695359404824 0.0014273548054061639 0.15035679357454967 0.12004626709200411 0.040278302385954097 0.016131037458056378 0.025763421339248516
leaf_weight=458.22956931591034 12199.295426487923 1423.02716588974 4459.4843157529831 171.44572639465332 18437.047681331635 3997.6453920602798 8746.8572546243668 603.44758939743042 1008.9974721670151 73.054991006851196 117.34050917625427 274.90827262401581 1239.4767854213715 2204.294541478157
leaf_count=357 8783 656 2469 62 14166 2484 5601 317 560 37 52 137 592 1046
internal_value=-0.000200338 0.0134274 0.0235225 0.0325196 -0.0112227 0.0071471 0.00813532 0.0138071 0.0267008 0.0121277 0.0423981 0.0653514 0.0302272 0.0350151
internal_weight=55414.6 24778.2 9497.73 5038.24 30636.3 15280.5 14822.3 6075.39 2077.75 1082.05 995.696 392.249 4866.8 3627.32
internal_count=37319 14370 4825 2356 22949 9545 9188 3587 1103 597 506 189 2294 1702
is_linear=0
shrinkage=0.05


Tree=10
num_leaves=15
num_cat=0
split_feature=8 6 8 8 1 6 8 8 8 8 6 3 8 3
split_gain=3183.28 1002.87 424.427 238.862 229.918 162.14 166.535 167.08 410.781 185.457 146.307 150.489 147.861 142.977
threshold=1263.3700000000001 14.500000000000002 570.50500000000011 2635.3900000000008 1.5000000000000002 36.500000000000007 540.8900000000001 328.97500000000008 278.09500000000008 339.03000000000003 74.500000000000014 1.5000000000000002 307.97000000000008 1.0000000180025095e-35
decision_type=2 2 2 2 2 2 2 2 2 2 2 2 2 2
left_child=1 -1 5 13 -4 -3 7 8 -7 -9 -10 -12 -13 -2
right_child=3 2 4 -5 -6 6 -8 9 10 -11 11 12 -14 -15
leaf_value=-0.024340818004911918 -0.0098135424826023207 -0.018100482745134972 0.0059072589065333574 -0.014574071223633703 0.025347548407398519 0.019443808898727093 0.053521972019433053 -0.024401116917742237 0.0066890100090452494 0.016906082301733277 0.075320568045850245 0.051506359578343576 0.0078431589295882148 0.0018002721679062604
leaf_weight=1682.2779339551926 6766.1790633201599 243.80376493930817 10218.151584029198 18193.013633131981 1783.1595052480698 5227.8453196287155 422.87003409862518 284.96135485172272 200.40927827358246 4474.9950033426285 491.49754822254181 855.98917651176453 252.83658623695374 4351.9719554185867
leaf_count=1325 4929 146 6282 14164 927 2785 238 153 104 2519 218 290 106 3158
internal_value=0.00026631 0.0129512 0.0155208 -0.0110459 0.00880506 0.0219857 0.0227931 0.0216686 0.0265705 0.0144102 0.0471494 0.0521796 0.0416301 -0.00526879
internal_weight=55450 26138.8 24456.5 29311.2 12001.3 12455.2 12211.4 11788.5 7028.58 4759.96 1800.73 1600.32 1108.83 11118.2
internal_count=37344 15093 13768 22251 7209 6559 6413 6175 3503 2672 718 614 396 8087
is_linear=0
shrinkage=0.05


Tree=11
num_leaves=15
num_cat=0
split_feature=7 3 7 8 8 7 8 8 7 7 7 7 7 7
split_gain=3176.13 572.574 274.326 211.032 189.69 196.786 184.191 149.491 128.742 152.747 177.155 156.625 122.536 164.686
threshold=1736.0250000000003 1.5000000000000002 203.61000000000004 2635.3900000000008 75.225000000000009 760.31000000000006 75.225000000000009 535.15000000000009 164.04500000000004 524.245 362.24000000000007 236.76500000000001 427.77000000000004 489.3300000000001
decision_type=2 2 2 2 2 2 2 2 2 2 2 2 2 2
left_child=1 4 6 -2 -1 7 -3 8 -6 10 11 -10 -12 -14
right_child=3 2 -4 -5 5 -7 -8 -9 9 -11 12 -13 13 -15
leaf_value=-0.01878594915870431 -0.0058533197208638756 -0.007075222505608718 0.019786028539821164 -0.014752561707059898 -0.0068793329078139197 0.0021748819786901788 0.061380341271003273 0.032662429083192002 0.040384281195245016 0.0027268505127762931 0.042006088930766183 0.0044710486644578907 0.0085352540305436344 0.051382805217371423
leaf_weight=677.43112325668335 10649.233416318893 114.64296805858612 8920.7318351268768 17830.608795046806 893.28454482555389 7548.4376547336578 644.27968335151672 879.8955911397934 346.52429473400116 2340.1834042072296 964.90800797939301 2239.8273229598999 990.79274392127991 285.95320737361908
leaf_count=515 7819 49 4447 14109 605 4859 239 532 190 1431 453 1329 543 137
internal_value=0.000203822 0.0125414 0.0222632 -0.0114266 0.007055 0.00812196 0.0510608 0.0131386 0.0109886 0.0132185 0.0182959 0.00935141 0.028572 0.0182948
internal_weight=55326.7 26846.9 9679.65 28479.8 17167.2 16489.8 758.923 8941.37 8061.47 7168.19 4828.01 2586.35 2241.65 1276.75
internal_count=37257 15329 4735 21928 10594 10079 288 5220 4688 4083 2652 1519 1133 680
is_linear=0
shrinkage=0.05


Tree=12
num_leaves=15
num_cat=0
split_feature=7 3 7 8 8 7 8 8 8 2 3 8 8 7
split_gain=2892.74 552.219 278.684 193.675 170.736 169.585 158.914 154.415 146.422 315.196 223.368 137.5 269.616 125.545
threshold=1750.2450000000001 1.0000000180025095e-35 751.4000000000002 2635.3900000000008 31.370000000000001 760.31000000000006 610.97500000000014 663.5200000000001 551.23500000000013 8.5000000000000018 22.500000000000004 551.23500000000013 590.30000000000007 871.44000000000017
decision_type=2 2 2 2 2 2 2 2 2 2 2 2 2 2
left_child=1 4 8 -2 -1 11 -4 13 10 -10 -3 -6 -13 -8
right_child=3 2 6 -5 5 -7 7 -9 9 -11 -12 12 -14 -15
leaf_value=-0.024557442341097632 -0.0060676441101753459 0.030123743417692406 -0.015101091809151278 -0.0146936720364826 0.0093762030440070684 0.00066279624067964418 0.015294512165895464 0.011466001385643305 -0.0059221072515355097 0.084000954823528581 0.00082975153373245471 0.10568514363556436 0.01797428848975301 0.061501455723911719
leaf_weight=451.71873044967651 10328.549766898155 4219.9578585624695 485.75466549396515 17633.254517555237 8435.8768315315247 7088.3513469696045 297.16861867904663 4344.7172440290451 141.72466099262238 302.58135330677032 769.54824209213257 103.60215747356415 469.82380044460297 294.70960354804993
leaf_count=371 7628 1829 258 14160 4903 4583 155 2389 62 106 346 60 269 156
internal_value=-0.000195591 0.0113475 0.0201083 -0.011509 0.00559618 0.00644969 0.0120716 0.014758 0.0281095 0.0555706 0.025611 0.0109998 0.0345978 0.0386245
internal_weight=55367.3 27405.5 10856.2 27961.8 16549.4 16097.7 5422.35 4936.6 5433.81 444.306 4989.51 9009.3 573.426 591.878
internal_count=37275 15487 5301 21788 10186 9815 2958 2700 2343 168 2175 5232 329 311
is_linear=0
shrinkage=0.05


Tree=13
num_leaves=15
num_cat=0
split_feature=7 3 7 8 8 5 8 7 7 8 8 7 8 8
split_gain=2939.84 532.268 262.985 244.742 225.617 209.427 185.364 188.555 272.355 500.505 306.084 198.637 189.281 152.947
threshold=1535.7450000000001 2.5000000000000004 751.4000000000002 2635.3900000000008 500.37500000000006 5.5000000000000009 31.370000000000001 524.245 362.24000000000007 383.41000000000003 328.97500000000008 465.33500000000009 920.29500000000019 610.97500000000014
decision_type=2 2 2 2 2 2 2 2 2 2 2 2 2 2
left_child=1 6 4 -2 -3 -6 -1 8 12 10 11 -10 -8 -4
right_child=3 2 13 -5 5 -7 7 -9 9 -11 -12 -13 -14 -15
leaf_value=-0.024552287298926431 -0.0050791553849808746 0.025389885832646893 -0.018081062725291433 -0.014329210464558321 0.075740156409730808 0.016524661838851293 0.0039290371562839049 0.0036514796077781343 0.043568636162896295 0.1425691564461177 0.00078179196780656156 -0.023806245462301971 0.04498481396788432 0.015522120231974105
leaf_weight=443.21700215339661 12148.054046154022 4601.2934470176697 369.04722487926483 17406.732157468796 453.13275492191315 226.51722776889801 3911.2307958602905 9832.3180365562439 1292.9074522256851 86.841644525527954 911.56297314167023 116.35288035869598 297.57716226577759 3648.5089539289474
leaf_count=376 8908 1919 196 14185 168 99 2348 6114 578 35 487 62 177 1869
internal_value=0.000279556 0.0124758 0.0220804 -0.0105286 0.0294135 0.0562693 0.00718375 0.00804609 0.0145689 0.0279647 0.0233791 0.0379415 0.00688175 0.0124167
internal_weight=55745.3 26190.5 9298.5 29554.8 5280.94 679.65 16892 16448.8 6616.47 2407.66 2320.82 1409.26 4208.81 4017.56
internal_count=37521 14428 4251 23093 2186 267 10177 9801 3687 1162 1127 640 2525 2065
is_linear=0
shrinkage=0.05


Tree=14
num_leaves=15
num_cat=0
split_feature=7 3 7 8 8 8 7 8 8 3 3 7 8 3
split_gain=2773.25 479.967 188.718 191.453 186.03 159.369 159.563 139.672 138.956 162.006 134.484 415.621 194.337 161.579
threshold=1750.2450000000001 1.0000000180025095e-35 751.4000000000002 500.37500000000006 2708.8250000000003 88.825000000000003 760.31000000000006 535.15000000000009 461.47500000000008 20.500000000000004 15.500000000000002 534.87000000000012 168.71000000000001 19.500000000000004
decision_type=2 2 2 2 2 2 2 2 2 2 2 2 2 2
left_child=1 5 3 8 -2 -1 7 -7 9 10 12 13 -3 -12
right_child=4 2 -4 -5 -6 6 -8 -9 -10 -11 11 -13 -14 -15
leaf_value=-0.014180794429659874 -0.0061057974866737825 0.07128872735642458 0.012423813312649997 0.047478010115983758 -0.014546734050509586 0.0092647071440819708 0.0013484717852829244 0.030053152032176622 -0.011377903709781197 0.0041924399182123716 0.058009023388624105 0.12039300605041425 0.014967547593774531 0.021268696929464734
leaf_weight=945.76064658164978 10696.765157341957 162.23347687721252 5557.604567527771 834.80686557292938 16787.964017868042 7929.6619721651077 7164.2274054288864 896.45712959766388 297.87984001636505 867.59333801269531 405.72970831394196 138.05069231987 1904.0510205030441 1147.4185478687286
leaf_count=718 8011 41 2969 320 13883 4452 4614 509 147 374 136 65 783 481
internal_value=4.32542e-05 0.011043 0.0190142 0.0253592 -0.0112633 0.00571326 0.00689397 0.011392 0.021564 0.0236957 0.0281874 0.0386504 0.019551 0.0310217
internal_weight=55736.2 28251.5 11315.4 5757.76 27484.7 16936.1 15990.3 8826.12 4922.96 4625.08 3757.48 1691.2 2066.28 1553.15
internal_count=37503 15609 5316 2347 21894 10293 9575 4961 2027 1880 1506 682 824 617
is_linear=0
shrinkage=0.05


Tree=15
num_leaves=15
num_cat=0
split_feature=7 6 7 6 8 8 3 6 8 7 8 8 8 7
split_gain=2504.18 926.647 429.615 348.603 301.14 217.887 175.842 178.862 128.955 167.783 146.602 263.845 177.304 135.085
threshold=1750.2450000000001 15.500000000000002 465.33500000000009 86.500000000000014 969.09500000000014 2635.3900000000008 1.0000000180025095e-35 49.000000000000007 881.36500000000012 15.940000000000001 328.97500000000008 278.09500000000008 168.71000000000001 446.63500000000005
decision_type=2 2 2 2 2 2 2 2 2 2 2 2 2 2
left_child=1 -1 3 -3 8 -2 7 -4 9 -5 11 12 -11 -13
right_child=5 2 6 4 -6 -7 -8 -9 -10 10 -12 13 -14 -15
leaf_value=-0.023982812611714553 -0.0052865297324089953 -0.0036714380248376388 0.030579024461730699 0.077575432955712648 0.073421527548529736 -0.014518317404706872 0.013865544591109528 0.0022404695921151778 -0.014448779072634671 0.034163988635053738 -0.0066473224391371257 0.037752718761710546 0.012872947778598702 0.090205966967719931
leaf_weight=1854.6981379985809 10250.685740232468 1173.0106729269028 585.60019195079803 142.6899631023407 311.78264689445496 17008.388284683228 7633.5993347167969 9754.0222702026367 214.07899641990662 1384.5511749982834 378.57542181015015 1596.4855999946594 3341.597886800766 131.6898307800293
leaf_count=1465 7702 606 317 55 94 14264 3879 6033 86 633 192 524 1660 52
internal_value=-0.000214573 0.0101467 0.0125262 0.0216626 0.0256239 -0.0110483 0.00811193 0.00385947 0.0235015 0.0246757 0.0235151 0.0252881 0.0191398 0.0419984
internal_weight=55761.5 28502.4 26647.7 8674.46 7501.45 27259.1 17973.2 10339.6 7189.67 6975.59 6832.9 6454.32 4726.15 1728.18
internal_count=37562 15596 14131 3902 3296 21966 10229 6350 3202 3116 3061 2869 2293 576
is_linear=0
shrinkage=0.05


Tree=16
num_leaves=15
num_cat=0
split_feature=7 6 7 5 4 7 1 1 6 7 7 2 7 6
split_gain=2540.16 889.494 412.475 194.463 194.389 158.683 144.358 139.846 119.194 116.953 142.79 180.897 143.611 115.875
threshold=1750.2450000000001 14.500000000000002 760.31000000000006 5.5000000000000009 1.5000000000000002 3809.7750000000005 2.5000000000000004 14.500000000000002 172.00000000000003 1353.4900000000002 1146.0500000000004 6.5000000000000009 1026.9050000000002 88.500000000000014
decision_type=2 2 2 2 2 2 2 2 2 2 2 2 2 2
left_child=1 -1 3 4 13 -2 -4 9 -6 10 12 -12 -8 -3
right_child=5 2 6 -5 8 -7 7 -9 -10 -11 11 -13 -14 -15
leaf_value=-0.024136743078639722 -0.0066347320873720445 0.0063451000277527751 0.0037503561101824598 0.014955542005609652 0.022247400202329532 -0.014402797839699756 0.037252045900263459 -0.0082566685590510277 -0.01196635363253584 0.0057740301910191834 0.11043243029092992 0.027822498574532298 -0.017062238548354945 0.041480392859652923
leaf_weight=1762.6634845733643 11431.081028223038 268.43448102474213 10924.961104035378 10959.591173171997 899.35772907733917 15515.516580104828 481.04234457015991 361.51747226715088 350.607386469841 453.25608491897583 124.18768978118896 145.50106072425842 159.04556357860565 1976.9759300947189
leaf_count=1429 8736 102 6577 5463 340 13222 226 173 142 236 59 68 76 729
internal_value=-7.01217e-05 0.0102348 0.0124741 0.018243 0.0285148 -0.0111093 0.00587711 0.0193002 0.0126412 0.0266126 0.0369062 0.0671809 0.0237287 0.0373035
internal_weight=55813.7 28867.1 27104.5 14455 3495.38 26946.6 12649.5 1724.55 1249.97 1363.03 909.777 269.689 640.088 2245.41
internal_count=37578 15620 14191 6776 1313 21958 7415 838 482 665 429 127 302 831
is_linear=0
shrinkage=0.05


Tree=17
num_leaves=15
num_cat=0
split_feature=7 6 7 6 7 7 7 7 7 6 6 7 6 1
split_gain=2311.99 749.976 477.2 160.99 150.535 141.123 135.617 159.738 187.839 147.281 122.042 119.448 115.118 95.8764
threshold=1844.4500000000003 1.0000000180025095e-35 751.4000000000002 74.500000000000014 6098.5400000000009 606.44000000000017 725.68000000000006 664.44500000000005 650.81000000000006 109.50000000000001 151.50000000000003 15.940000000000001 203.00000000000003 1.5000000000000002
decision_type=2 2 2 2 2 2 2 2 2 2 2 2 2 2
left_child=1 -1 3 5 -2 -3 7 8 11 -8 13 12 -5 -4
right_child=4 2 10 6 -6 -7 9 -9 -10 -11 -12 -13 -14 -15
leaf_value=-0.024748085561130916 -0.0083737119187627992 -0.0027767347680643113 0.0059909159436078259 0.048000253869047577 -0.01651863716493809 0.041745105767221471 0.094272170362039984 -0.0018565397378703251 0.074218385276600546 0.028778724357475749 -0.0014016333376800397 0.017884477428125684 -0.0027348623389076739 0.020525200256270092
leaf_weight=1524.267153263092 17094.038328170776 1433.5717023611069 7367.5765058994293 602.2283239364624 8505.0837289094925 198.1434314250946 114.42884027957916 899.29612410068512 153.2485443353653 334.01936376094818 5271.8520449399948 10644.362911701202 136.39990425109863 1338.2888221740723
leaf_count=1279 13798 746 4512 195 7353 102 51 483 77 151 3127 4818 47 669
internal_value=-4.44868e-05 0.00936901 0.0111981 0.0175464 -0.0110825 0.00274068 0.0194197 0.0184305 0.020012 0.0463457 0.00460165 0.01925 0.0386758 0.00823566
internal_weight=55616.8 30017.7 28493.4 14515.7 25599.1 1631.72 12884 12435.5 11536.2 448.448 13977.7 11383 738.628 8705.87
internal_count=37408 16257 14978 6670 21151 848 5822 5620 5137 202 8308 5060 242 5181
is_linear=0
shrinkage=0.05


Tree=18
num_leaves=15
num_cat=0
split_feature=7 6 7 8 1 6 8 7 6 8 3 7 8 3
split_gain=2165.01 781.381 333.478 415.638 225.065 217.854 202.352 237.713 168.388 168.036 164.091 158.494 297.513 135.602
threshold=1736.0250000000003 15.500000000000002 524.245 969.09500000000014 1.5000000000000002 74.500000000000014 759.28000000000009 968.81500000000017 100.50000000000001 2635.3900000000008 6.5000000000000009 1146.0500000000004 945.96500000000003 1.0000000180025095e-35
decision_type=2 2 2 2 2 2 2 2 2 2 2 2 2 2
left_child=1 -1 3 5 8 -3 7 -6 -4 13 11 -8 -13 -2
right_child=9 2 4 -5 6 -7 10 -9 -10 -11 -12 12 -14 -15
leaf_value=-0.023771282462742474 -0.0099806875430329695 -0.0048900909911530977 0.013994447075778481 0.067520447073716988 0.025770576224905931 0.018808237763730768 -0.016772126780406557 0.087747926177020388 0.001420155935342891 -0.013516548335486704 -0.0077504535085338999 0.12111362398547461 0.019296011304870974 0.00179279220327003
leaf_weight=1671.9142774343491 6192.5058751106262 1082.013241648674 3535.9840648174286 407.82365703582764 1105.1644725799561 9194.0631642341614 140.72746324539185 176.86762714385986 10737.109296321869 16275.276556968689 786.86694419384003 91.093384265899658 293.56235098838806 4037.6683307886124
leaf_count=1413 4760 576 1979 112 473 3884 67 82 6295 14219 375 40 152 3064
internal_value=-1.3478e-05 0.00937142 0.0113866 0.0182972 0.00700527 0.0163118 0.0205387 0.0346286 0.00453909 -0.0103605 0.00669409 0.0281968 0.044653 -0.0053353
internal_weight=55728.6 29223.2 27551.3 10683.9 16867.4 10276.1 2594.28 1282.03 14273.1 26505.5 1312.25 525.383 384.656 10230.2
internal_count=37491 15448 14035 4572 9463 4460 1189 555 8274 22043 634 259 192 7824
is_linear=0
shrinkage=0.05


Tree=19
num_leaves=15
num_cat=0
split_feature=7 6 7 6 7 7 6 7 7 7 7 6 6 3
split_gain=2239.43 781.697 345.576 181.984 162.521 142.782 118.015 112.992 108.13 134.246 107.67 124.231 98.6396 87.8876
threshold=1750.2450000000001 18.500000000000004 751.4000000000002 144.50000000000003 6098.5400000000009 15.940000000000001 36.500000000000007 725.68000000000006 664.44500000000005 650.81000000000006 901.99000000000012 68.500000000000014 116.00000000000001 1.0000000180025095e-35
decision_type=2 2 2 2 2 2 2 2 2 2 2 2 2 2
left_child=1 -1 5 10 -2 -3 -7 8 9 13 -4 -12 -11 -8
right_child=4 2 3 -5 -6 6 7 -9 -10 12 11 -13 -14 -15
leaf_value=-0.023856492867203198 -0.0079675808225472822 0.036158371391543841 -0.00019096348262392609 -0.0013356293347336122 -0.016458079709371114 -0.01804833951885642 0.011959886090255839 0.038492681113363111 -0.0010382381018401189 0.019576482567863037 0.031052868388152223 0.010703733935976838 0.093258729516964969 0.020522698858657668
leaf_weight=1664.6055200695992 17663.706629276276 868.52370142936707 1773.6999615430832 5672.0329648256302 8288.2262115478516 256.63776576519012 7076.5481711626053 529.95112693309784 973.2741367816925 91.252097725868225 888.38297283649445 4761.6718215942383 92.589482307434082 5240.0682641267776
leaf_count=1433 14453 266 990 3326 7384 147 3548 224 518 44 467 2753 42 1926
internal_value=6.27573e-05 0.00939218 0.011357 0.0054074 -0.0106818 0.0165035 0.0152942 0.0159115 0.0150094 0.0162587 0.0105568 0.0139279 0.0581723 0.0156098
internal_weight=55841.2 29889.2 28224.6 13095.8 25951.9 15128.8 14260.3 14003.7 13473.7 12500.5 7423.75 5650.05 183.842 12316.6
internal_count=37521 15684 14251 7536 21837 6715 6449 6302 6078 5560 4210 3220 86 5474
is_linear=0
shrinkage=0.05


Tree=20
num_leaves=15
num_cat=0
split_feature=8 6 8 6 8 8 1 6 2 2 8 6 8 2
split_gain=1980.35 716.839 216.457 248.67 218.45 214.904 176.226 138.827 136.808 171.613 154.068 122.674 108.654 105.401
threshold=1263.3700000000001 15.500000000000002 328.97500000000008 74.500000000000014 278.09500000000008 2635.3900000000008 1.5000000000000002 206.50000000000003 18.500000000000004 15.500000000000002 168.71000000000001 144.50000000000003 339.03000000000003 23.500000000000004
decision_type=2 2 2 2 2 2 2 2 2 2 2 2 2 2
left_child=1 -1 3 -3 8 -2 12 -6 9 10 -5 13 -4 -8
right_child=5 2 6 4 7 -7 11 -9 -10 -11 -12 -13 -14 -15
leaf_value=-0.023681520450290788 -0.0038678148723679225 -0.0063976665196367622 -0.024393438201450832 0.031402004543634052 0.04017140976284006 -0.013059664230898552 0.032126625756985383 0.0037640211040509647 -0.0041870944375070182 0.071443919799976219 0.011366607843389278 0.0078473329779817965 0.0067766069510879767 -0.0091843168567282488
leaf_weight=1540.7673522233963 10565.554136872292 937.62829089164734 279.85252976417542 1339.8770866394043 1756.1224339008331 15987.398452043533 1561.548161149025 308.85502314567566 747.0597859621048 145.34452342987061 3388.3190990686417 1328.4970219135284 15709.616109132767 169.12305927276611
leaf_count=1377 8091 506 141 578 521 14260 649 97 310 38 1562 576 8717 62
internal_value=0.000478425 0.00946081 0.0113101 0.0178823 0.0208466 -0.0094036 0.00833103 0.0347483 0.0157129 0.0187645 0.0170714 0.0193178 0.0062236 0.0280748
internal_weight=55765.6 29212.6 27671.8 8623.21 7685.58 26553 19048.6 2064.98 5620.6 4873.54 4728.2 3059.17 15989.5 1730.67
internal_count=37485 15134 13757 3612 3106 22351 10145 618 2488 2178 2140 1287 8858 711
is_linear=0
shrinkage=0.05


Tree=21
num_leaves=15
num_cat=0
split_feature=7 5 4 7 7 2 2 1 3 7 7 7 5 7
split_gain=1905.9 330.95 191.293 225.889 160.912 122.074 180.792 104.064 93.7194 90.3313 178.182 86.2208 81.0788 112.434
threshold=1750.2450000000001 5.5000000000000009 1.5000000000000002 681.6350000000001 4614.9600000000009 14.500000000000002 11.500000000000002 1.5000000000000002 1.5000000000000002 164.04500000000004 524.245 1.0000000180025095e-35 1.5000000000000002 236.76500000000001
decision_type=2 2 2 2 2 2 2 2 2 2 2 2 2 2
left_child=1 2 3 12 8 6 7 -5 -2 11 -11 -3 -1 -14
right_child=4 9 -4 5 -6 -7 -8 -9 -10 10 -12 -13 13 -15
leaf_value=0.022037133857527466 -0.0088556951810433594 0.010297915943346215 0.0073137318420099188 -0.0012504056696356237 -0.014310068925665637 -0.016560787876830151 0.069828798935562111 0.023165678364722022 0.00038104211868830327 0.013009653723502382 0.0032895361476304313 -0.010289654345223156 0.067363503515272871 0.03439846351459587
leaf_weight=777.52537417411804 10116.35337972641 742.97195625305176 2679.0728964805603 746.69652318954468 11713.96924495697 300.27343237400055 147.38158917427063 1043.5301648378372 3768.224441409111 7221.0031790733337 13581.075189828873 1585.4240130186081 342.90305781364441 1140.1417764425278
leaf_count=254 8273 371 1108 397 10693 135 59 468 3002 3279 7967 1103 89 382
internal_value=4.97489e-05 0.00853346 0.0179098 0.0242052 -0.00999444 0.0129008 0.0174974 0.0130067 -0.00634964 0.00562069 0.00666599 -0.00371234 0.0353428 0.0422212
internal_weight=55906.5 30308 7177.52 4498.45 25598.5 2237.88 1937.61 1790.23 13884.6 23130.5 20802.1 2328.4 2260.57 1483.04
internal_count=37580 15612 2892 1784 21968 1059 924 865 11275 12720 11246 1474 725 471
is_linear=0
shrinkage=0.05


Tree=22
num_leaves=15
num_cat=0
split_feature=7 6 7 8 6 8 1 6 1 3 6 3 8 6
split_gain=1611.76 651.094 293.876 181.692 168.446 153.851 152.451 120.882 407.402 101.585 89.1028 83.1092 127.981 82.4963
threshold=1750.2450000000001 35.500000000000007 524.245 2635.3900000000008 144.50000000000003 383.41000000000003 2.5000000000000004 127.50000000000001 4.5000000000000009 1.0000000180025095e-35 44.000000000000007 2.5000000000000004 377.81000000000006 153.50000000000003
decision_type=2 2 2 2 2 2 2 2 2 2 2 2 2 2
left_child=1 -1 5 9 6 -3 10 -8 -9 -2 -4 -6 -13 -7
right_child=3 2 4 -5 11 13 7 8 -10 -11 -12 12 -14 -15
leaf_value=-0.019979065830173854 -0.0085438387753892786 0.013618565651501383 0.034620708357685381 -0.013164413834723885 -0.0043446396080725445 0.019494132291649341 0.015579343891925888 0.129339566251337 0.01582429722996944 0.0018776795769307028 0.0058572446157383537 0.065528779151587363 0.0046165261712059705 0.047214800026980565
leaf_weight=2041.1316557526588 5974.2205533981323 10006.595993161201 273.79148066043854 15518.057823181152 4882.7703915834427 551.68445038795471 1100.5601099729538 105.74966371059418 282.16170310974121 3837.6015136241913 8105.213506102562 84.35724949836731 2512.3086820840836 540.83464169502258
leaf_count=1672 4739 4095 131 14271 2980 153 453 46 120 2952 4539 35 1201 174
internal_value=-0.000477339 0.00726666 0.00922483 -0.00979765 0.00515729 0.0155768 0.00944523 0.0241667 0.0480221 -0.00446889 0.0068172 -0.00050223 0.0067175 0.0333694
internal_weight=55817 30487.2 28446 25329.9 17346.9 11099.1 9867.48 1488.47 387.911 9811.82 8379 7479.44 2596.67 1092.52
internal_count=37561 15599 13927 21962 9505 4422 5289 619 166 7691 4670 4216 1236 327
is_linear=0
shrinkage=0.05


Tree=23
num_leaves=15
num_cat=0
split_feature=7 3 7 3 8 7 7 7 8 8 7 8 8 8
split_gain=1802.42 266.085 141.99 155.22 123.95 115.6 106.927 97.5713 180.068 166.062 131.597 119.476 94.834 118.884
threshold=1844.4500000000003 1.5000000000000002 681.6350000000001 3.5000000000000004 31.370000000000001 6098.5400000000009 760.31000000000006 362.24000000000007 328.97500000000008 535.15000000000009 465.33500000000009 590.30000000000007 491.55500000000006 339.03000000000003
decision_type=2 2 2 2 2 2 2 2 2 2 2 2 2 2
left_child=1 4 3 -3 -1 -2 7 -6 10 12 -9 -11 13 -10
right_child=5 2 -4 -5 6 -7 -8 8 9 11 -12 -13 -14 -15
leaf_value=-0.024498675691365126 -0.0081050677835897058 0.072206435962592325 0.0080409624001220471 0.017516084305825876 0.0025308095463883562 -0.015523037617573527 0.00035875968003690032 0.030775677772121618 -0.024383865233475906 0.042352110996436196 -0.023802309403924821 -0.023335035851671584 -0.014298837298352907 0.0099172223343137657
leaf_weight=370.53006035089493 16314.117903113365 128.18959963321686 6323.6494295597076 6048.1829431056976 4652.3024135828018 7761.2126970291138 8511.910307765007 1453.9376865625381 273.72993957996368 458.28533792495728 115.88771855831146 78.083837032318115 647.78891158103943 2712.516333937645
leaf_count=363 13847 46 3098 1995 2562 7320 5389 557 138 251 59 43 382 1445
internal_value=-0.000181228 0.00763689 0.0133173 0.0187087 0.00395056 -0.0104991 0.0045145 0.0079164 0.0122753 0.00682615 0.0266838 0.0326623 0.0029732 0.00673756
internal_weight=55850.3 31775 12500 6176.37 19275 24075.3 18904.4 10392.5 5740.23 4170.4 1569.83 536.369 3634.04 2986.25
internal_count=37495 16328 5139 2041 11189 21167 10826 5437 2875 2259 616 294 1965 1583
is_linear=0
shrinkage=0.05


Tree=24
num_leaves=15
num_cat=0
split_feature=7 6 7 8 1 8 6 4 8 8 8 8 7 4
split_gain=1780.42 665.65 324.385 298.62 191.559 148.892 141.15 128.755 163.652 356.92 127.272 237.01 111.015 94.1826
threshold=1750.2450000000001 32.500000000000007 524.245 383.41000000000003 1.5000000000000002 2635.3900000000008 47.500000000000007 1.0000000180025095e-35 881.36500000000012 920.29500000000019 945.96500000000003 909.33000000000004 1225.0200000000002 1.0000000180025095e-35
decision_type=2 2 2 2 2 2 2 2 2 2 2 2 2 2
left_child=1 -1 3 -3 6 13 12 8 -5 -10 11 -6 -4 -2
right_child=5 2 4 7 10 -7 -8 -9 9 -11 -12 -13 -14 -15
leaf_value=-0.020838538375699458 -0.0089354676246600796 0.013863332803350266 0.01106781364793045 0.11332358417057194 0.020114605032899437 -0.012908954386332617 0.002446369806211773 0.028109590002234626 -0.022268830055373272 0.089563647218718498 0.0013919447121327974 0.096642709782137945 0.059966622308168516 0.0011275285427558652
leaf_weight=1855.3494803309441 5910.776603937149 10414.929643630981 313.24723947048187 114.6077139377594 1959.0975821018219 15139.24916946888 14083.549823522568 728.3771448135376 121.59817123413086 162.17946815490723 876.88708102703094 102.21934962272644 182.20420217514038 3829.223429441452
leaf_count=1585 4764 4144 144 36 777 14277 8017 190 48 52 415 41 87 2960
internal_value=0.000148544 0.00816068 0.0100155 0.0165223 0.00572477 -0.00980674 0.00337453 0.0409302 0.0637316 0.0420878 0.0173609 0.0241343 0.02947 -0.00498071
internal_weight=55793.5 30914.2 29058.9 11541.7 17517.2 24879.2 14579 1126.76 398.385 283.778 2938.2 2061.32 495.451 9740
internal_count=37537 15536 13951 4470 9481 22001 8248 326 136 100 1233 818 231 7724
is_linear=0
shrinkage=0.05


Tree=25
num_leaves=15
num_cat=0
split_feature=7 6 7 8 7 6 8 3 6 8 8 6 8 2
split_gain=1399.32 562.848 230.958 159.163 139.245 129.906 127.298 214.183 93.8944 82.8695 172.578 133.666 116.525 110.782
threshold=1844.4500000000003 1.0000000180025095e-35 524.245 383.41000000000003 6098.5400000000009 144.50000000000003 377.81000000000006 1.5000000000000002 74.500000000000014 328.97500000000008 278.09500000000008 226.00000000000003 168.71000000000001 18.500000000000004
decision_type=2 2 2 2 2 2 2 2 2 2 2 2 2 2
left_child=1 -1 3 8 -2 -4 7 -7 -3 10 12 -12 -10 -14
right_child=4 2 5 -5 -6 6 -8 -9 9 -11 11 -13 13 -15
leaf_value=-0.024739733506704782 -0.0069400792088993484 -0.0023828882393742961 0.0078436247726198904 0.03016351234015742 -0.015165831024943533 -0.0072558972791552647 -0.0015846998568276799 0.096886950849375819 0.020612222533609035 0.00078791610029308855 0.031217589146933372 -0.0036094762194149978 0.0080875529917552643 -0.020580946459116373
leaf_weight=1381.6203447580338 16017.201517939568 1118.7513529062271 11283.384569764137 1249.2400867938995 7587.9668823480606 110.18260562419891 7591.3625547885895 83.518576622009277 1853.965256690979 1225.5860362052917 1973.2402975559235 318.94979691505432 3738.5011368989944 365.53392064571381
leaf_count=1326 13823 575 6153 351 7363 61 4288 31 711 527 524 94 1589 168
internal_value=-0.000335061 0.00642803 0.00782484 0.0133075 -0.00958693 0.00441684 -0.000551653 0.0389557 0.0113067 0.0129234 0.0147245 0.0263742 0.0102243 0.0055122
internal_weight=55899 32293.8 30912.2 11843.8 23605.2 19068.4 7785.06 193.701 10594.5 9475.78 8250.19 2292.19 5958 4104.04
internal_count=37584 16398 15072 4539 21186 10533 4380 92 4188 3613 3086 618 2468 1757
is_linear=0
shrinkage=0.05


Tree=26
num_leaves=15
num_cat=0
split_feature=7 6 7 8 6 8 7 7 6 6 8 7 8 6
split_gain=1582.91 605.962 217.833 147.4 126.645 123.67 107.71 140.253 135.931 101.828 93.1692 79.0319 288.704 179.236
threshold=1750.2450000000001 14.500000000000002 760.31000000000006 3472.8500000000004 181.00000000000003 535.15000000000009 664.44500000000005 650.81000000000006 116.00000000000001 36.500000000000007 610.97500000000014 362.24000000000007 328.97500000000008 226.00000000000003
decision_type=2 2 2 2 2 2 2 2 2 2 2 2 2 2
left_child=1 -1 5 -2 10 6 7 9 -9 -3 -4 -11 13 -13
right_child=3 2 4 -5 -6 -7 -8 8 -10 11 -12 12 -14 -15
leaf_value=-0.024157516553983044 -0.0060201252672011001 -0.020426835231845814 -0.0087804583406289501 -0.013854185718806726 -0.0054743025743533196 0.024767575347336909 -0.0058291643764847509 0.0081279839300873735 0.090405021300725072 0.0076138427691722277 0.0080595289603030053 0.029824411873380408 0.0067038439407671353 -0.0045672386831658706
leaf_weight=1445.1649126410484 13199.970856070518 238.98942077159882 893.76753318309784 11031.287562608719 2716.4801164865494 1889.760752081871 872.58200085163116 92.828140616416931 107.15538954734802 5554.706134557724 9635.7957121133804 3211.1449053287506 4364.1900404691696 428.03399634361267
leaf_count=1399 11084 142 501 10755 1578 644 456 42 39 2437 5283 941 1987 133
internal_value=1.45524e-05 0.00741378 0.00893813 -0.00958871 0.00414386 0.012725 0.0111867 0.0122492 0.0533436 0.0116344 0.00662663 0.0122069 0.0153879 0.0257786
internal_weight=55681.9 31450.6 30005.4 24231.3 13246 16759.4 14869.6 13997 199.984 13797.1 10529.6 13558.1 8003.37 3639.18
internal_count=37421 15582 14183 21839 7362 6821 6177 5721 81 5640 5784 5498 3061 1074
is_linear=0
shrinkage=0.05


Tree=27
num_leaves=15
num_cat=0
split_feature=7 6 7 8 8 6 7 6 3 7 8 8 6 7
split_gain=1333.47 524.541 218.909 246.166 153.846 109.351 121.433 108.997 99.8616 85.5609 85.1375 130.622 120.336 97.4418
threshold=1844.4500000000003 1.0000000180025095e-35 751.4000000000002 540.8900000000001 3472.8500000000004 74.500000000000014 664.44500000000005 144.50000000000003 1.5000000000000002 650.81000000000006 328.97500000000008 278.09500000000008 86.500000000000014 236.76500000000001
decision_type=2 2 2 2 2 2 2 2 2 2 2 2 2 2
left_child=1 -1 3 5 8 -3 9 -4 -2 10 11 13 -12 -7
right_child=4 2 7 -5 -6 6 -8 -9 -10 -11 12 -13 -14 -15
leaf_value=-0.02473536078011904 -0.0084998864955949886 -0.0030610992516041718 0.0064959935392724837 0.030653975179920353 -0.013920306457766854 0.020007116115106763 -0.0058465335378304721 -0.0022927210114546946 0.0015970021708658876 0.043254393083333946 0.044358043766882987 0.024477823833210774 0.0036972496873484782 0.0063167056359429725
leaf_weight=1317.0534434318542 8971.1001064777374 1571.8047163486481 8752.2826527357101 1495.8882986307144 10804.843685030937 1887.9749119281769 1005.0836344957352 5904.2532639503479 3365.6668803691864 213.46866917610168 186.13543510437012 2356.205014705658 3829.122314453125 4172.8804993629456
leaf_count=1324 7716 794 4889 442 10682 726 521 3439 2764 82 85 607 1733 1739
internal_value=-0.000381659 0.00611912 0.00741806 0.0113278 -0.00956465 0.00941918 0.0108568 0.00295596 -0.00574576 0.0121862 0.0116355 0.014493 0.00563499 0.0105943
internal_weight=55833.8 32692.2 31375.1 16718.6 23141.6 15222.7 13650.9 14656.5 12336.8 12645.8 12432.3 8417.06 4015.26 6060.86
internal_count=37543 16381 15057 6729 21162 6287 5493 8328 10480 4972 4890 3072 1818 2465
is_linear=0
shrinkage=0.05


Tree=28
num_leaves=15
num_cat=0
split_feature=7 6 7 8 7 6 7 6 7 6 4 7 8 8
split_gain=1468.95 530.945 232.576 274.673 130.171 125.299 111.813 96.7628 138.376 89.0148 88.2437 84.3473 80.649 126.224
threshold=1844.4500000000003 1.0000000180025095e-35 751.4000000000002 540.8900000000001 6098.5400000000009 74.500000000000014 664.44500000000005 42.500000000000007 1225.0200000000002 26.500000000000004 1.0000000180025095e-35 650.81000000000006 610.97500000000014 759.28000000000009
decision_type=2 2 2 2 2 2 2 2 2 2 2 2 2 2
left_child=1 -1 3 5 -2 -3 11 8 -4 -10 -9 -7 -12 -14
right_child=4 2 7 -5 -6 6 -8 10 9 -11 12 -13 13 -15
leaf_value=-0.024731248445631935 -0.0069291407929431897 -0.0033955756457689176 -0.0038274920873994085 0.031843328879302635 -0.015041985624204579 0.01242820578610792 -0.0043868817507806612 -0.00085233972440401065 0.010485797680757008 0.060194388939563907 -0.011711323382022821 0.04419849282503055 0.021458318376189157 0.0044883098010982036
leaf_weight=1261.5825433731079 15649.871020555496 1524.0949388742447 293.74364590644836 1617.9034091234207 7236.4553397893906 12559.571195483208 998.99967968463898 7640.8570333719254 147.17717146873474 237.56951355934143 515.21471893787384 208.30761432647705 1472.1595455408096 4259.4777050018311
leaf_count=1301 13816 767 154 457 7330 4853 518 4799 106 117 255 76 661 2161
internal_value=0.000219712 0.00701317 0.00828927 0.0122778 -0.00949708 0.0101979 0.0117035 0.00365666 0.0220246 0.0415578 0.00275169 0.0129636 0.00715712 0.00886193
internal_weight=55623 32736.7 31475.1 16908.9 22886.3 15291 13766.9 14566.2 678.49 384.747 13887.7 12767.9 6246.85 5731.64
internal_count=37371 16225 14924 6671 21146 6214 5447 8253 377 223 7876 4929 3077 2822
is_linear=0
shrinkage=0.05


Tree=29
num_leaves=15
num_cat=0
split_feature=7 6 7 8 6 7 8 6 3 8 7 3 8 6
split_gain=1343.84 486.134 233.678 168.46 117.339 145.559 114.932 109.461 103.567 123.848 177.164 103.184 90.3158 90.0178
threshold=1844.4500000000003 1.0000000180025095e-35 760.31000000000006 535.15000000000009 44.000000000000007 1225.0200000000002 2635.3900000000008 74.500000000000014 1.5000000000000002 1831.1900000000003 2546.3500000000008 3.5000000000000004 491.55500000000006 183.50000000000003
decision_type=2 2 2 2 2 2 2 2 2 2 2 2 2 2
left_child=1 -1 3 7 5 -4 8 -3 -2 -10 -11 13 -9 -6
right_child=6 2 4 -5 11 -7 -8 12 9 10 -12 -13 -14 -15
leaf_value=-0.024727324764324932 -0.0085396173828737945 -0.0031534452944593258 -0.0045425818458012376 0.024955045770677354 0.0011478598835474865 0.040063885545797873 -0.01234431220286104 0.011985625024450745 -0.0092715184685515858 0.090171522751673394 0.0091302614714157664 0.0078928830927277576 -0.0059000342230540077 -0.011212082634455934
leaf_weight=1212.8305898308754 5994.1564513444901 1513.9343258142471 306.73880243301392 2021.2236099243164 7304.2824997901917 444.57204234600067 14085.893644571304 12893.96951854229 1069.9722411632538 66.07904577255249 1363.5156944990158 4511.0282553434372 743.79673290252686 1840.0325752496719
leaf_count=1284 4992 769 158 654 4444 242 14090 4958 842 52 1073 2133 388 1170
internal_value=-0.000188647 0.00627454 0.00746891 0.0114076 0.0027716 0.0219427 -0.00957445 0.00959275 -0.00497638 0.00356852 0.0131774 0.00170917 0.0110083 -0.00134399
internal_weight=55372 32792.4 31579.6 17172.9 14406.7 751.311 22579.6 15151.7 8493.72 2499.57 1429.59 13655.3 13637.8 9144.32
internal_count=37249 16200 14916 6769 8147 400 21049 6115 6959 1967 1125 7747 5346 5614
is_linear=0
shrinkage=0.05


Tree=30
num_leaves=15
num_cat=0
split_feature=7 6 7 8 8 6 3 6 2 6 7 7 3 6
split_gain=1345.95 550.675 186.93 167.914 150.716 135.275 123.597 240.919 178.819 97.6116 93.2659 102.224 100.345 78.8985
threshold=1736.0250000000003 30.500000000000004 751.4000000000002 535.15000000000009 2635.3900000000008 200.00000000000003 4.5000000000000009 131.50000000000003 11.500000000000002 183.50000000000003 664.44500000000005 650.81000000000006 10.500000000000002 153.50000000000003
decision_type=2 2 2 2 2 2 2 2 2 2 2 2 2 2
left_child=1 -1 3 10 -2 6 7 -5 -8 -4 11 -3 -13 -9
right_child=4 2 9 5 -6 -7 8 13 -10 -11 -12 12 -14 -15
leaf_value=-0.021607375081415074 -0.00396019508967558 0.01058455307361947 0.0061248138770715393 0.08580636067060475 -0.012110583524239944 -0.0044752873248250459 -0.013145679585392346 -0.0080274901906981222 0.035945702092127933 -0.0045837664345764481 -0.0056867140161519824 0.069793146884010823 0.0065399211342899166 0.039270280611997693
leaf_weight=1600.9351413846016 9531.7998654842377 14255.652071356773 10596.967642903328 259.59963274002075 14027.440890789032 293.42552042007446 275.23471570014954 130.3515477180481 550.72463440895081 2658.5127907991409 868.66341292858124 140.56959569454193 112.12596845626831 258.24907779693604
leaf_count=1549 7769 5542 5668 88 14201 87 85 46 107 1554 464 56 36 84
internal_value=0.000254291 0.00693115 0.00843736 0.0118844 -0.00881457 0.0264654 0.0326183 0.0489217 0.0196063 0.00397619 0.0102002 0.0111531 0.0423979 0.0235044
internal_weight=55560.3 32001 30400.1 17144.6 23559.2 1767.59 1474.16 648.2 825.959 13255.5 15377 14508.3 252.696 388.601
internal_count=37336 15366 13817 6595 21970 497 410 218 192 7222 6098 5634 92 130
is_linear=0
shrinkage=0.05


Tree=31
num_leaves=15
num_cat=0
split_feature=7 8 4 8 4 7 8 5 7 8 8 8 2 7
split_gain=1201.85 175.439 151.186 106.456 88.9113 84.3216 77.4482 63.1894 80.5255 51.0102 49.4238 113.938 123.105 91.0616
threshold=1535.7450000000001 3472.8500000000004 1.0000000180025095e-35 31.370000000000001 1.0000000180025095e-35 1514.5800000000002 2708.8250000000003 10.500000000000002 538.59000000000015 321.4550000000001 307.97000000000008 278.09500000000008 18.500000000000004 370.09000000000003
decision_type=2 2 2 2 2 2 2 2 2 2 2 2 2 2
left_child=2 4 3 -1 -2 -5 -6 10 9 -9 11 12 13 -4
right_child=1 -3 7 5 6 -7 -8 8 -10 -11 -12 -13 -14 -15
leaf_value=-0.024452385037758304 -0.0076684799867596277 -0.012954334203459518 0.022833447236884769 0.0039965579287169761 0.0032849417445061702 0.053505223514858903 -0.010382095388214971 0.024785394403968611 0.0097466474041580965 0.056895503794390602 0.0074527062912765479 0.026457845759046607 -0.0069401193450819151 -0.0085291709834852941
leaf_weight=324.40604472160339 8786.7971075773239 10384.462675631046 1179.8705996274948 17027.441518902779 4642.9755825996399 81.477187395095825 1329.1121282577515 464.09818065166473 759.23568105697632 173.33205986022949 8232.5435650348663 1277.4693248271942 873.97692954540253 284.82325100898743
leaf_count=362 7518 10802 350 9164 3509 49 1298 141 359 57 3262 272 327 70
internal_value=0.000126824 -0.0079763 0.00676813 0.00370697 -0.00447052 0.00424789 0.000237147 0.0107943 0.0208479 0.0338917 0.00960089 0.0144744 0.00788614 0.0167264
internal_weight=55822 25143.3 30678.7 17433.3 14758.9 17108.9 5972.09 13245.3 1396.67 637.43 11848.7 3616.14 2338.67 1464.69
internal_count=37540 23127 14413 9575 12325 9213 4807 4838 557 198 4281 1019 747 420
is_linear=0
shrinkage=0.05


Tree=32
num_leaves=15
num_cat=0
split_feature=7 6 7 7 3 6 2 1 6 7 4 7 6 6
split_gain=1127.46 478.103 145.339 142.146 113.765 92.5848 76.2263 147.317 69.9639 73.8433 65.0255 64.9666 56.3355 80.6511
threshold=1750.2450000000001 30.500000000000004 760.31000000000006 6098.5400000000009 1.0000000180025095e-35 181.00000000000003 14.500000000000002 11.500000000000002 74.500000000000014 254.29000000000002 2.5000000000000004 853.62500000000011 144.50000000000003 138.50000000000003
decision_type=2 2 2 2 2 2 2 2 2 2 2 2 2 2
left_child=1 -1 8 -2 5 -4 7 10 9 -3 11 -6 13 -13
right_child=3 2 4 -5 6 -7 -8 -9 -10 -11 -12 12 -14 -15
leaf_value=-0.021236400452783299 -0.006022830399113166 -0.015427221883339646 0.0020502790564301174 -0.014631317286020049 -0.0058440188966247635 -0.011517820976846491 -0.006407006886450118 0.067197376597949818 0.011148935914690756 0.0073962578658814185 -0.017431640008032399 0.013873098449000081 0.0054978910565170215 0.041412874638992694
leaf_weight=1546.4490764141083 16001.444103419781 508.09552466869354 5741.9035428762436 6851.688086271286 544.06563937664032 1604.4531911611557 761.68919801712036 107.1864960193634 16224.94276034832 1140.8044219017029 214.54969346523285 2339.1500269174576 1768.1351519823074 297.28713142871857
leaf_count=1537 14405 260 3433 7314 262 1052 336 40 6021 511 100 1068 869 136
internal_value=-8.16501e-05 0.00585855 0.00720246 -0.00860641 0.00325953 -0.000918829 0.00834484 0.0104809 0.010152 0.000338005 0.00923957 0.0104123 0.0124247 0.017051
internal_weight=55651.8 32798.7 31252.3 22853.1 13378.4 7346.36 6032.06 5270.37 17873.8 1648.9 5163.19 4948.64 4404.57 2636.44
internal_count=37344 15625 14088 21719 7296 4485 2811 2475 6792 771 2435 2335 2073 1204
is_linear=0
shrinkage=0.05


Tree=33
num_leaves=15
num_cat=0
split_feature=7 8 4 7 4 8 4 7 8 5 8 5 8 8
split_gain=1092.22 149.209 147.573 121.142 101.168 100.639 84.8169 69.3941 74.398 92.6482 67.8307 66.2765 60.1284 47.2122
threshold=1535.7450000000001 2635.3900000000008 1.0000000180025095e-35 1514.5800000000002 1.0000000180025095e-35 31.370000000000001 2.5000000000000004 681.6350000000001 500.37500000000006 5.5000000000000009 2129.7900000000004 2.5000000000000004 540.8900000000001 759.28000000000009
decision_type=2 2 2 2 2 2 2 2 2 2 2 2 2 2
left_child=2 4 3 5 -2 -1 7 8 -4 11 -7 -10 -9 -14
right_child=1 -3 6 -5 -6 10 -8 12 9 -11 -12 -13 13 -15
leaf_value=-0.024453450986627458 -0.0075594763741295467 -0.011379620255750659 0.012552360086889834 0.062235301355954412 0.0021186569673863104 0.0030551617281951468 -0.0082288936075425693 -0.012631634481708849 0.023307049790007802 0.002159773229399759 0.031241872966291818 0.059603728190863819 0.013518383615143527 0.0042693676419526018
leaf_weight=325.33918368816376 6551.1971933841705 13606.820293307304 6246.0429832935333 81.4203040599823 4588.086893081665 17007.153232932091 598.85072100162506 361.80453860759735 275.95516777038574 221.91236066818237 211.22793352603912 244.00392031669617 2433.8495658636093 3193.5745326280594
leaf_count=375 5399 14259 1891 46 3442 9110 219 157 51 53 91 40 1031 1435
internal_value=-2.37494e-05 -0.00786743 0.00619746 0.00317812 -0.00357405 0.00288638 0.0101147 0.0109641 0.0143496 0.0292954 0.00340991 0.0407456 0.00700538 0.008278
internal_weight=55947.2 24746.1 31201.1 17625.1 11139.3 17543.7 13576 12977.1 6987.91 741.871 17218.4 519.959 5989.23 5627.42
internal_count=37599 23100 14499 9622 8841 9576 4877 4658 2035 144 9201 91 2623 2466
is_linear=0
shrinkage=0.05


Tree=34
num_leaves=15
num_cat=0
split_feature=7 6 7 1 7 6 8 7 7 8 3 3 6 3
split_gain=948.28 448.857 163.629 148.369 142.442 133.124 116.856 104.484 236.862 127.573 154.998 180.46 149.899 96.6655
threshold=1750.2450000000001 14.500000000000002 524.245 1.5000000000000002 6098.5400000000009 74.500000000000014 278.09500000000008 1161.2350000000004 1146.0500000000004 759.28000000000009 24.500000000000004 16.500000000000004 146.00000000000003 5.5000000000000009
decision_type=2 2 2 2 2 2 2 2 2 2 2 2 2 2
left_child=1 -1 5 -4 -2 -3 -7 8 9 10 11 -5 -13 -9
right_child=4 2 3 7 -6 6 -8 13 -10 -11 -12 12 -14 -15
leaf_value=-0.024023060797551656 -0.0055898539799306823 -0.0050767968326567697 0.0012578435843650596 0.016947539137856436 -0.014287090637419267 0.0077228418495157679 0.017690578599057524 0.022281470959570959 0.089661023720200253 -0.016154845137122037 -0.019985001764283864 0.088799054485558776 0.019870824868502654 -0.0082272856612065886
leaf_weight=1265.3310018777847 15908.903959214687 1231.5111050605774 15474.835264205933 1057.1718699932098 6689.4582971334457 6605.144810795784 5315.4368963241577 375.46840000152588 110.94124245643616 262.93102383613586 196.092768907547 183.10580515861511 142.07232713699341 812.62216281890869
leaf_count=1397 14517 589 8375 369 7329 2497 1457 160 41 112 70 59 52 352
internal_value=-0.000275496 0.00512364 0.00628819 0.00327049 -0.00816696 0.0105565 0.0121731 0.0131703 0.0202703 0.0158581 0.0212249 0.0271217 0.0594408 0.00146727
internal_weight=55631 33032.7 31767.3 18615.2 22598.4 13152.1 11920.6 3140.41 1952.32 1841.37 1578.44 1382.35 325.178 1188.09
internal_count=37376 15530 14133 9590 21846 4543 3954 1215 703 662 550 480 111 512
is_linear=0
shrinkage=0.05


Tree=35
num_leaves=15
num_cat=0
split_feature=7 6 7 8 7 6 2 3 6 7 6 6 3 7
split_gain=1081.98 436.266 147.273 153.851 130.404 112.601 148.245 141.754 84.0779 89.1599 82.4063 84.5312 84.4359 74.5363
threshold=1844.4500000000003 1.0000000180025095e-35 751.4000000000002 535.15000000000009 6098.5400000000009 131.50000000000003 8.5000000000000018 4.5000000000000009 36.500000000000007 664.44500000000005 132.50000000000003 128.50000000000003 1.0000000180025095e-35 650.81000000000006
decision_type=2 2 2 2 2 2 2 2 2 2 2 2 2 2
left_child=1 -1 3 8 -2 7 -7 -5 -3 13 11 -4 -12 -10
right_child=4 2 10 5 -6 6 -8 -9 9 -11 12 -13 -14 -15
leaf_value=-0.024718089649039432 -0.0056763215424858312 -0.019876732816553014 0.0057207812117072146 0.06468048465328502 -0.014111430001495144 0.00019255588865854434 0.038426049768523873 0.021087822334650185 0.0094160757939597203 -0.0063630263943565196 -0.0049454454671412082 0.027106261959260133 0.0056338576040610077 0.03718660525023422
leaf_weight=1111.6694505214691 14918.248246312141 252.27167141437531 7008.8730033636093 300.26447069644928 6617.0595240592957 747.30920243263245 378.74872422218323 499.69547843933105 14769.97768509388 892.53776466846466 4238.3569706678391 490.30923187732697 3390.0605461597443 241.29415082931519
leaf_count=1286 13806 163 3785 101 7354 241 71 107 5480 468 2702 264 1616 79
internal_value=0.000513228 0.00602527 0.00705795 0.010103 -0.00827081 0.0234479 0.0131654 0.0377504 0.00850539 0.00896171 0.00341599 0.00713613 -0.000243404 0.0098747
internal_weight=55856.7 34321.4 33209.7 18082.1 21535.3 1926.02 1126.06 799.96 16156.1 15903.8 15127.6 7499.18 7628.42 15011.3
internal_count=37523 16363 15077 6710 21160 520 312 208 6190 6027 8367 4049 4318 5559
is_linear=0
shrinkage=0.05


Tree=36
num_leaves=15
num_cat=0
split_feature=7 7 8 3 3 8 7 8 3 3 8 3 3 3
split_gain=999.634 149.254 119.805 90.4339 70.6267 79.8988 66.7017 98.214 122.373 121.737 134.212 120.859 76.6976 64.7273
threshold=1535.7450000000001 6098.5400000000009 31.370000000000001 1.5000000000000002 1.0000000180025095e-35 2708.8250000000003 394.37500000000006 300.24000000000007 19.500000000000004 16.500000000000004 168.71000000000001 6.5000000000000009 24.500000000000004 22.500000000000004
decision_type=2 2 2 2 2 2 2 2 2 2 2 2 2 2
left_child=2 4 -1 -4 -2 -6 7 8 9 10 -5 -12 13 -8
right_child=1 -3 3 6 5 -7 12 -9 -10 -11 11 -13 -14 -15
leaf_value=-0.02444519820963964 -0.0079357919657565782 -0.014163900310878805 0.0038835568921329749 0.05061725938864832 0.0024642438893244432 -0.0084195032639749808 0.007762060553025512 0.03072517336087548 0.0020196677003065894 0.055363185277258045 0.045866657866296255 0.0010767496820277133 -0.0078370588163882478 0.042205429955004148
leaf_weight=318.24114716053009 10385.057030141354 6480.8671027421951 18184.579084992409 219.98248624801636 4616.0308989286423 2650.3796490430832 7919.6284042596817 764.95011281967163 1806.0271385908127 218.51413726806641 174.27690351009369 943.58843684196472 799.73048043251038 134.09433650970459
leaf_count=379 9471 7305 9583 36 3504 2745 3021 122 578 45 43 240 285 52
internal_value=-2.07315e-05 -0.00767641 0.00584767 0.00616087 -0.00529115 -0.0015086 0.00934841 0.0145973 0.0108881 0.0211397 0.0153645 0.00823271 0.00689457 0.00836137
internal_weight=55615.9 24132.3 31483.6 31165.4 17651.5 7266.41 12980.8 4127.34 3362.39 1556.36 1337.85 1117.87 8853.45 8053.72
internal_count=37409 23025 14384 14005 15720 6249 4422 1064 942 364 319 283 3358 3073
is_linear=0
shrinkage=0.05


Tree=37
num_leaves=15
num_cat=0
split_feature=8 6 8 3 6 8 2 2 8 8 6 6 8 8
split_gain=844.714 400.797 151.528 107.555 132.96 80.2321 76.9274 90.9987 72.9081 120.534 216.58 116.556 141.292 89.9803
threshold=1120.9950000000001 18.500000000000004 4746.0700000000006 1.0000000180025095e-35 136.50000000000003 990.93500000000006 24.500000000000004 22.500000000000004 269.88500000000005 321.4550000000001 106.50000000000001 46.500000000000007 980.68500000000006 257.95000000000005
decision_type=2 2 2 2 2 2 2 2 2 2 2 2 2 2
left_child=1 -1 -2 4 8 -6 7 -5 13 10 -10 12 -11 -3
right_child=2 3 -4 6 5 -7 -8 -9 9 11 -12 -13 -14 -15
leaf_value=-0.023637480188543739 -0.0049530236815764758 0.0046512738687215947 -0.014314751933633567 0.010128318982753565 0.00090177747567415662 -0.015414913702528375 -0.0064174787487480227 0.054167375100481419 0.0052214232477360368 0.016541587870462237 0.056792133966207727 0.0054722640346384693 0.07715878613504204 -0.024137926672884974
leaf_weight=1148.0151590108871 18948.489882528782 1661.324531018734 5599.0773128867149 12928.506608843803 7587.9354218244553 831.39815068244934 702.38091659545898 113.6651303768158 446.70831894874573 485.05869114398956 370.81009912490845 4596.2247593402863 116.3293731212616 319.22067952156067
leaf_count=1322 16872 797 6389 4509 3784 530 217 41 147 230 108 2397 39 151
internal_value=-0.000147551 0.00529678 -0.00709083 0.00640189 0.00366792 -0.000717667 0.00966452 0.0105327 0.00828345 0.0110211 0.0288159 0.00819725 0.0288066 -3.80164e-05
internal_weight=55855.1 31307.6 24547.6 30159.6 16415 8419.33 13744.6 13042.2 7995.68 6015.13 817.518 5197.61 601.388 1980.55
internal_count=37533 14272 23261 12950 8183 4314 4767 4550 3869 2921 255 2666 269 948
is_linear=0
shrinkage=0.05


Tree=38
num_leaves=15
num_cat=0
split_feature=7 6 7 7 8 7 7 8 8 1 5 6 6 6
split_gain=929.719 388.456 119.598 117.518 135.964 96.3166 98.3346 77.6952 114.782 108.73 81.5428 95.8567 76.4427 66.5014
threshold=1844.4500000000003 1.0000000180025095e-35 6098.5400000000009 751.4000000000002 535.15000000000009 664.44500000000005 650.81000000000006 881.36500000000012 969.09500000000014 11.500000000000002 11.500000000000002 133.50000000000003 40.500000000000007 183.50000000000003
decision_type=2 2 2 2 2 2 2 2 2 2 2 2 2 2
left_child=1 -1 -2 4 5 6 12 9 -9 10 -6 -12 -3 -5
right_child=2 3 -4 13 7 -7 -8 8 -10 -11 11 -13 -14 -15
leaf_value=-0.024711908400848658 -0.0057165498780753343 -0.016152804707079801 -0.01393298064229493 0.0043636726092237642 0.0083532551542781289 -0.0087716305397860222 0.037928252026253523 -0.012287094458945927 0.02327668329299646 0.068193298105790223 0.066841275004028949 0.016714749795583624 0.0081483553225137149 -0.0042030409189234745
leaf_weight=1052.8544989824295 14722.062138319016 326.2579191327095 6338.8266921043396 12408.075672864914 432.70473790168762 883.93204951286316 267.86207461357117 339.76857924461365 662.77908730506897 160.81080746650696 175.25579619407654 212.21892583370209 14998.330676674843 2766.9152271747589
leaf_count=1279 13847 195 7341 6705 131 465 85 92 109 36 67 84 5425 1612
internal_value=9.33007e-05 0.00512436 -0.00819222 0.00606184 0.0087411 0.00724779 0.00815844 0.021096 0.0112228 0.0310781 0.0234319 0.0399498 0.00762589 0.0028008
internal_weight=55748.7 34687.8 21060.9 33634.9 18459.9 16476.4 15592.5 1983.54 1002.55 980.99 820.179 387.475 15324.6 15175
internal_count=37473 16285 21188 15006 6689 6170 5705 519 201 318 282 151 5620 8317
is_linear=0
shrinkage=0.05


Tree=39
num_leaves=15
num_cat=0
split_feature=7 6 7 8 7 6 7 6 3 1 8 8 8 3
split_gain=809.609 403.573 119.868 151.858 119.316 107.46 145.391 80.0332 105.393 93.1861 71.6583 132.822 94.7672 70.8603
threshold=1535.7450000000001 30.500000000000004 751.4000000000002 535.15000000000009 6098.5400000000009 40.500000000000007 1225.0200000000002 131.50000000000003 4.5000000000000009 11.500000000000002 328.97500000000008 278.09500000000008 339.03000000000003 22.500000000000004
decision_type=2 2 2 2 2 2 2 2 2 2 2 2 2 2
left_child=1 -1 3 10 -2 6 -4 8 -5 -10 11 -3 -12 -14
right_child=4 2 5 7 -6 -7 -8 -9 9 -11 12 -13 13 -15
leaf_value=-0.021471987736941367 -0.005231648187046618 0.0059112540766776585 -0.0088150734939907993 0.056380880657648659 -0.013313091724976137 0.0015118754001251268 0.066142911887179565 0.012880969162570012 -0.0012190351374650776 0.039773744403366694 -0.024425732929371804 0.018370744037866853 0.0051919191789820008 -0.024245300590080412
leaf_weight=1387.243097782135 17314.664040267467 7458.2488671541214 112.03034543991089 307.45044779777527 6205.7564269304276 11922.127619028091 144.76168298721313 1155.8028130531311 271.32709908485413 277.86834311485291 302.64914202690125 2999.030513048172 5386.9973636865616 207.5921483039856
leaf_count=1528 15642 2826 49 84 7288 6185 52 304 66 42 138 710 2269 77
internal_value=-0.000327648 0.00485701 0.00605606 0.00860614 -0.00736628 0.00220835 0.0338973 0.0215532 0.0331112 0.0196932 0.00700689 0.00949157 0.00259662 0.00407895
internal_weight=55453.5 31933.1 30545.9 18367 23520.4 12178.9 256.792 2012.45 856.646 549.195 16354.5 10457.3 5897.24 5594.59
internal_count=37260 14330 12802 6516 22930 6286 101 496 192 108 6020 3536 2484 2346
is_linear=0
shrinkage=0.05


Tree=40
num_leaves=15
num_cat=0
split_feature=7 6 8 5 6 7 3 8 6 3 8 8 8 7
split_gain=826.216 412.594 155.912 89.6558 75.2952 76.5281 74.4812 76.2775 73.9616 85.7727 70.1253 65.4661 66.4351 109.669
threshold=1535.7450000000001 14.500000000000002 2635.3900000000008 10.500000000000002 210.50000000000003 15.940000000000001 1.0000000180025095e-35 920.29500000000019 101.50000000000001 4.5000000000000009 2587.4700000000007 75.225000000000009 328.97500000000008 362.24000000000007
decision_type=2 2 2 2 2 2 2 2 2 2 2 2 2 2
left_child=1 -1 3 8 5 6 7 -3 -2 -10 -5 -7 13 -13
right_child=2 4 -4 10 -6 11 -8 -9 9 -11 -12 12 -14 -15
leaf_value=-0.023934708055788664 -0.0056847436571403377 0.012773754640094165 -0.010567598477406952 -0.0067135337339644767 -7.8314019027650775e-05 -0.015269750383780787 0.010087209947864072 0.055725020006816187 0.015763253257884285 -0.002924212220860917 0.024048717471259765 0.005993038944767699 0.0054419052334296822 0.017233806033949983
leaf_weight=1139.8640494942665 1396.1395680904388 189.77548384666443 12603.915211737156 6639.7300686836243 3686.7428017854691 321.810123026371 685.91013050079346 232.40694212913513 1590.7163925170898 995.87166333198547 185.76372992992401 5115.4526516199112 17119.350988268852 3774.4231812953949
leaf_count=1411 1075 59 14166 5630 1627 178 108 51 1241 713 166 1989 8054 953
internal_value=0.000359344 0.0055473 -0.00679016 -0.00238229 0.00663064 0.00753191 0.0203818 0.0367935 0.00357642 0.00857656 -0.00585931 0.00698737 0.00726564 0.0107726
internal_weight=55677.9 32265.7 23412.1 10808.2 31125.9 27439.1 1108.09 422.182 3982.73 2586.59 6825.49 26331 26009.2 8889.88
internal_count=37421 14430 22991 8825 13019 11392 218 110 3029 1954 5796 11174 10996 2942
is_linear=0
shrinkage=0.05


Tree=41
num_leaves=15
num_cat=0
split_feature=8 6 8 3 6 1 6 1 2 8 8 8 2 6
split_gain=743.093 298.099 201.669 125.106 66.828 61.3468 101.794 118.844 107.995 175.533 80.5904 101.801 103.779 91.3802
threshold=2635.3900000000008 1.0000000180025095e-35 990.93500000000006 1.0000000180025095e-35 9.5000000000000018 2.5000000000000004 88.500000000000014 6.5000000000000009 5.5000000000000009 632.85000000000002 359.74000000000007 969.09500000000014 10.500000000000002 74.500000000000014
decision_type=2 2 2 2 2 2 2 2 2 2 2 2 2 2
left_child=1 -1 5 4 -4 10 -7 8 -8 -10 13 -12 -13 -3
right_child=-2 2 3 -5 -6 6 7 -9 9 -11 11 12 -14 -15
leaf_value=-0.024696008165614011 -0.010494010032160559 -0.004991850671686433 0.041121990880562058 0.0043958135702122959 -0.0057296567493957708 -0.0095938097657410938 0.015801267471396176 0.0090933848330339104 0.020953012799957503 0.087820220530274065 0.0016812212642620923 0.01158950946023601 0.05837081229902133 0.010445112185966235
leaf_weight=926.62694150209427 12692.656770646572 1074.9868370294571 71.937829077243805 5893.1584079265594 7671.8141903281212 508.5485702753067 677.34759926795959 3179.4253334999084 245.62418866157532 163.43526792526245 12883.263971209526 710.95342111587524 138.31893420219421 8657.7792016267776
leaf_count=1231 14246 547 64 4005 6172 161 218 895 71 58 6373 320 31 2929
internal_value=0.000128433 0.00327922 0.00390112 -0.00109182 -0.00526816 0.00631196 0.0114776 0.0139979 0.0282436 0.0484069 0.00525872 0.00279025 0.0195057 0.00873841
internal_weight=55495.9 42803.2 41876.6 13636.9 7743.75 28239.7 4774.38 4265.83 1086.41 409.059 23465.3 13732.5 849.272 9732.77
internal_count=37321 23075 21844 10241 6236 11603 1403 1242 347 129 10200 6724 351 3476
is_linear=0
shrinkage=0.05


Tree=42
num_leaves=15
num_cat=0
split_feature=7 6 7 7 6 6 3 2 3 7 7 6 7 3
split_gain=672.08 315.986 108.033 89.2177 101.474 118.855 71.3298 93.4986 317.294 75.0868 146.676 63.4641 89.4019 69.4726
threshold=1844.4500000000003 1.0000000180025095e-35 6098.5400000000009 465.33500000000009 226.00000000000003 74.500000000000014 52.500000000000007 16.500000000000004 19.500000000000004 203.61000000000004 362.24000000000007 144.50000000000003 481.17000000000002 28.500000000000004
decision_type=2 2 2 2 2 2 2 2 2 2 2 2 2 2
left_child=1 -1 -2 4 5 -3 7 -7 -9 -10 -11 12 -5 -14
right_child=2 3 -4 11 -6 6 -8 8 9 10 -12 -13 13 -15
leaf_value=-0.024698591969791642 -0.0052696773948243195 -0.0063253829051184074 -0.013233575028066628 -0.023984163770846452 -0.0039723510104720987 0.0092774341551939161 -0.023958442409341758 0.078411866177308956 0.026207891859877687 -0.022717199463997868 0.018063879824084923 -0.00075777507447000463 0.0058869749073253083 -0.019360128648399817
leaf_weight=945.05253422260284 14344.69616496563 1063.6484939455986 6059.6792932748795 260.22989821434021 1583.1614270210266 7928.1671248674393 137.5621178150177 212.68597412109375 763.54097509384155 314.1881856918335 708.96365189552307 8580.8476350307465 12704.04727345705 273.68134367465973
leaf_count=1264 13798 514 7365 112 518 2555 24 28 138 128 147 4503 6247 101
internal_value=-0.000408214 0.00375027 -0.00763745 0.00453234 0.00786137 0.00954585 0.0112254 0.0117247 0.0213816 0.0143929 0.0054913 0.00259144 0.00476187 0.0053473
internal_weight=55880.2 35475.8 20404.4 34530.7 12711.9 11128.8 10065.1 9927.55 1999.38 1786.69 1023.15 21818.8 13238 12977.7
internal_count=37442 16279 21163 15015 4052 3534 3020 2996 441 413 275 10963 6460 6348
is_linear=0
shrinkage=0.05


Tree=43
num_leaves=15
num_cat=0
split_feature=8 6 8 1 1 6 6 1 3 6 1 1 8 6
split_gain=655.812 322.626 111.882 83.674 95.7314 87.2488 182.074 79.7659 73.5912 276.447 92.0688 77.7076 71.8436 93.5651
threshold=1320.2650000000001 14.500000000000002 4887.9700000000012 2.5000000000000004 6.5000000000000009 151.50000000000003 127.50000000000001 4.5000000000000009 12.500000000000002 203.00000000000003 11.500000000000002 16.500000000000004 402.98000000000008 132.50000000000003
decision_type=2 2 2 2 2 2 2 2 2 2 2 2 2 2
left_child=1 -1 -2 12 5 6 -5 -8 9 10 -6 -10 -3 -14
right_child=2 3 -4 4 8 -7 7 -9 11 -11 -12 -13 13 -15
leaf_value=-0.023619189402265321 -0.0050399974669334329 0.0069821507578020792 -0.013719020774949809 0.013020642394147098 -0.0020221265286839915 0.0059794607983365061 0.078235145552829261 0.031442250733108267 -0.0093621844434628645 0.08334162584955751 0.041566902248324399 0.0081846414544691302 0.0056164598473926282 -0.0019962813442980644
leaf_weight=1006.6281042695045 16790.67687869072 11350.17351269722 4767.5455622673035 621.79534816741943 598.94013321399689 614.11506044864655 202.38629448413849 182.02439653873444 934.03605151176453 135.27938580513 146.72782921791077 1919.1632556915283 8024.8349195718765 8111.5102269649506
leaf_count=1343 16101 4054 5873 214 196 218 66 64 285 42 35 515 3965 4431
internal_value=-0.000146834 0.00419432 -0.00696208 0.00505031 0.0107665 0.0208996 0.0299312 0.0567662 0.00634741 0.0189365 0.00677478 0.00243411 0.00393503 0.00179021
internal_weight=55405.8 33847.6 21558.2 32841 5354.47 1620.32 1006.21 384.411 3734.15 880.947 745.668 2853.2 27486.5 16136.3
internal_count=37402 15428 21974 14085 1635 562 344 130 1073 273 231 800 12450 8396
is_linear=0
shrinkage=0.05


Tree=44
num_leaves=15
num_cat=0
split_feature=3 6 4 6 3 3 2 1 6 5 1 6 2 6
split_gain=327.866 187.64 91.1776 66.2644 65.146 88.7356 62.582 78.7751 60.1137 55.4468 82.6392 139.061 80.5432 48.5615
threshold=3.5000000000000004 1.0000000180025095e-35 1.5000000000000002 187.50000000000003 11.500000000000002 12.500000000000002 5.5000000000000009 4.5000000000000009 96.500000000000014 4.5000000000000009 12.500000000000002 213.00000000000003 5.5000000000000009 93.500000000000014
decision_type=2 2 2 2 2 2 2 2 2 2 2 2 2 2
left_child=1 -1 3 4 6 -6 7 -2 -4 10 12 -12 -5 -8
right_child=2 -3 8 9 5 -7 13 -9 -10 -11 11 -13 -14 -15
leaf_value=-0.024694281170985325 0.0052799189221469983 -0.0018459264430268599 -0.009118057913812842 0.010357022273824788 0.040513879572975232 0.0097402254408897743 0.010021034206651758 0.038920212837098629 0.0037095194835229358 0.0089112018155170034 0.04243750408793906 -0.018616420036122006 0.052542160262503294 -0.0093464825063969449
leaf_weight=914.71313482522964 2290.7827743887901 39202.712915539742 1151.7631950974464 169.04923319816589 245.58705532550812 3764.9180290699005 426.10523051023483 183.61560261249542 4335.5543586015701 904.12038326263428 161.11688899993896 208.13041353225708 355.91032552719116 1298.0051974058151
leaf_count=1278 1125 29827 691 70 74 1112 188 75 1880 331 40 57 111 512
internal_value=1.60526e-05 -0.0023699 0.00619233 0.00903136 0.00711908 0.0116728 0.00276058 0.00784969 0.00101122 0.0177166 0.0265206 0.00823482 0.0391834 -0.00454476
internal_weight=55612.1 40117.4 15494.7 10007.3 8209.01 4010.51 4198.51 2474.4 5487.32 1798.33 894.207 369.247 524.96 1724.11
internal_count=37371 31105 6266 3695 3086 1186 1900 1200 2571 609 278 97 181 700
is_linear=0
shrinkage=0.05


Tree=45
num_leaves=15
num_cat=0
split_feature=7 6 7 8 6 7 7 7 7 7 3 7 6 3
split_gain=704.823 299.507 155.977 150.307 102.641 92.0125 115.869 88.1019 81.982 132.405 164.507 141.017 96.2614 75.8093
threshold=2507.6700000000005 1.0000000180025095e-35 1026.9050000000002 1877.3800000000003 40.500000000000007 940.0150000000001 760.31000000000006 1916.8450000000003 1113.2350000000004 1180.9350000000002 10.500000000000002 1146.0500000000004 175.50000000000003 1.0000000180025095e-35
decision_type=2 2 2 2 2 2 2 2 2 2 2 2 2 2
left_child=1 -1 5 4 7 6 -3 -4 -6 10 11 -10 -13 -8
right_child=-2 2 3 -5 8 -7 13 -9 9 -11 -12 12 -14 -15
leaf_value=-0.024692520516659454 -0.0085075362830746189 0.007433794670917271 0.030952332305004094 0.057959490545593462 -0.013408145341230887 0.018787132054166943 -0.0083479160931911704 -0.010281460628637863 0.0049451989324284865 -0.0017406027597970332 -0.013207098688368954 0.066794080690549221 0.0022814798339463745 0.0064919597065354086
leaf_weight=902.87065714597702 17028.988622665405 19735.041648626328 446.29841208457947 105.8139191865921 1292.9590443372726 1477.794312953949 2126.1450483798981 178.81786799430847 262.81829619407654 10258.658574223518 281.01777863502502 274.66831076145172 73.350717902183533 1438.8818048238754
leaf_count=1299 18524 6885 242 90 695 721 1260 154 127 6738 117 133 46 608
internal_value=-2.70493e-05 0.0036903 0.00436868 -2.73717e-05 -0.000518868 0.0067056 0.00593547 0.0191692 -0.00151523 -0.000130793 0.0182927 0.0327738 0.0534219 -0.00235768
internal_weight=55884.1 38855.1 37952.3 13174.4 13068.6 24777.9 23300.1 625.116 12443.5 11150.5 891.855 610.837 348.019 3565.03
internal_count=37639 19115 17816 8342 8252 9474 8753 396 7856 7161 423 306 179 1868
is_linear=0
shrinkage=0.05


Tree=46
num_leaves=15
num_cat=0
split_feature=7 6 7 7 6 3 8 8 8 6 7 7 7 7
split_gain=648.042 311.743 114.78 96.5742 79.2681 72.8333 94.1478 124.612 71.8216 79.7855 71.5411 68.0135 67.2746 115.492
threshold=1844.4500000000003 1.0000000180025095e-35 6098.5400000000009 751.4000000000002 44.000000000000007 1.5000000000000002 2617.9650000000006 1831.1900000000003 535.15000000000009 36.500000000000007 1225.0200000000002 1380.4750000000001 664.44500000000005 650.81000000000006
decision_type=2 2 2 2 2 2 2 2 2 2 2 2 2 2
left_child=1 -1 5 8 10 -2 7 -7 9 -3 -5 -12 13 -11
right_child=2 3 -4 4 -6 6 -8 -9 -10 12 11 -13 -14 -15
leaf_value=-0.024692074775967153 -0.0066512735172328877 -0.021259624022975557 -0.012798330637434694 -0.0011643986614976983 0.0012353144999555021 -0.0055562119086726251 -0.0086166614797418255 0.017748606797649776 0.016048329014243867 0.0068961651103714135 0.065962627052106634 0.019471532347575454 -0.0063546306545814446 0.038764526193465286
leaf_weight=899.9196959733963 10346.756710112095 253.89054471254349 5890.1482356190681 323.51004511117935 14688.279217362404 1008.0282002687454 1427.4748110175133 1320.1988226175308 2120.2264943122864 16019.184453845024 95.495166063308716 401.85827958583832 927.31323838233948 284.71611738204956
leaf_count=1330 10374 169 7418 167 7943 829 1549 1065 506 5483 33 212 478 83
internal_value=0.000279178 0.00428628 -0.00693842 0.00503235 0.00208322 -0.00448725 0.00147544 0.00766828 0.00736418 0.00630686 0.0171561 0.0289658 0.00671909 0.0074644
internal_weight=56007 36014.4 19992.6 35114.5 15509.1 14102.5 3755.7 2328.23 19605.3 17485.1 820.863 497.353 17231.2 16303.9
internal_count=37639 16404 21235 15074 8355 13817 3443 1894 6719 6213 412 245 6044 5566
is_linear=0
shrinkage=0.05


Tree=47
num_leaves=15
num_cat=0
split_feature=8 3 8 8 4 4 5 8 8 8 8 8 8 8
split_gain=514.96 119.635 97.3404 82.7875 116.446 75.783 64.2307 63.9148 53.3682 156.195 86.3213 51.5565 54.8313 54.1905
threshold=1730.4600000000003 8.5000000000000018 75.225000000000009 2534.5100000000007 1.5000000000000002 2.5000000000000004 4.5000000000000009 4887.9700000000012 328.97500000000008 278.09500000000008 339.03000000000003 168.71000000000001 143.01500000000001 175.87000000000003
decision_type=2 2 2 2 2 2 2 2 2 2 2 2 2 2
left_child=2 7 -1 4 -3 6 -4 -2 9 11 -10 12 -8 -13
right_child=1 3 5 -5 -6 -7 8 -9 10 -11 -12 13 -14 -15
leaf_value=-0.015608383662829683 -0.005848094409628378 0.064777587754456953 0.0081213742054961416 -0.0053396223132833659 0.0044651899398675081 -0.012225368147715559 0.0045771562310284704 -0.012725180412047541 -0.024435494622204755 0.017365890516752736 0.0019371969611457697 -0.018026520918613675 0.02555964230067332 0.0010694044663194242
leaf_weight=659.16061824560165 12874.824200868607 143.69561648368835 7575.2518755197525 265.61277389526367 175.03906810283661 726.84874582290649 1345.8663976788521 4586.3546835184097 310.27542185783386 2301.5241730213165 19630.547766983509 402.79811203479767 401.32249224185944 4171.822506248951
leaf_count=568 13142 78 2660 157 114 304 710 5863 140 559 11110 152 123 1770
internal_value=2.81467e-05 -0.00691155 0.00336584 0.015256 0.0322364 0.00370717 0.00402925 -0.00765756 0.00294279 0.0062282 0.00152082 0.00216288 0.00945593 -0.000629849
internal_weight=55570.9 18045.5 37525.4 584.347 318.735 36866.3 36139.4 17461.2 28564.2 8623.33 19940.8 6321.81 1747.19 4574.62
internal_count=37450 19354 18096 349 192 17528 17224 19005 14564 3314 11250 2755 833 1922
is_linear=0
shrinkage=0.05


Tree=48
num_leaves=15
num_cat=0
split_feature=8 3 8 8 8 8 4 8 8 4 8 8 2 2
split_gain=484.18 124.125 73.2025 82.3658 71.8225 67.0974 50.1842 42.6062 132.046 65.8845 63.1817 69.0649 61.2008 94.9904
threshold=2635.3900000000008 1.0000000180025095e-35 990.93500000000006 2558.6700000000005 977.99500000000012 31.370000000000001 1.5000000000000002 429.21500000000009 456.84000000000009 2.5000000000000004 1173.1850000000002 969.09500000000014 5.5000000000000009 8.5000000000000018
decision_type=2 2 2 2 2 2 2 2 2 2 2 2 2 2
left_child=1 2 4 -4 5 -1 -3 -8 -9 10 11 12 -10 -14
right_child=-2 6 3 -5 -6 -7 7 8 9 -11 -12 -13 13 -15
leaf_value=-0.024339010344419355 -0.0091431851521069345 0.0067353579074410216 -0.0051845662565980413 0.024388280591426201 0.025175585078563812 0.0015993772353944447 -0.0055488620005445426 0.053237654262008743 -0.01000337327611628 -0.012430623603377489 -0.0044462416601523599 0.024430119244547036 0.045808091638420215 0.0035582431475069442
leaf_weight=248.2282726764679 12026.313911497593 14044.720959663391 7402.8072826862335 238.29019713401794 313.45203363895416 16199.924117445946 1676.7151800394058 126.60691452026367 475.52059459686279 626.0486695766449 1048.5309498310089 620.7517569065094 164.51577425003052 622.88696324825287
leaf_count=361 14271 5949 6070 219 130 8195 467 45 188 336 771 199 62 221
internal_value=-0.00025877 0.00218092 -0.00019261 -0.00424698 0.00165637 0.00120065 0.00516482 0.00104834 0.0040537 0.00223143 0.00537772 0.0108434 0.00409531 0.012619
internal_weight=55835.3 43809 24402.7 7641.1 16761.6 16448.2 19406.3 5361.58 3684.86 3558.25 2932.21 1883.68 1262.92 787.403
internal_count=37484 23213 14975 6289 8686 8556 8238 2289 1822 1777 1441 670 471 283
is_linear=0
shrinkage=0.05


Tree=49
num_leaves=15
num_cat=0
split_feature=8 6 8 8 3 6 3 6 8 8 3 1 8 1
split_gain=511.789 238.418 157.034 126.14 191.146 128.348 107.784 109.083 116.517 87.2224 86.5993 62.5478 81.8364 58.2892
threshold=2635.3900000000008 1.0000000180025095e-35 570.50500000000011 551.23500000000013 12.500000000000002 158.00000000000003 1.0000000180025095e-35 22.000000000000004 1659.7550000000003 990.93500000000006 20.500000000000004 16.500000000000004 273.41000000000003 10.500000000000002
decision_type=2 2 2 2 2 2 2 2 2 2 2 2 2 2
left_child=1 -1 3 10 5 -5 7 8 -4 -9 11 13 -13 -3
right_child=-2 2 6 4 -6 -7 -8 9 -10 -11 -12 12 -14 -15
leaf_value=-0.02467559732021718 -0.0094284328508895121 0.0063524198450677196 0.066194733921156032 0.094022524142327965 -0.001459195811818354 0.017200469829556225 0.0036907025114033109 0.0011780263061722982 -0.0058278301830555984 -0.007133946390576091 -0.0065994853654057139 0.0016260820777660981 0.032390092143300957 -0.010846317244622395
leaf_weight=802.88803240656853 11973.193672716618 15437.531310260296 111.71808034181595 135.29360699653625 216.40055465698242 93.124488115310669 11230.080936908722 5509.7667460441589 106.78872776031494 7379.672935962677 1353.9931801557541 373.9081392288208 509.23412489891052 504.48814535140991
leaf_count=1234 14377 5670 88 43 64 39 6033 3094 98 6094 400 106 102 113
internal_value=-0.000270628 0.00223555 0.00274129 0.00619628 0.0323586 0.063742 9.67282e-05 -0.0029826 0.0316529 -0.0035818 0.00554741 0.00652659 0.0194476 0.00580493
internal_weight=55738.1 43764.9 42962 18624 444.819 228.418 24338 13107.9 218.507 12889.4 18179.2 16825.2 883.142 15942
internal_count=37555 23178 21944 6537 146 82 15407 9374 186 9188 6391 5991 208 5783
is_linear=0
shrinkage=0.05


Tree=50
num_leaves=15
num_cat=0
split_feature=7 6 7 7 6 8 8 8 6 7 3 1 1 6
split_gain=575.06 278.414 85.5724 66.6503 97.2299 94.863 81.3912 76.7867 64.5898 59.0755 59.7162 68.7625 141.82 51.439
threshold=1844.4500000000003 1.0000000180025095e-35 6098.5400000000009 751.4000000000002 183.50000000000003 969.09500000000014 881.36500000000012 535.15000000000009 36.500000000000007 703.34500000000014 20.500000000000004 1.5000000000000002 4.5000000000000009 99.500000000000014
decision_type=2 2 2 2 2 2 2 2 2 2 2 2 2 2
left_child=1 -1 -2 5 -5 6 7 8 -3 10 11 -10 -13 -9
right_child=2 3 -4 4 -6 -7 -8 13 9 -11 -12 12 -14 -15
leaf_value=-0.024682057394118176 -0.0048512485099048812 -0.020399618826869137 -0.012191322357365753 0.0037974904643727002 -0.0064768856090527266 0.023268362956414684 -0.018412188327825457 0.036511387623424485 0.0055353275969034638 -0.015610690650280621 -0.0041543273660356829 0.050934732776350106 0.010528109050480787 0.01216497574600435
leaf_weight=838.33993136882782 13791.371878921986 237.49031937122345 5579.3065982460976 12693.754649758339 2807.9401807785034 787.64088487625122 341.59803652763367 295.35784709453583 13463.784131526947 317.62539947032928 1331.1174999475479 240.81789445877075 1910.4178695678711 816.05066394805908
leaf_count=1299 13774 158 7333 6672 1622 113 85 89 4912 161 387 59 456 230
internal_value=-1.97926e-05 0.00371082 -0.006968 0.00438961 0.00193493 0.00631609 0.00560569 0.00605131 0.00523851 0.00559701 0.005999 0.00686558 0.015159 0.0187696
internal_weight=55452.6 36081.9 19370.7 35243.6 15501.7 19741.9 18954.3 18612.7 17501.3 17263.8 16946.1 15615 2151.24 1111.41
internal_count=37350 16243 21107 14944 8294 6650 6537 6452 6133 5975 5814 5427 515 319
is_linear=0
shrinkage=0.05


Tree=51
num_leaves=15
num_cat=0
split_feature=8 3 8 8 8 8 8 8 3 2 2 2 8 8
split_gain=456.891 120.088 69.2943 66.9385 64.1872 57.3751 141.989 79.6291 62.1029 50.3129 72.0003 49.3218 43.5515 41.0454
threshold=2635.3900000000008 1.5000000000000002 990.93500000000006 977.99500000000012 31.370000000000001 2017.2950000000003 2129.7900000000004 1263.3700000000001 2.5000000000000004 24.500000000000004 22.500000000000004 1.0000000180025095e-35 2587.4700000000007 2436.0300000000002
decision_type=2 2 2 2 2 2 2 2 2 2 2 2 2 2
left_child=1 2 3 4 -1 7 -7 9 11 10 -3 -9 -4 -8
right_child=-2 5 12 -5 -6 6 13 8 -10 -11 -12 -13 -14 -15
leaf_value=-0.024320122720473077 -0.0091621656409570599 0.0058310988656980799 -0.004438860965079219 0.022875459094443436 0.0015179598864414143 0.06998708739544475 0.017408596853368149 0.028843438905243442 -0.010967997875773208 -0.0075001713823618522 0.039435335075043876 -0.0020368128103857202 0.017103140864048207 -0.0020135977035037559
leaf_weight=238.83425009250641 11724.940823376179 13857.332029700279 8509.9931355714798 357.10556948184967 16929.388606369495 103.88571429252625 724.77525198459625 192.94319355487823 1367.4680508375168 697.52642154693604 156.42862892150879 371.18358278274536 236.43966543674469 432.16215622425079
leaf_count=373 14305 4431 7012 136 8458 81 495 152 1041 203 51 291 209 348
internal_value=-0.000390231 0.00193877 -0.00021344 0.0016006 0.00115154 0.00509608 0.0153613 0.00431403 -0.00522054 0.00556727 0.00622014 0.00868549 -0.00384708 0.0101762
internal_weight=55900.4 44175.5 26271.8 17525.3 17168.2 17903.7 1260.82 16642.9 1931.59 14711.3 14013.8 564.127 8746.43 1156.94
internal_count=37586 23281 16188 8967 8831 7093 924 6169 1484 4685 4482 443 7221 843
is_linear=0
shrinkage=0.05


Tree=52
num_leaves=15
num_cat=0
split_feature=8 6 8 6 5 2 6 8 1 8 1 2 8 8
split_gain=469.217 234.135 118.087 58.3304 60.207 61.547 53.5818 55.7432 53.7825 86.8408 86.3445 88.4834 142.61 54.6881
threshold=2635.3900000000008 1.0000000180025095e-35 1120.9950000000001 109.50000000000001 10.500000000000002 1.0000000180025095e-35 226.00000000000003 766.31500000000017 1.5000000000000002 977.99500000000012 6.5000000000000009 4.5000000000000009 632.85000000000002 1016.7100000000002
decision_type=2 2 2 2 2 2 2 2 2 2 2 2 2 2
left_child=1 -1 6 -4 5 -5 8 -8 13 10 11 -10 -13 -3
right_child=-2 2 3 4 -6 -7 7 -9 9 -11 -12 12 -14 -15
leaf_value=-0.024671511589322192 -0.0089408690635804436 0.0034866708983032242 -0.0057880896335566444 0.022103311738667218 -0.0025692050722806109 0.0033431997384487789 0.0020735031393619712 -0.012567239368875705 0.0093919332066871482 -0.0085341131484719304 0.0076209383145636762 0.011907319310708537 0.057871391073308479 0.013631266496900342
leaf_weight=781.9618331193924 11602.474221348763 22250.105503439903 4762.2554124593735 552.69676506519318 3664.0892577171326 2035.0822880268097 2759.553649187088 845.11615610122681 637.12088871002197 570.27209830284119 3155.9708360433578 334.5565071105957 342.32670593261719 1408.7648125886917
leaf_count=1269 14287 9248 3945 413 3184 1436 1088 458 190 202 811 88 109 760
internal_value=3.61999e-06 0.00235762 0.00284833 -0.00162196 0.00155361 0.00738487 0.00437252 -0.00137168 0.00509411 0.00978235 0.0121261 0.0228765 0.0354071 0.00409348
internal_weight=55702.3 44099.9 43317.9 11014.1 6251.87 2587.78 32303.8 3604.67 28699.1 5040.25 4469.97 1314 676.883 23658.9
internal_count=37488 23201 21932 8978 5033 1849 12954 1546 11408 1400 1198 387 197 10008
is_linear=0
shrinkage=0.05


Tree=53
num_leaves=15
num_cat=0
split_feature=7 7 8 3 8 8 7 5 3 7 7 3 1 7
split_gain=433.872 89.2625 76.5679 55.8935 58.9846 108.067 65.4481 84.9768 102.246 147.014 115.388 71.5542 54.1109 55.5737
threshold=1844.4500000000003 6098.5400000000009 31.370000000000001 1.0000000180025095e-35 2558.6700000000005 2550.7450000000003 2414.8800000000006 5.5000000000000009 7.5000000000000009 2796.4400000000005 2651.7350000000001 2.5000000000000004 1.5000000000000002 509.00000000000006
decision_type=2 2 2 2 2 2 2 2 2 2 2 2 2 2
left_child=2 3 -1 -2 5 6 -5 -8 10 -10 11 -9 13 -4
right_child=1 -3 12 4 -6 -7 7 8 9 -11 -12 -13 -14 -15
leaf_value=-0.024338617307941027 -0.0067663066405313005 -0.011626071820604475 0.0049585159958909905 -0.0067899112767642808 -0.005766604454040274 0.058250477318028487 -0.0014128355985025412 0.074735131033763696 0.010988782746024977 0.1200856168624319 0.0025830564857517589 0.0031491272742702817 0.0074310652295245657 0.00056995535633097246
leaf_weight=248.02497470378876 7949.0762372016907 5461.416114628315 12220.621813118458 1110.569130897522 2624.4412628412247 85.565356135368347 999.60005402565002 99.697530031204224 68.26324188709259 53.131685376167297 588.67997109889984 53.050022959709167 6412.2977674007416 17600.821639418602
leaf_count=377 8340 7398 4545 921 2973 70 801 81 52 39 478 43 1910 9389
internal_value=-0.000121316 -0.00622705 0.00307466 -0.00406058 -0.000273325 0.00444199 0.00279813 0.00851838 0.0199658 0.0615994 0.0127821 0.0507608 0.00326564 0.00236889
internal_weight=55575.3 19093.5 36481.8 13632.1 5683 3058.56 2972.99 1862.42 862.822 121.395 741.428 152.748 36233.7 29821.4
internal_count=37417 21196 16221 13798 5458 2485 2415 1494 693 91 602 124 15844 13934
is_linear=0
shrinkage=0.05


Tree=54
num_leaves=15
num_cat=0
split_feature=8 6 8 6 3 8 1 3 8 8 8 6 8 8
split_gain=425.313 224.097 84.238 73.1642 66.5157 71.2085 65.1474 59.8614 70.978 59.6516 62.342 54.5941 54.1073 101.009
threshold=2635.3900000000008 1.0000000180025095e-35 636.96000000000015 38.500000000000007 20.500000000000004 307.97000000000008 1.5000000000000002 1.5000000000000002 655.7600000000001 856.85500000000013 881.36500000000012 190.50000000000003 2017.2950000000003 2129.7900000000004
decision_type=2 2 2 2 2 2 2 2 2 2 2 2 2 2
left_child=1 -1 3 -3 6 -6 -5 8 -4 11 -11 -10 -9 -14
right_child=-2 2 7 4 5 -7 -8 12 9 10 -12 -13 13 -15
leaf_value=-0.024664049532069965 -0.0084186182151479213 -0.017013804536348702 -0.020368574928558869 0.0051023620994685515 0.0047198012986687911 -0.016922601524663294 0.013370175573456973 0.0022925674407176938 0.010898402556713876 -0.020371512863893618 -0.0014353501660482977 -0.0088231209951659777 0.058825074435127779 0.0090281363443756937
leaf_weight=746.42025023698807 11403.700134396553 362.75135987997055 471.19231474399567 16777.386752486229 890.93850076198578 655.72700262069702 2775.7775161266327 7482.4787811040878 1712.8324511051178 449.07335686683655 10193.128187417984 436.96443319320679 107.05810129642487 1156.46380007267
leaf_count=1247 14266 219 276 6381 250 206 668 3581 959 265 7936 286 76 835
internal_value=0.000188745 0.00240925 0.00287689 0.00510537 0.00548958 -0.00448071 0.00627918 0.00070309 -0.00141431 -0.000708441 -0.0022436 0.00687866 0.00391306 0.0134627
internal_weight=55621.9 44218.2 43471.8 21462.6 21099.8 1546.67 19553.2 22009.2 13263.2 12792 10642.2 2149.8 8746 1263.52
internal_count=37451 23185 21938 7724 7505 456 7049 14214 9722 9446 8201 1245 4492 911
is_linear=0
shrinkage=0.05


Tree=55
num_leaves=15
num_cat=0
split_feature=7 8 7 7 7 7 8 5 3 8 5 3 8 7
split_gain=450.59 70.2463 54.1189 118.369 100.527 127.794 173.67 128.623 70.717 93.3288 192.707 153.204 93.532 88.1538
threshold=2862.9900000000002 31.370000000000001 1026.9050000000002 940.0150000000001 1113.2350000000004 1180.9350000000002 909.33000000000004 11.500000000000002 10.500000000000002 730.84500000000014 11.500000000000002 5.5000000000000009 759.28000000000009 1018.2750000000001
decision_type=2 2 2 2 2 2 2 2 2 2 2 2 2 2
left_child=1 -1 3 -3 -4 6 7 -6 9 13 11 -11 -12 -5
right_child=-2 2 4 8 5 -7 -8 -9 -10 10 12 -13 -14 -15
leaf_value=-0.024324584610992392 -0.0079578466832754633 0.0029976632096693286 -0.013108005490534674 0.020969993333803824 -0.0046595828544828818 -4.0166118564429956e-05 0.067138773786753314 0.037397722664327906 -0.00030082536899442107 -0.020690447968671571 0.11277069924325563 0.051848849330462132 0.044626597459902224 -0.023964417013693937
leaf_weight=240.99021688103676 14408.378993391991 24835.116569399834 1319.4435139894485 455.14164817333221 539.09118449687958 12219.088619828224 151.2950187921524 268.5813992023468 411.82823801040649 157.88380169868469 89.652249217033386 127.03436708450317 132.84504020214081 138.54696500301361
leaf_count=371 17133 9645 704 233 216 8339 57 152 154 66 46 45 74 85
internal_value=-0.000351316 0.00231681 0.00247696 0.00382678 2.32879e-05 0.00134252 0.0188695 0.00947009 0.0173822 0.0239674 0.0396187 0.0119885 0.0739594 0.0103712
internal_weight=55494.9 41086.5 40845.5 26348 14497.5 13178.1 958.968 807.673 1512.93 1101.1 507.415 284.918 222.497 593.689
internal_count=37320 20187 19816 10348 9468 8764 425 368 703 549 231 111 120 318
is_linear=0
shrinkage=0.05


Tree=56
num_leaves=15
num_cat=0
split_feature=7 8 8 7 7 3 1 8 8 2 8 7 7 3
split_gain=406.55 80.8159 69.3312 66.789 65.0692 66.1827 81.3903 90.938 111.832 116.06 63.8567 62.9902 75.4312 85.8117
threshold=2507.6700000000005 1877.3800000000003 31.370000000000001 6098.5400000000009 524.245 28.500000000000004 3.5000000000000004 945.96500000000003 881.36500000000012 5.5000000000000009 759.28000000000009 968.81500000000017 891.27500000000009 16.500000000000004
decision_type=2 2 2 2 2 2 2 2 2 2 2 2 2 2
left_child=1 2 -1 -2 -4 6 -6 8 9 -8 11 12 13 -11
right_child=3 -3 4 -5 5 -7 7 -9 -10 10 -12 -13 -14 -15
leaf_value=-0.024316829682936275 -0.0045550248845987549 0.022032183476561194 0.0050684341675442147 -0.01146259772477104 0.00014968304262653041 -0.018237241199109275 -0.019380401236294389 -0.003452899122085996 0.047732442722926476 0.01032443455566125 -0.012352485950463692 0.047511457389283113 -0.013710633772781179 0.04203223136115012
leaf_weight=237.26713317632675 10430.614010155201 523.66796326637268 15272.902798950672 5271.1205750107765 20735.43077391386 438.58854985237122 265.54196190834045 976.18390500545502 228.23798179626465 632.88865399360657 169.25541186332703 175.73010444641113 181.54691076278687 320.66046786308289
leaf_count=377 11074 206 5185 7344 12073 157 85 465 68 179 63 53 59 80
internal_value=-5.64533e-05 0.00261084 0.00235149 -0.00687683 0.00251516 0.000897971 0.00125608 0.00901933 0.0151807 0.0108004 0.0162622 0.0199898 0.0155394 0.0211508
internal_weight=55859.6 40157.9 39634.2 15701.7 39397 24124.1 23685.5 2950.05 1973.86 1745.62 1480.08 1310.83 1135.1 953.549
internal_count=37468 19050 18844 18418 18467 13282 13125 1052 587 519 434 371 318 259
is_linear=0
shrinkage=0.05


Tree=57
num_leaves=15
num_cat=0
split_feature=7 7 3 2 3 7 1 7 7 7 1 7 1 7
split_gain=370.834 74.9556 64.3749 93.3276 51.8347 93.5656 57.3133 60.9408 82.2415 51.8041 44.8817 153.399 52.2523 48.7385
threshold=2507.6700000000005 6098.5400000000009 8.5000000000000018 1.0000000180025095e-35 1.0000000180025095e-35 203.61000000000004 13.500000000000002 362.24000000000007 370.09000000000003 101.55500000000002 11.500000000000002 823.66500000000008 10.500000000000002 552.65500000000009
decision_type=2 2 2 2 2 2 2 2 2 2 2 2 2 2
left_child=4 2 -2 -4 -1 9 10 -8 -9 -6 12 -12 13 -7
right_child=1 -3 3 -5 5 6 7 8 -10 -11 11 -13 -14 -15
leaf_value=0.0010845664564691148 -0.0046062481814372969 -0.011285123732718071 0.071059769701809758 0.0041032404503379364 0.0087451111903340314 0.008959525491754777 -0.024436413545743236 0.033979923069748418 -0.0039692149174861864 0.027120660622536215 -0.0022932002825154503 0.062604779533539309 -0.023496099257976331 0.0025707747867055909
leaf_weight=21843.337878376245 10044.150656700134 5179.8356892466545 61.474194824695587 242.9614565372467 951.8054541349411 4327.0327138900757 311.01322627067566 151.84872627258301 1585.3195786476135 646.09133410453796 248.99937272071838 138.2410717010498 163.13082456588745 9623.6044433116913
leaf_count=12335 10807 7300 48 197 152 1070 105 28 455 138 59 47 45 4601
internal_value=0.000179343 -0.00637717 -0.0039163 0.0185534 0.00272574 0.00470035 0.00358192 -0.00423968 -0.000564017 0.0162365 0.00468776 0.0213775 0.00422243 0.00455486
internal_weight=55518.8 15528.4 10348.6 304.436 39990.4 18147.1 16549.2 2048.18 1737.17 1597.9 14501 387.24 14113.8 13950.6
internal_count=37387 18352 11052 245 19035 6700 6410 588 483 290 5822 106 5716 5671
is_linear=0
shrinkage=0.05


Tree=58
num_leaves=15
num_cat=0
split_feature=7 6 7 7 6 7 7 3 2 2 8 8 7 8
split_gain=396.047 263.459 92.8554 68.8561 135.338 108.594 64.2038 95.0003 113.476 82.1785 62.3815 79.6717 86.7395 59.0356
threshold=1535.7450000000001 14.500000000000002 6098.5400000000009 236.76500000000001 107.50000000000001 254.29000000000002 164.04500000000004 1.0000000180025095e-35 11.500000000000002 18.500000000000004 969.09500000000014 881.36500000000012 118.41500000000001 328.97500000000008
decision_type=2 2 2 2 2 2 2 2 2 2 2 2 2 2
left_child=1 -1 -2 4 -3 -5 10 -8 -9 -10 11 12 -6 -7
right_child=2 3 -4 5 6 13 7 8 9 -11 -12 -13 -14 -15
leaf_value=-0.023663313193621929 -0.0034400129621146706 -0.0043830750358571377 -0.011117297543803022 -0.012739062154098132 0.023631542201720458 0.0074820269633148655 0.049190683953527971 -0.011645622794591748 0.055761508466061586 0.0096534206398884818 0.025246287439734363 -0.017284099077390685 -0.0037634362956353307 0.0023815828152728685
leaf_weight=873.37768733501434 16184.16557943821 1147.9847804903984 5203.8908261656761 1022.6210045814514 637.25398206710815 7878.4404859542847 308.07973527908325 239.5565721988678 182.66597819328308 204.5006902217865 536.6644434928894 303.03116178512573 523.06592559814453 20267.214487195015
leaf_count=1372 15696 419 7417 389 188 2250 107 51 27 59 76 77 175 9134
internal_value=2.36877e-05 0.00336703 -0.00531012 0.00408046 0.0101588 0.00322806 0.0158447 0.0266434 0.0152581 0.0318409 0.0107436 0.00535708 0.0113189 0.00381036
internal_weight=55512.5 34124.5 21388.1 33251.1 4082.8 29168.3 2934.82 934.803 626.723 387.167 2000.02 1463.35 1160.32 28145.7
internal_count=37437 14324 23113 12952 1179 11773 760 244 137 86 516 440 363 11384
is_linear=0
shrinkage=0.05


Tree=59
num_leaves=15
num_cat=0
split_feature=7 8 5 8 3 8 1 7 7 7 3 7 2 7
split_gain=403.858 105.877 79.6245 72.5537 66.7435 72.6358 78.2068 61.3128 85.8271 117.809 147.082 141.326 189.408 84.9109
threshold=2507.6700000000005 1877.3800000000003 2.5000000000000004 75.225000000000009 11.500000000000002 2389.7900000000004 1.0000000180025095e-35 1026.9050000000002 1113.2350000000004 1180.9350000000002 10.500000000000002 1146.0500000000004 1.5000000000000002 953.87500000000011
decision_type=2 2 2 2 2 2 2 2 2 2 2 2 2 2
left_child=1 3 -3 -1 -2 6 -6 13 -9 10 11 -10 -13 -5
right_child=4 2 -4 7 5 -7 -8 8 9 -11 -12 12 -14 -15
leaf_value=-0.013833723754803929 -0.0068409213883739708 -0.013512003014606514 0.03381559113893861 0.0037929911967982707 0.080336328154873127 -0.016884473704880401 0.0027413183089961489 -0.011930844960719842 0.002006323806258526 8.3445890912713528e-05 -0.01254177834574197 0.025219315710758878 0.096534339528052293 0.016893344288027509
leaf_weight=642.91227692365646 15164.498231053352 107.58432197570801 448.98945021629333 24525.705608487129 65.119380593299866 73.560440242290497 61.162775874137878 1295.4806995391846 280.96899056434631 10896.027430057526 281.80774259567261 310.17669248580933 131.56603336334229 1298.2297686338425
leaf_count=574 18219 26 182 9401 42 62 46 698 127 7120 112 163 33 579
internal_value=0.000434356 0.00306855 0.0246284 0.00276294 -0.00645996 0.0219098 0.0442902 0.00303813 0.000265308 0.00159742 0.0179378 0.0298272 0.0473021 0.00445472
internal_weight=55583.8 40219.4 556.574 39662.9 15364.3 199.843 126.282 39020 13196 11900.5 1004.52 722.712 441.743 25823.9
internal_count=37384 19015 208 18807 18369 150 88 18233 8253 7555 435 323 196 9980
is_linear=0
shrinkage=0.05


Tree=60
num_leaves=15
num_cat=0
split_feature=8 6 8 8 6 8 3 3 2 3 6 8 8 1
split_gain=303.767 202.27 96.4259 98.5797 93.7887 141.524 88.1073 66.6666 111.462 54.9655 70.8941 82.7276 61.3168 64.4913
threshold=2635.3900000000008 6.5000000000000009 766.31500000000017 740.8950000000001 117.50000000000001 759.28000000000009 10.500000000000002 26.500000000000004 22.500000000000004 1.0000000180025095e-35 39.500000000000007 1144.5800000000002 840.61000000000013 6.5000000000000009
decision_type=2 2 2 2 2 2 2 2 2 2 2 2 2 2
left_child=1 -1 3 7 -5 6 -6 8 -3 10 11 -4 -11 -14
right_child=-2 2 9 4 5 -7 -8 -9 -10 12 -12 -13 13 -15
leaf_value=-0.024328959480906014 -0.0078260295776311824 0.0037235553394740746 0.040517451923937998 -0.002603959490422835 0.088259919412220819 0.0056283818949421473 0.028630110480873862 -0.0079009830254923395 0.054041215183239094 -0.013494810032984934 -0.0043396372017407286 -0.00037399723431445861 0.0048980099602909674 -0.0085968581632832712
leaf_weight=742.8357470035553 10964.921175897121 23236.982192099094 188.18715631961823 257.05021989345551 129.17858254909515 227.26174938678741 128.26280355453491 1242.861190199852 105.61358094215393 583.83697724342346 9510.7484200000763 343.56074190139771 7095.3529487848282 1006.8121296167374
leaf_count=1266 14322 8637 75 109 51 99 48 353 28 252 7341 294 4297 398
internal_value=-0.000368772 0.00145714 0.00189464 0.00390586 0.0218048 0.0346438 0.0596625 0.00336151 0.00396274 -0.000825519 -0.0033439 0.0143402 0.00208641 0.00321681
internal_weight=55763.5 44798.5 44055.7 25327.2 741.753 484.703 257.441 24585.5 23342.6 18728.5 10042.5 531.748 8686 8102.17
internal_count=37570 23248 21982 9325 307 198 99 9018 8665 12657 7710 369 4947 4695
is_linear=0
shrinkage=0.05


Tree=61
num_leaves=15
num_cat=0
split_feature=7 6 7 7 8 6 3 2 7 7 3 8 6 7
split_gain=321.374 228.428 76.8482 61.9936 103.59 71.9814 76.262 58.743 55.5027 89.1912 85.1125 100.553 54.5281 49.0706
threshold=1844.4500000000003 1.0000000180025095e-35 6098.5400000000009 751.4000000000002 535.15000000000009 165.00000000000003 2.5000000000000004 1.0000000180025095e-35 1916.8450000000003 1971.6900000000003 2.5000000000000004 1483.4750000000001 36.500000000000007 703.34500000000014
decision_type=2 2 2 2 2 2 2 2 2 2 2 2 2 2
left_child=1 -1 8 4 12 -5 -7 -8 -2 10 11 -10 -3 -14
right_child=2 3 -4 5 -6 6 7 -9 9 -11 -12 -13 13 -15
leaf_value=-0.02466139559486269 -0.020462000093058288 -0.019597139359687422 -0.01051241531206875 0.0030256964711178908 0.014882862260526819 -0.010080772322544868 0.021437421324875104 -0.0014024440942023489 0.016860147394623683 -0.0033141002697594114 -0.0044257052978027558 0.095168657395882483 0.0045853948614698473 -0.01453350383982777
leaf_weight=734.54041513800621 447.03263938426971 238.5236399769783 5011.7565260529518 11758.58274525404 2433.1505779027939 2505.3681373596191 364.03758537769318 1184.839038848877 114.3143789768219 12440.832907736301 153.01881563663483 61.452370047569275 17855.962622284889 337.29098916053772
leaf_count=1289 422 165 7329 5972 533 1607 168 500 103 13067 127 57 5842 169
internal_value=0.000200055 0.00285243 -0.00524301 0.00340673 0.00519595 0.00104497 -0.00469642 0.00401739 -0.00324163 -0.00263102 0.0228784 0.0461138 0.00391351 0.00422705
internal_weight=55640.7 37412.3 18228.4 36677.8 20864.9 15812.8 4054.24 1548.88 13216.7 12769.6 328.786 175.767 18431.8 18193.3
internal_count=37350 16245 21105 14956 6709 8247 2275 668 13776 13354 287 160 6176 6011
is_linear=0
shrinkage=0.05


Tree=62
num_leaves=15
num_cat=0
split_feature=7 6 7 7 7 7 7 6 2 8 6 6 4 5
split_gain=326.067 218.806 64.2292 62.187 99.9191 95.2074 66.6309 92.7755 80.8327 108.521 74.892 57.7033 52.6507 53.9545
threshold=2486.4050000000002 1.0000000180025095e-35 6098.5400000000009 1026.9050000000002 1113.2350000000004 953.87500000000011 1180.9350000000002 181.00000000000003 8.5000000000000018 909.33000000000004 40.500000000000007 191.50000000000003 2.5000000000000004 10.500000000000002
decision_type=2 2 2 2 2 2 2 2 2 2 2 2 2 2
left_child=1 -1 -2 5 -5 -3 7 8 9 -6 -8 -7 13 -12
right_child=2 3 -4 4 6 11 10 -9 -10 -11 12 -13 -14 -15
leaf_value=-0.024657420332406473 -0.003685733138839368 0.0038068070994675893 -0.010585770282401777 -0.012611830570606504 0.019354353006748162 0.022918527521470729 0.017121342933665209 -0.018009159322969689 -0.012006894946494052 0.073601872011435018 0.0047057067843824293 -0.002658724684530689 -0.021876811718997236 -0.0028849261234325236
leaf_weight=717.43266448378563 10271.151921391487 25402.609624266624 5023.5513639450073 1343.4129074811935 576.07840609550476 1043.7217001914978 639.1896253824234 181.82207572460175 148.96110844612122 106.49059665203094 3892.8925322294235 277.99474036693573 274.13948845863342 5856.3816336393356
leaf_count=1291 11153 8892 7424 735 243 430 387 95 56 37 2144 140 162 4261
internal_value=0.000263154 0.00261404 -0.00595477 0.00310937 0.000275534 0.00448962 0.00176309 0.0139826 0.0210437 0.0282914 0.000595766 0.0175492 -0.000466075 0.000146878
internal_weight=55755.8 40461.1 15294.7 39743.7 13019.4 26724.3 11676 1013.35 831.53 682.569 10662.6 1321.72 10023.4 9749.27
internal_count=37450 18873 18577 17582 8120 9462 7385 431 336 280 6954 570 6567 6405
is_linear=0
shrinkage=0.05


Tree=63
num_leaves=15
num_cat=0
split_feature=8 6 3 7 8 6 8 6 3 6 8 3 8 8
split_gain=308.554 187.034 83.3183 91.5091 105.302 68.3213 56.3772 73.7155 54.5802 64.1711 58.4156 101.122 55.751 174.877
threshold=2635.3900000000008 1.0000000180025095e-35 1.5000000000000002 2507.6700000000005 1877.3800000000003 253.50000000000003 2189.9400000000005 197.00000000000003 20.500000000000004 168.50000000000003 168.71000000000001 15.500000000000002 2017.2950000000003 2129.7900000000004
decision_type=2 2 2 2 2 2 2 2 2 2 2 2 2 2
left_child=1 -1 3 4 5 -3 -5 -8 10 -10 11 -4 -12 -14
right_child=-2 2 8 6 -6 -7 7 -9 9 -11 12 -13 13 -15
leaf_value=-0.024641244184609501 -0.0076582172376363656 0.0018667033378863725 0.041963254235631131 -0.015647796885358639 0.040057704429909836 -0.0094813498927656305 -0.0040721647923670423 0.046698831700911436 0.0020690202994568547 -0.017365499044990292 0.0041970544434859315 0.0066536282788187883 0.07867052972166394 0.0095556313622766915
leaf_weight=655.27893906831741 10749.972105503082 21075.866380810738 294.04765653610229 1288.2731900811195 170.2916841506958 1410.4460554122925 1810.0004558563232 69.434336423873901 1997.8840239048004 534.15760171413422 13678.241650819778 637.38524174690247 95.716588258743286 1029.5864021778107
leaf_count=1227 14351 10975 40 1273 71 718 1760 65 597 167 5173 144 61 810
internal_value=-5.38609e-05 0.00177367 0.00216899 0.000340749 0.00145414 0.00115295 -0.00761238 -0.00207754 0.0047528 -0.00205702 0.00584893 0.0179652 0.00508077 0.0157564
internal_weight=55496.6 44746.6 44091.3 25824.3 22656.6 22486.3 3167.71 1879.43 18267 2532.04 15735 931.433 14803.5 1125.3
internal_count=37432 23081 21854 14862 11764 11693 3098 1825 6992 764 6228 184 6044 871
is_linear=0
shrinkage=0.05


Tree=64
num_leaves=15
num_cat=0
split_feature=8 6 8 6 8 1 8 3 2 2 3 1 8 1
split_gain=277.669 178.786 61.3056 64.7903 39.194 39.1324 46.6718 60.5469 46.5728 126.095 50.1517 45.5179 46.1055 57.5256
threshold=2635.3900000000008 1.0000000180025095e-35 1120.9950000000001 118.50000000000001 2550.7450000000003 1.5000000000000002 1101.1250000000002 2.5000000000000004 19.500000000000004 17.500000000000004 29.500000000000004 23.500000000000004 977.99500000000012 7.5000000000000009
decision_type=2 2 2 2 2 2 2 2 2 2 2 2 2 2
left_child=1 -1 5 -4 -5 6 8 -8 9 -3 -10 12 13 -7
right_child=-2 2 3 4 -6 11 7 -9 10 -11 -12 -13 -14 -15
leaf_value=-0.02464007090962507 -0.0077217905155648444 0.0019000650212120441 -0.005610533285864693 0.0010056343551741128 0.017659565170799953 0.015450187608350697 0.046306396385732473 -0.001425872054278109 -0.013456798854852037 0.049085344722620716 0.0081978398345998477 -0.018552171847694025 -0.0059997309956469182 0.0046455078067750072
leaf_weight=651.18469122052193 10614.57710647583 25675.559143364429 5241.1393955945969 5128.52672290802 374.4914128780365 1920.8987131118774 129.58996653556824 130.62761402130127 955.57847416400909 137.3824919462204 366.63858115673065 174.08707880973816 604.36963605880737 3437.7456575632095
leaf_count=1250 14282 10806 4402 4144 329 532 70 51 263 33 93 56 218 830
internal_value=-0.00045055 0.00126801 0.00165178 -0.0016345 0.00215397 0.00270483 0.0018957 0.0227699 0.00169137 0.00216065 -0.00744391 0.00631222 0.00705306 0.00852942
internal_weight=55542.4 44927.8 44276.6 10744.2 5503.02 33532.5 27395.4 260.218 27135.2 25812.9 1322.22 6137.1 5963.01 5358.64
internal_count=37359 23077 21827 8875 4473 12952 11316 121 11195 10839 356 1636 1580 1362
is_linear=0
shrinkage=0.05


Tree=65
num_leaves=15
num_cat=0
split_feature=7 6 7 6 7 7 3 7 8 7 3 8 8 6
split_gain=323.248 201.524 76.2409 116.599 76.2552 127.119 113.508 125.026 103.308 71.0358 70.2022 112.962 184.078 105.505
threshold=2507.6700000000005 1.0000000180025095e-35 1026.9050000000002 40.500000000000007 1113.2350000000004 1180.9350000000002 10.500000000000002 1146.0500000000004 840.61000000000013 953.87500000000011 10.500000000000002 730.84500000000014 759.28000000000009 103.00000000000001
decision_type=2 2 2 2 2 2 2 2 2 2 2 2 2 2
left_child=1 -1 9 -4 -5 6 7 -6 -9 -3 11 13 -13 -11
right_child=-2 2 3 4 5 -7 -8 8 -10 10 -12 12 -14 -15
leaf_value=-0.02464403433799189 -0.0060733453311045196 0.0039484651295704663 0.019564752490238316 -0.012783333568844377 0.0014422627939867675 -0.0015683293303031761 -0.0089995376099627281 0.0056570066716913432 0.05889752157239856 0.059056575027042361 -0.0012356720309248019 0.071265005355100899 0.012037528776113714 -0.0083319115146690426
leaf_weight=665.22605675458908 14844.932663917542 25265.378828704357 709.60407948493958 1271.2936890125275 285.20566952228546 10318.06466448307 299.75232768058777 128.63871943950653 317.16865384578705 65.025481581687927 421.98651957511902 231.99796092510223 299.45138299465179 335.91203320026398
leaf_count=1284 18387 8806 400 702 127 6801 120 68 119 27 147 76 134 187
internal_value=0.000239394 0.0025472 0.00300301 -8.37923e-05 -0.0011959 0.000107179 0.0168058 0.0273765 0.043768 0.00454844 0.0156851 0.023309 0.0383158 0.00319019
internal_weight=55459.6 40614.7 39949.5 13329.7 12620.1 11348.8 1030.77 731.013 445.807 26619.8 1354.37 932.387 531.449 400.938
internal_count=37385 18998 17714 8337 7937 7235 434 314 187 9377 571 424 210 214
is_linear=0
shrinkage=0.05


Tree=66
num_leaves=15
num_cat=0
split_feature=7 6 8 3 6 4 3 8 8 7 7 7 7 8
split_gain=321.028 213.81 124.463 131.426 101.613 66.4304 49.4421 74.0658 62.5866 90.1195 46.2559 43.8467 69.6754 88.6168
threshold=2507.6700000000005 14.500000000000002 1877.3800000000003 14.500000000000002 131.50000000000003 2.5000000000000004 1.5000000000000002 2617.9650000000006 2017.2950000000003 2822.7600000000007 1750.2450000000001 1916.8450000000003 1971.6900000000003 1483.4750000000001
decision_type=2 2 2 2 2 2 2 2 2 2 2 2 2 2
left_child=1 -1 5 4 -4 10 -2 8 -8 -10 -3 -12 13 -13
right_child=6 2 3 -5 -6 -7 7 -9 9 -11 11 12 -14 -15
leaf_value=-0.022668887826853765 -0.0078923367528403784 0.003288915026005992 0.090837901325341516 -0.00084059778411820418 0.026393640850602525 -0.012089043039543057 -0.015553866350048863 -0.0072233420595922207 0.055166720693374222 0.0081036672079681914 -0.0098344709606741423 0.0012159684534649214 -0.0020034492299731278 0.053395412829942417
leaf_weight=839.36472344398499 11536.298601329327 35266.633493840694 96.793333172798157 221.11286699771881 169.22178888320923 766.11263966560364 229.39922189712524 1927.5397319793701 108.43252146244049 1015.9885357618332 1330.4065307378769 199.41921925544739 2015.7008978128433 132.7333402633667
leaf_count=1439 14813 13902 68 46 33 324 187 2580 70 797 1133 171 1822 111
internal_value=-4.55157e-05 0.0022323 0.00275501 0.0277468 0.0510859 0.00244498 -0.00635254 -0.000935308 0.00801109 0.0128663 0.00273241 -0.00260055 0.00151073 0.0225503
internal_weight=55855.2 41037.5 40198.1 487.128 266.015 39711 14817.7 3281.36 1353.82 1124.42 38944.9 3678.26 2347.85 332.153
internal_count=37496 19049 17610 147 101 17463 18447 3634 1054 867 17139 3237 2104 282
is_linear=0
shrinkage=0.05


Tree=67
num_leaves=15
num_cat=0
split_feature=8 6 7 8 3 6 7 8 8 8 6 3 8 7
split_gain=254.459 176.709 71.5972 54.8255 62.3768 75.3916 72.9532 54.4331 69.1436 92.8207 55.9281 52.5414 65.0819 78.7434
threshold=2635.3900000000008 6.5000000000000009 751.4000000000002 610.97500000000014 1.0000000180025095e-35 22.000000000000004 2451.9100000000003 969.09500000000014 881.36500000000012 551.23500000000013 36.500000000000007 20.500000000000004 307.97000000000008 384.84500000000008
decision_type=2 2 2 2 2 2 2 2 2 2 2 2 2 2
left_child=1 -1 7 -4 5 6 -5 8 9 10 -3 -12 13 -13
right_child=-2 2 3 4 -6 -7 -8 -9 -10 -11 11 12 -14 -15
leaf_value=-0.024250331333202924 -0.0069698036178174397 -0.018642828447068393 -0.0088856134053264292 0.048946664114602863 0.0036424755229764122 -0.0022117465530883235 -0.013950092159597582 0.018473590133996558 -0.018220033523833151 0.025397998342656686 0.0046637386426217975 -0.0077451777809429377 -0.022401928021446367 0.02258853641075427
leaf_weight=641.26763296127319 10388.602556943893 273.6978006362915 1545.7204341888428 134.26149380207062 10458.854309082031 11460.631976604462 66.158561766147614 644.47556853294373 346.65151691436768 496.20481538772583 17662.720398545265 704.67480838298798 396.32300734519958 301.30155420303345
leaf_count=1282 14318 179 767 97 5710 8623 66 77 90 113 5755 206 124 58
internal_value=8.3578e-05 0.0017077 0.00208452 0.000202778 0.000839731 -0.00167455 0.0283503 0.00422228 0.00376272 0.0041514 0.00359982 0.00392394 -0.00537772 0.0014069
internal_weight=55521.5 45132.9 44491.7 23665.6 22119.9 11661.1 200.42 20826 20181.6 19834.9 19338.7 19065 1402.3 1005.98
internal_count=37465 23147 21865 15263 14496 8786 163 6602 6525 6435 6322 6143 388 264
is_linear=0
shrinkage=0.05


Tree=68
num_leaves=15
num_cat=0
split_feature=7 8 8 7 8 4 5 7 8 7 8 4 1 4
split_gain=200.638 67.4224 58.5137 53.0524 51.7024 65.6022 47.51 79.8444 181.767 40.7879 39.9216 59.5429 35.039 37.8151
threshold=2507.6700000000005 1877.3800000000003 31.370000000000001 6098.5400000000009 2189.9400000000005 1.0000000180025095e-35 6.5000000000000009 2822.7600000000007 1958.0600000000002 3211.9500000000003 2827.7250000000004 1.0000000180025095e-35 24.500000000000004 1.0000000180025095e-35
decision_type=2 2 2 2 2 2 2 2 2 2 2 2 2 2
left_child=1 2 -1 4 5 -2 -7 8 -8 -6 11 -3 13 -4
right_child=3 10 12 -5 9 6 7 -9 -10 -11 -12 -13 -14 -15
leaf_value=-0.02426557115699338 -0.018006019448828701 0.05054750703471618 0.0002381501907870746 -0.0095079380713198949 0.0080572886417375131 -0.0094436036418310536 -0.0046177502232895538 -0.017484642035228207 0.10592686174798112 -0.0027403677623692286 0.0015814131177495621 0.0067542824720883679 -0.023905937112366351 0.0033142630698651332
leaf_weight=215.23692756891251 1119.7061939835548 167.12393462657928 21569.786934316158 4731.8053937554359 990.0615821480751 321.54730296134949 87.72666323184967 86.787734746932983 59.044007658958435 7225.9696034789085 189.01796960830688 144.57617604732513 129.45525538921356 18607.5968760252
leaf_count=386 1165 65 11772 7328 893 255 72 67 42 8617 80 38 45 6660
internal_value=-0.000128219 0.00166434 0.00143772 -0.00515596 -0.00307022 -0.0110634 0.00297646 0.0199151 0.0418776 -0.0014351 0.0198085 0.0306622 0.00157797 0.00166304
internal_weight=55645.4 41022.8 40522.1 14622.6 9890.84 1674.81 555.106 233.558 146.771 8216.03 500.718 311.7 40306.8 40177.4
internal_count=37485 19046 18863 18439 11111 1601 436 181 114 9510 183 103 18477 18432
is_linear=0
shrinkage=0.05


Tree=69
num_leaves=15
num_cat=0
split_feature=7 6 7 3 7 6 6 8 8 7 8 7 7 3
split_gain=271.928 206.714 74.2895 53.3491 51.4033 172.421 91.012 58.8741 180.004 72.9365 62.6705 56.869 162.45 308.223
threshold=1535.7450000000001 14.500000000000002 6098.5400000000009 1.0000000180025095e-35 236.76500000000001 92.500000000000014 146.00000000000003 1016.7100000000002 1029.1800000000001 1325.6850000000002 1120.9950000000001 315.48500000000007 339.72500000000008 5.5000000000000009
decision_type=2 2 2 2 2 2 2 2 2 2 2 2 2 2
left_child=1 -1 3 -2 5 -3 7 9 -9 -6 -10 -8 13 -13
right_child=2 4 -4 -5 6 -7 11 8 10 -11 -12 12 -14 -15
leaf_value=-0.023232693024972856 -0.0051195029282575895 -0.013737422754641805 -0.009745597043183377 0.00076509283896890085 0.0049557699651482101 0.013305612014875123 -0.012299395409233494 0.070308758556299922 0.016988852813602722 -0.012272216751679612 -0.0076146964777248777 0.092403565634035553 -0.00047038869420250789 -0.010365173099264038
leaf_weight=730.41699331998825 8968.9360222816467 704.90427017211914 4720.2532114982605 6745.4777668714523 16123.036932826042 3485.8764654397964 934.68624877929688 128.74406623840332 791.88297271728516 634.01531505584717 379.79884827136993 130.83350300788879 11072.035805821419 155.68386936187744
leaf_count=1384 9514 285 7380 6196 5879 871 344 55 334 293 190 48 4681 47
internal_value=0.000340979 0.00299982 -0.004248 -0.00259408 0.00355781 0.00874593 0.00284012 0.00509875 0.0153294 0.00430047 0.00901518 -0.000478288 0.000499445 0.0373425
internal_weight=55706.6 35271.9 20434.7 15714.4 34541.5 4190.78 30350.7 18057.5 1300.43 16757.1 1171.68 12293.2 11358.6 286.517
internal_count=37501 14411 23090 15710 13027 1156 11871 6751 579 6172 524 5120 4776 95
is_linear=0
shrinkage=0.05


Tree=70
num_leaves=15
num_cat=0
split_feature=7 6 7 6 8 2 5 6 8 2 2 1 7 1
split_gain=230.823 197.856 67.595 45.4481 49.4842 47.9471 89.7768 93.7056 59.0383 42.3497 82.384 52.2386 76.2364 47.6798
threshold=1736.0250000000003 15.500000000000002 6098.5400000000009 226.00000000000003 766.31500000000017 9.5000000000000018 8.5000000000000018 271.00000000000006 273.41000000000003 24.500000000000004 22.500000000000004 16.500000000000004 751.4000000000002 14.500000000000002
decision_type=2 2 2 2 2 2 2 2 2 2 2 2 2 2
left_child=1 -1 -2 9 5 6 7 -5 -8 10 11 13 -13 -3
right_child=2 3 -4 4 -6 -7 8 -9 -10 -11 -12 12 -14 -15
leaf_value=-0.022808709427161303 -0.0029462491964253427 0.0030787874186033494 -0.0098834321150574698 0.0053787388636831598 -0.012900024264975439 -0.011905031770124572 0.011300302052915663 0.050008569437310572 -0.0077168327214194206 -0.0086091874468748383 0.039061216137481147 0.01723818092585894 -0.015410517394849053 -0.019593083560301146
leaf_weight=774.06612703204155 14048.097095012665 30049.9149543643 4680.1952704191208 305.31994915008545 877.2142391204834 600.38573718070984 612.89132308959961 187.73869013786316 1197.2923157215118 730.14729344844818 157.37389278411865 1247.1355781555176 204.59753453731537 228.78606903553009
leaf_count=1437 14740 11825 7389 92 473 168 224 54 554 185 47 240 73 66
internal_value=-0.000156237 0.00212425 -0.00468202 0.00265754 -0.0025293 0.000620585 0.00390435 0.0227036 -0.00126463 0.00325906 0.00353212 0.00334978 0.0125998 0.00290427
internal_weight=55901.2 37172.9 18728.3 36398.8 3780.84 2903.63 2303.24 493.059 1810.18 32618 31887.8 31730.4 1451.73 30278.7
internal_count=37567 15438 22129 14001 1565 1092 924 146 778 12436 12251 12204 313 11891
is_linear=0
shrinkage=0.05


Tree=71
num_leaves=15
num_cat=0
split_feature=7 6 4 7 6 7 6 7 7 7 7 6 6 7
split_gain=191.633 163.421 45.2143 70.3748 88.7259 81.7101 82.0729 68.2897 364.717 79.9237 107.733 67.8727 67.5963 96.4644
threshold=3511.6700000000005 1.0000000180025095e-35 1.0000000180025095e-35 2507.6700000000005 136.50000000000003 3464.9750000000008 133.50000000000003 339.72500000000008 315.48500000000007 236.76500000000001 164.04500000000004 83.500000000000014 128.50000000000003 465.33500000000009
decision_type=2 2 2 2 2 2 2 2 2 2 2 2 2 2
left_child=1 -1 3 4 12 -5 -7 8 9 10 -6 -4 -3 -14
right_child=-2 2 11 5 7 6 -8 -9 -10 -11 -12 -13 13 -15
leaf_value=-0.024622245247677668 -0.006259557575590026 0.0028795462577567176 -0.0041494723882023639 -0.010420693856510108 0.0010432090316782787 -0.014411561846215446 0.058906136134384258 -0.0043903204297828166 0.084429316698656165 -0.011215100928285723 0.039021945074065582 0.0044425499768468548 0.036711720173919431 0.0049469418946454027
leaf_weight=594.68262881040573 10254.942984044552 10330.129171192646 2626.754913687706 2217.5760952234268 894.57174205780029 64.511126160621643 83.064859688282013 8122.823981821537 132.5099880695343 859.84527373313904 231.08238840103149 18194.218033134937 365.87716555595398 677.56330752372742
leaf_count=1289 14444 5334 1219 2351 286 71 87 4498 47 335 72 6899 118 404
internal_value=-8.80858e-05 0.00130661 0.0016535 0.000173248 0.00106988 -0.00800581 0.0274342 -0.00230556 0.00568127 0.000226832 0.00897784 0.00335785 0.00410883 0.0162071
internal_weight=55650.2 45395.2 44800.5 23979.6 21614.4 2365.15 147.576 10240.8 2118.01 1985.5 1125.65 20821 11373.6 1043.44
internal_count=37454 23010 21721 13603 11094 2509 158 5238 740 693 358 8118 5856 522
is_linear=0
shrinkage=0.05


Tree=72
num_leaves=15
num_cat=0
split_feature=7 6 8 6 2 7 7 7 7 5 6 2 6 7
split_gain=226.473 166.515 75.2018 48.4286 88.4939 44.8926 115.443 88.6737 115.409 127.161 90.3656 117.057 70.8848 65.3076
threshold=2507.6700000000005 1.0000000180025095e-35 1877.3800000000003 128.50000000000003 1.0000000180025095e-35 1026.9050000000002 940.0150000000001 1113.2350000000004 1180.9350000000002 11.500000000000002 143.50000000000003 4.5000000000000009 40.500000000000007 1916.8450000000003
decision_type=2 2 2 2 2 2 2 2 2 2 2 2 2 2
left_child=1 -1 5 4 -4 6 -3 -7 9 10 11 -9 13 -10
right_child=-2 2 3 -5 -6 7 -8 8 12 -11 -12 -13 -14 -15
leaf_value=-0.024613669223260498 -0.0052005950424178068 0.0025459634870808336 0.070406764431786048 0.0097999999755330261 0.0022401220466982986 -0.012331024863970971 0.016162623167477852 -0.0064426869511105718 0.025027054183566461 0.040317006264295553 -0.015517251040345235 0.048783900660385501 -0.0013456952865916623 -0.010052477380046804
leaf_weight=570.82821005582809 14319.666032552719 25464.162481069565 104.98092269897461 368.21456873416901 84.553056240081787 1341.1211996674538 1653.2340723276138 194.82763290405273 480.87915205955505 370.67992758750916 314.38808333873749 182.11525583267212 10313.88031411171 179.35308134555817
leaf_count=1270 18413 8705 60 58 31 737 700 66 217 185 132 52 6768 155
internal_value=0.000222158 0.00208815 0.00246239 0.0206158 0.0408361 0.00220984 0.00337894 -0.000160448 0.00120021 0.0168987 0.0041428 0.0205287 -0.000325996 0.0154937
internal_weight=55942.9 41623.2 41052.4 557.749 189.534 40494.6 27117.4 13377.2 12036.1 1062.01 691.331 376.943 10974.1 660.232
internal_count=37549 19136 17866 149 91 17717 9405 8312 7575 435 250 118 7140 372
is_linear=0
shrinkage=0.05


Tree=73
num_leaves=15
num_cat=0
split_feature=7 6 6 7 5 7 3 3 6 3 7 6 7 7
split_gain=236.92 205.74 54.161 55.6942 82.8897 52.936 44.8506 45.7293 62.9975 113.37 58.4946 75.3889 70.2349 64.3906
threshold=1535.7450000000001 31.500000000000004 226.00000000000003 15.940000000000001 11.500000000000002 6098.5400000000009 20.500000000000004 15.500000000000002 168.50000000000003 18.500000000000004 164.04500000000004 101.50000000000001 524.245 1225.0200000000002
decision_type=2 2 2 2 2 2 2 2 2 2 2 2 2 2
left_child=1 -1 3 4 -3 -2 7 10 -9 -10 -5 13 -13 -12
right_child=5 2 -4 6 -6 -7 -8 8 9 -11 11 12 -14 -15
leaf_value=-0.020382129904329065 -0.003366778373449804 0.003857974491629597 -0.0030169580500340257 -0.0099999038309400642 0.029393629617068692 -0.0095168627625931632 -0.0045050034167312021 0.0053283368552541118 0.050925343295810402 0.0084428004097665092 0.0053147706294038441 0.0056395355072043993 -0.0011737602801726635 0.018257652646200093
leaf_weight=989.83061185479164 15455.657095432281 870.79518270492554 3721.0682847499847 880.01088005304337 497.07843947410583 4522.3197166323662 1905.2364934682846 2981.7807922363281 223.68768668174744 509.67036890983582 5549.1383945941925 5898.551899433136 10524.225536704063 1159.4867800474167
leaf_count=1561 15627 110 1533 399 106 7293 577 749 49 142 2101 1704 4951 485
internal_value=-0.000401402 0.00203785 0.00267985 0.00336405 0.0132108 -0.00476098 0.00290735 0.00341741 0.00857652 0.0216579 0.00261755 0.00309963 0.00127434 0.00756369
internal_weight=55688.5 35710.6 34720.7 30999.7 1367.87 19978 29631.8 27726.6 3715.14 733.358 24011.4 23131.4 16422.8 6708.63
internal_count=37387 14467 12906 11373 216 22920 11157 10580 940 191 9640 9241 6655 2586
is_linear=0
shrinkage=0.05


Tree=74
num_leaves=15
num_cat=0
split_feature=7 6 4 7 8 3 3 8 6 8 7 6 3 8
split_gain=174.432 153.408 48.0813 47.9071 81.1985 54.6273 187.711 62.0302 44.0182 54.8503 49.7638 80.8361 50.734 49.4405
threshold=2507.6700000000005 1.0000000180025095e-35 2.5000000000000004 427.77000000000004 278.09500000000008 18.500000000000004 16.500000000000004 168.71000000000001 68.500000000000014 168.71000000000001 164.04500000000004 100.50000000000001 11.500000000000002 110.59500000000001
decision_type=2 2 2 2 2 2 2 2 2 2 2 2 2 2
left_child=1 -1 3 4 5 6 8 -7 -3 10 13 -12 -13 -10
right_child=-2 2 -4 -5 -6 7 -8 -9 9 -11 11 12 -14 -15
leaf_value=-0.024607657901080715 -0.0050567282764423863 -0.011189513143555022 -0.010426568961645837 0.00080142376648544694 0.01034946522947941 0.0036536462858880975 0.057886048124993851 -0.015810525328784804 0.007650741526298882 0.00061653184799438968 0.047787658316628595 0.020302401748200149 -0.0079282936587249976 -0.023984813121002934
leaf_weight=555.20867809653282 14129.460758149624 539.30214732885361 791.66655468940735 27285.493350088596 4056.3786764144897 785.79508757591248 151.24853372573853 845.9111579656601 768.52652442455292 4407.2864632606506 189.50213193893433 495.18418908119202 230.14307308197021 142.01411437988281
leaf_count=1290 18363 294 325 13836 692 187 21 301 310 1453 47 126 27 54
internal_value=-0.000263171 0.00137944 0.00173703 0.00197966 0.00452755 0.00176261 0.00370252 -0.00645447 0.00245055 0.00363882 0.0109144 0.0191182 0.011352 0.0026126
internal_weight=55373.1 41243.7 40688.5 39896.8 12611.3 8554.91 6923.21 1631.71 6771.96 6232.66 1825.37 914.829 725.327 910.541
internal_count=37326 18963 17673 17348 3512 2820 2332 488 2311 2017 564 200 153 364
is_linear=0
shrinkage=0.05


Tree=75
num_leaves=15
num_cat=0
split_feature=7 6 8 3 6 6 3 8 4 7 8 6 4 1
split_gain=165.614 146.759 88.6009 91.0593 93.725 53.5518 63.2516 53.274 51.6265 41.4308 42.1049 54.5943 53.9107 36.0287
threshold=2507.6700000000005 1.0000000180025095e-35 1877.3800000000003 14.500000000000002 144.50000000000003 175.50000000000003 11.500000000000002 2389.7900000000004 2.5000000000000004 3511.6700000000005 2189.9400000000005 197.00000000000003 1.5000000000000002 2.5000000000000004
decision_type=2 2 2 2 2 2 2 2 2 2 2 2 2 2
left_child=1 -1 8 4 -4 6 -2 -8 13 10 -7 -12 -13 -3
right_child=5 2 3 -5 -6 9 7 -9 -10 -11 11 12 -14 -15
leaf_value=-0.024597893146966265 -0.0062881986831709166 0.00104244803839882 0.073547857210671516 0.00068580669573576366 0.016325481480710627 -0.0044858421408841371 0.041081462468445462 -0.015673954870678963 -0.011352044183815514 -0.0020781912874137764 0.0087402494133522312 0.075379045724142973 0.010059970658165676 0.0051765723995289619
leaf_weight=531.56558096408844 12611.542069554329 33607.932392477989 119.25801956653595 284.01138997077942 177.82572507858276 158.40152257680893 123.57006287574768 57.711834192276001 768.46407341957092 802.61664640903473 183.38957065343857 80.06426477432251 53.01635479927063 6246.2551181316376
leaf_count=1275 16752 15576 67 48 29 145 79 50 328 1062 167 71 42 1736
internal_value=-0.000198218 0.00138338 0.00172151 0.0210236 0.0401333 -0.00488838 -0.00586322 0.0230774 0.00144285 0.00485845 0.0164821 0.0268836 0.0506639 0.00169095
internal_weight=55805.6 41735.3 41203.7 581.095 297.084 14070.3 12792.8 181.282 40622.7 1277.49 474.872 316.47 133.081 39854.2
internal_count=37427 19059 17784 144 96 18368 16881 129 17640 1487 425 280 113 17312
is_linear=0
shrinkage=0.05


Tree=76
num_leaves=15
num_cat=0
split_feature=7 3 7 7 8 3 7 8 7 7 8 8 1 8
split_gain=176.849 89.0558 70.4976 72.2727 53.1178 49.7879 46.3975 125.795 253.785 71.6896 290.151 45.219 49.9349 57.9709
threshold=3511.6700000000005 1.0000000180025095e-35 2305.7200000000007 3464.9750000000008 1743.2800000000002 52.500000000000007 254.29000000000002 224.98500000000004 293.90500000000003 315.48500000000007 236.17000000000004 2017.2950000000003 1.0000000180025095e-35 2099.6250000000005
decision_type=2 2 2 2 2 2 2 2 2 2 2 2 2 2
left_child=1 2 4 -4 6 11 -1 8 -8 -9 -11 -3 13 -13
right_child=-2 5 3 -5 -6 -7 7 9 -10 10 -12 12 -14 -15
leaf_value=-0.0058925253633676693 -0.0061174971824898318 0.0031230741172171826 -0.0099347283902847961 0.024939864307723263 0.019796561262866681 -0.024061773396372867 0.0084393449186478935 -0.024410509349304055 0.091128256830452947 0.091794876511055223 -7.0970536722452201e-05 0.049639096004109956 0.0004335805892605616 0.013864059010308176
leaf_weight=3019.4987393319607 9984.6570316553116 19609.60684299469 2786.2345316410065 152.20882320404053 333.91017043590546 156.75585007667542 584.8697275519371 291.46428203582764 105.59348273277283 81.381310701370239 17289.169555991888 126.25233519077301 609.50504207611084 896.29621112346649
leaf_count=1792 14470 6978 2948 160 152 28 320 114 37 27 9329 80 443 660
internal_value=-8.69011e-05 0.00122139 -0.000827634 -0.00808896 0.000157007 0.00358088 -0.000154395 0.000791037 0.0216493 -3.02744e-05 0.000385714 0.00379049 0.0117756 0.0185012
internal_weight=56027.4 46042.7 24644.3 2938.44 21705.9 21398.4 21372 18352.5 690.463 17662 17370.6 21241.7 1632.05 1022.55
internal_count=37538 23068 14879 3108 11771 8189 11619 9827 357 9470 9356 8161 1183 740
is_linear=0
shrinkage=0.05


Tree=77
num_leaves=15
num_cat=0
split_feature=7 6 8 6 7 8 8 6 8 6 7 6 8 8
split_gain=202.093 165.046 49.731 48.409 55.3467 65.8592 40.0808 90.156 147.084 172.39 68.8051 48.9376 39.9862 42.5996
threshold=1535.7450000000001 31.500000000000004 4887.9700000000012 238.50000000000003 1412.2650000000003 766.31500000000017 1016.7100000000002 144.50000000000003 1056.1500000000003 103.00000000000001 1380.4750000000001 41.500000000000007 1161.4150000000002 1208.47
decision_type=2 2 2 2 2 2 2 2 2 2 2 2 2 2
left_child=1 -1 12 6 5 -5 10 8 9 -8 -3 -10 -2 -14
right_child=2 3 -4 4 -6 -7 7 -9 11 -11 -12 -13 13 -15
leaf_value=-0.018651171910600697 -0.016499694411154397 0.0027603611954091036 -0.0098788630235177033 -0.00073786792831853469 0.032179006403647063 -0.017748638072042206 0.1034171766350987 -0.0022399494911181359 0.038952552352575248 0.014360931492528657 -0.01959434499428328 0.0067202627480353258 0.01091717574300732 -0.0033326658877887508
leaf_weight=953.895587682724 550.14820003509521 28653.385338425636 3494.848487496376 2874.6231725215912 103.30263817310333 704.56231760978699 94.996117234230042 1009.822518825531 127.86147403717041 123.19905912876129 343.45733237266541 1071.8511735200882 538.38685929775238 15231.091010212898
leaf_count=1583 341 10257 5812 1070 54 389 33 402 37 57 180 440 310 16584
internal_value=-0.000413309 0.00181564 -0.00446928 0.00237433 -0.00304638 -0.00410652 0.00300993 0.00917539 0.0172846 0.0545817 0.00249225 0.0103029 -0.00330815 -0.00284285
internal_weight=55875.4 36061 19814.5 35107.1 3682.49 3579.19 31424.6 2427.73 1417.91 218.195 28996.8 1199.71 16319.6 15769.5
internal_count=37549 14502 23047 12919 1513 1459 11406 969 567 90 10437 477 17235 16894
is_linear=0
shrinkage=0.05


Tree=78
num_leaves=15
num_cat=0
split_feature=7 6 6 6 7 8 2 2 5 8 8 8 6 8
split_gain=149.52 143.983 67.6031 49.1841 66.3075 51.1907 53.3714 312.106 41.5941 85.8693 50.5069 50.6415 51.1624 50.1508
threshold=1844.4500000000003 1.0000000180025095e-35 163.50000000000003 136.50000000000003 524.245 300.24000000000007 18.500000000000004 16.500000000000004 12.500000000000002 377.81000000000006 500.37500000000006 759.28000000000009 144.50000000000003 1016.7100000000002
decision_type=2 2 2 2 2 2 2 2 2 2 2 2 2 2
left_child=1 -1 -2 -3 5 6 7 -5 9 -6 -11 -12 13 -13
right_child=2 3 -4 4 8 -7 -8 -9 -10 10 11 12 -14 -15
leaf_value=-0.024590883961818327 -0.0054366958857311352 0.0036492176512314999 0.0033997183055191876 2.6923890422237055e-05 0.041533687384815679 0.0088494912065599628 -0.010229997851225626 0.061941182071655748 -0.0055032166523104513 -0.013309764433039335 0.0087972876947217393 -0.0021361427273592277 -0.0061132756969234951 0.031847063422533642
leaf_weight=515.79008808732033 14370.307631850243 19384.170090675354 2544.6542177200317 4628.6204400062561 121.1870641708374 2810.5477299690247 941.90685594081879 207.90827751159668 5664.7646062374115 635.14459943771362 1570.3665453195572 247.24146103858948 1989.2384761571884 187.74618709087372
leaf_count=1281 18256 7551 2895 1350 36 660 249 22 3349 209 546 86 907 85
internal_value=-0.000182885 0.00152344 -0.00410675 0.00187747 6.98566e-05 0.00332114 0.000626909 0.00274966 -0.00261153 0.000838541 -0.000270344 0.00181698 -0.00271352 0.0127267
internal_weight=55819.6 38904.6 16915 38388.8 19004.7 8588.98 5778.44 4836.53 10415.7 4750.92 4629.74 3994.59 2424.23 434.988
internal_count=37482 16331 21151 15050 7499 2281 1621 1372 5218 1869 1833 1624 1078 171
is_linear=0
shrinkage=0.05


Tree=79
num_leaves=15
num_cat=0
split_feature=7 6 3 7 3 6 3 5 6 6 5 7 5 6
split_gain=173.211 142.22 44.0913 46.7121 39.5096 38.65 39.6785 69.3842 44.3935 30.9362 29.0222 45.4396 135.781 42.9002
threshold=2507.6700000000005 1.0000000180025095e-35 1.0000000180025095e-35 3349.2500000000005 52.500000000000007 97.500000000000014 8.5000000000000018 3.5000000000000004 197.00000000000003 175.50000000000003 4.5000000000000009 2414.8800000000006 9.5000000000000018 136.50000000000003
decision_type=2 2 2 2 2 2 2 2 2 2 2 2 2 2
left_child=1 -1 9 5 10 -4 8 -8 -7 -2 -3 13 -13 -12
right_child=2 4 3 -5 -6 6 7 -9 -10 -11 11 12 -14 -15
leaf_value=-0.02458707316641515 -0.008098528405384357 0.004423904946009442 -0.0077252757066767208 -0.0040484142365081023 -0.023983511566041921 0.0025172468423381176 -0.0038091220816479626 0.059054005941922776 0.036608656901116123 0.003396380858591657 0.0028197622172798269 0.067125401923889161 0.0015873220914448807 -0.000894302425906947
leaf_weight=507.59373724460602 7548.4120454788208 9526.416432261467 353.05368232727051 4310.2297883033752 141.78781533241272 756.49186408519745 74.644860029220581 99.599476099014282 104.44618761539459 631.80194014310837 16329.178374052048 99.118112802505493 329.0380967259407 14834.135124623775
leaf_count=1301 10520 3042 297 6030 25 617 55 57 81 798 7532 74 291 6776
internal_value=-1.97299e-05 0.00158836 -0.00485804 -0.00147958 0.00191332 0.00648212 0.0113415 0.0327689 0.00684061 -0.00720918 0.00200553 0.00127568 0.0173591 0.00105196
internal_weight=55645.9 41767.3 13878.7 5698.47 41259.7 1388.24 1035.18 174.244 860.938 8180.21 41117.9 31591.5 428.156 31163.3
internal_count=37496 19041 18455 7137 17740 1107 810 112 698 11318 17715 14673 365 14308
is_linear=0
shrinkage=0.05


Tree=80
num_leaves=15
num_cat=0
split_feature=7 6 7 7 3 6 7 6 3 2 2 6 5 6
split_gain=164.981 138.964 51.3593 82.5406 87.6751 40.962 52.5778 68.0368 53.7009 66.6587 53.0308 89.4941 65.048 52.2962
threshold=1844.4500000000003 1.0000000180025095e-35 1916.8450000000003 1971.6900000000003 2.5000000000000004 134.50000000000003 236.76500000000001 140.00000000000003 1.0000000180025095e-35 12.500000000000002 8.5000000000000018 188.50000000000003 4.5000000000000009 291.00000000000006
decision_type=2 2 2 2 2 2 2 2 2 2 2 2 2 2
left_child=1 -1 -2 4 -4 -3 7 -7 -8 10 13 12 -12 -10
right_child=2 5 3 -5 -6 6 8 -9 9 -11 11 -13 -14 -15
leaf_value=-0.024582771027093532 -0.021595579755167918 0.0034957683082871005 0.042741073204659918 -0.0045023901928603121 -0.0076921665949228613 -0.023803444281742608 -0.0035429673431782958 0.0089611670809910081 0.0021293484303975835 -0.0051741192629090075 -0.0094406925394302874 0.042659953803512812 0.03025144125003534 0.026743423408707181
leaf_weight=498.6482157856226 419.94743233919144 19002.008323967457 187.00949120521545 16036.528388857841 153.96193420886993 164.76292324066162 8642.5416003465652 2420.9573308229446 4658.5983749628067 2199.2139248847961 285.74472498893738 236.13697850704193 155.20394384860992 221.36295890808105
leaf_count=1303 416 7361 161 20437 124 41 4343 600 1667 605 91 67 46 76
internal_value=-0.00029531 0.00150925 -0.00442901 -0.00398238 0.0201864 0.00185495 0.00021213 0.00683149 -0.000833357 0.00218621 0.00510111 0.0181626 0.00471258 0.00327211
internal_weight=55282.6 38485.2 16797.4 16377.5 340.971 37986.5 18984.5 2585.72 16398.8 7756.26 5557.05 677.086 440.949 4879.96
internal_count=37338 16200 21138 20722 285 14897 7536 641 6895 2552 1947 204 137 1743
is_linear=0
shrinkage=0.05


Tree=81
num_leaves=15
num_cat=0
split_feature=8 6 8 8 8 2 2 6 2 8 2 3 8 8
split_gain=152.704 123.111 44.1715 88.1021 76.6079 63.1937 231.1 47.657 47.387 46.3093 97.3995 49.5957 65.2414 68.4674
threshold=2635.3900000000008 1.0000000180025095e-35 328.97500000000008 339.03000000000003 278.09500000000008 18.500000000000004 16.500000000000004 226.00000000000003 14.500000000000002 359.74000000000007 4.5000000000000009 1.0000000180025095e-35 383.41000000000003 402.98000000000008
decision_type=2 2 2 2 2 2 2 2 2 2 2 2 2 2
left_child=1 -1 4 -4 5 6 8 -6 -3 10 -5 12 -11 -14
right_child=-2 2 3 9 7 -7 -8 -9 -10 11 -12 -13 13 -15
leaf_value=-0.024558999127885568 -0.0057305595060711326 0.0023955198849796282 -0.024473977884631789 0.02835958059633217 0.011892049040823407 -0.010147308270474288 0.066172177256909867 -0.0063230707753239484 -0.024109820191185016 -0.016014449765270125 -0.010009329968947498 0.0025506905088964467 0.019896334657281991 -0.0012342080152880238
leaf_weight=454.3491829931736 9604.2452561855316 7444.9815118312836 344.42534613609314 422.23518323898315 3358.8269469738007 1035.3344999551773 137.02133512496948 398.87267231941223 167.55847001075745 723.78965067863464 266.5360279083252 15295.395355343819 387.93259739875793 15734.489192605019
leaf_count=1252 14248 2494 144 139 652 317 16 84 31 285 69 6963 139 10638
internal_value=3.99911e-06 0.00119734 0.00145597 0.000500124 0.00398296 0.00142521 0.00297684 0.00995272 0.00179667 0.000765815 0.0135467 0.000489866 -0.00138145 -0.000719761
internal_weight=55776 46171.7 45717.4 33174.8 12542.6 8784.9 7749.56 3757.7 7612.54 32830.4 688.771 32141.6 16846.2 16122.4
internal_count=37471 23223 21971 18377 3594 2858 2541 736 2525 18233 208 18025 11062 10777
is_linear=0
shrinkage=0.05


Tree=82
num_leaves=15
num_cat=0
split_feature=7 6 7 7 5 6 6 7 3 2 6 7 7 3
split_gain=147.796 134.71 53.6679 46.1247 92.8032 59.4961 50.6584 49.3725 37.7118 51.7456 40.8287 38.5464 137.053 37.0203
threshold=1535.7450000000001 6.5000000000000009 6098.5400000000009 1427.3600000000004 6.5000000000000009 166.50000000000003 66.500000000000014 1514.5800000000002 52.500000000000007 38.500000000000007 238.50000000000003 1018.2750000000001 968.81500000000017 1.0000000180025095e-35
decision_type=2 2 2 2 2 2 2 2 2 2 2 2 2 2
left_child=1 -1 13 8 6 7 -5 -6 9 10 -3 12 -12 -2
right_child=2 3 -4 4 5 -7 -8 -9 -10 -11 11 -13 -14 -15
leaf_value=-0.024574647798036205 -0.0046493491046695505 0.0020228710854426021 -0.0088045633669849282 0.018874852318559669 0.0090779080217814299 0.051804395011500463 -0.013281030874070688 0.040100077729143757 -0.023971636363437521 0.023033339151650754 -0.0034116125000891321 -0.014843152954503237 0.052733972586021444 0.00031756427430968168
leaf_weight=482.57978662848473 8578.9875308871269 30019.581194281578 4296.1186583638191 161.44075512886047 690.25542783737183 122.54377639293671 460.36520063877106 154.00586402416229 139.75531125068665 274.42788529396057 2771.8750905990601 628.29414415359497 108.12248575687408 6662.80463129282
leaf_count=1307 9527 10823 7336 56 335 69 180 63 24 43 1009 396 47 6231
internal_value=-0.000370696 0.00152888 -0.00387158 0.00188683 0.0102007 0.0198547 -0.00484837 0.0149396 0.00149626 0.00160509 0.00142629 -0.00367413 -0.00121602 -0.00247872
internal_weight=55551.2 36013.2 19537.9 35530.7 1588.61 966.805 621.806 844.261 33942.1 33802.3 33527.9 3508.29 2880 15241.8
internal_count=37446 14352 23094 13045 703 467 236 398 12342 12318 12275 1452 1056 15758
is_linear=0
shrinkage=0.05


Tree=83
num_leaves=15
num_cat=0
split_feature=7 6 7 6 7 3 7 1 6 7 7 3 1 1
split_gain=146.37 122.5 55.8579 78.4234 58.0349 47.0384 42.4689 38.6645 43.4833 40.5103 88.9251 178.452 45.8598 126.456
threshold=4614.9600000000009 1.0000000180025095e-35 465.33500000000009 74.500000000000014 481.17000000000002 28.500000000000004 417.58500000000009 1.5000000000000002 50.500000000000007 534.87000000000012 681.6350000000001 16.500000000000004 13.500000000000002 11.500000000000002
decision_type=2 2 2 2 2 2 2 2 2 2 2 2 2 2
left_child=1 -1 3 6 -4 7 -3 -6 -9 -10 11 -11 13 -12
right_child=-2 2 4 -5 5 -7 -8 8 9 10 12 -13 -14 -15
leaf_value=-0.024558818530653625 -0.0067425829550546105 -0.01176525879686938 -0.019039493320181268 0.0050548649522421246 -1.7692477709992023e-05 -0.015930709625767831 0.022453855799195527 -0.013052647140178933 -0.01091996486773315 0.0037994216100434141 0.0039233713403200726 0.059195779483846293 -0.0089690653208159207 0.043022405033432187
leaf_weight=454.04172849655151 6672.5180861353874 1014.912705719471 379.15092957019806 13362.434334278107 27974.852595329285 424.74910950660706 94.911896228790283 319.72364491224289 331.04467511177063 387.05941939353943 3157.2890098690987 228.55115413665771 554.52297782897949 216.42633187770844
leaf_count=1281 10698 443 140 3463 19011 150 43 173 81 94 1546 46 217 57
internal_value=0.000201223 0.00114932 0.00139277 0.00399347 0.000284481 0.000505376 -0.00875127 0.000718216 0.00467755 0.00585258 0.00708521 0.0246771 0.00430046 0.00649156
internal_weight=55572.2 48899.7 48445.6 14472.3 33973.4 33594.2 1109.82 33169.5 5194.62 4874.89 4543.85 615.611 3928.24 3373.72
internal_count=37443 26745 25464 3949 21515 21375 486 21225 2214 2041 1960 140 1820 1603
is_linear=0
shrinkage=0.05


Tree=84
num_leaves=15
num_cat=0
split_feature=8 6 8 3 8 6 1 6 8 3 5 3 8 8
split_gain=114.09 110.725 31.4833 41.6221 41.1862 43.3126 34.2329 28.899 58.4958 29.2191 26.4063 41.8665 53.8022 38.1791
threshold=2635.3900000000008 1.0000000180025095e-35 2550.7450000000003 5.5000000000000009 1120.9950000000001 117.50000000000001 24.500000000000004 38.500000000000007 713.94000000000017 1.0000000180025095e-35 10.500000000000002 4.5000000000000009 1302.5450000000003 2436.0300000000002
decision_type=2 2 2 2 2 2 2 2 2 2 2 2 2 2
left_child=1 -1 4 -4 6 -6 7 8 -3 -10 11 12 -7 -14
right_child=-2 2 3 -5 5 10 -8 -9 9 -11 -12 -13 13 -15
leaf_value=-0.024531128728883935 -0.0048947546557314044 -0.019211292789829981 0.018731096984305994 -0.014418978477814532 -0.0050305506850251694 0.035092113967695675 -0.023854646716704227 0.0023345214888591038 0.019254653739993632 -0.010453047040910046 -0.0016102270052818484 -0.002692937513071507 0.0099419220691488973 -0.019991589562742842
leaf_weight=411.40731333196163 9444.6500317454338 444.29845643043518 500.60061866044998 112.59006631374359 4809.6633861660957 194.83095228672028 122.37938714027405 34192.152081131935 214.44841825962067 128.84231662750244 2907.4439089894295 917.65287113189697 1061.2318217754364 113.68226933479309
leaf_count=1221 14265 273 476 93 4134 99 44 12550 83 49 2681 548 823 95
internal_value=0.000110504 0.00113567 0.00136929 0.0125769 0.00121555 -0.00161392 0.0020221 0.00211603 -0.00732443 0.0081149 0.00155118 0.0055643 0.0110859 0.00697317
internal_weight=55575.9 46131.2 45719.8 613.191 45106.6 10004.5 35102.1 34979.7 787.589 343.291 5194.84 2287.4 1369.75 1174.91
internal_count=37434 23169 21948 569 21379 8380 12999 12955 405 132 4246 1565 1017 918
is_linear=0
shrinkage=0.05


Tree=85
num_leaves=15
num_cat=0
split_feature=7 6 7 7 7 3 7 2 7 6 6 7 6 1
split_gain=111.76 112.937 43.5556 75.1533 66.1078 100.283 74.0232 75.6021 62.9061 50.4321 57.8211 49.4809 46.9504 40.3973
threshold=6098.5400000000009 1.0000000180025095e-35 1026.9050000000002 1113.2350000000004 1180.9350000000002 10.500000000000002 1146.0500000000004 2.5000000000000004 953.87500000000011 74.500000000000014 58.000000000000007 139.01500000000001 40.500000000000007 3.5000000000000004
decision_type=2 2 2 2 2 2 2 2 2 2 2 2 2 2
left_child=1 -1 8 -4 5 6 -5 -8 9 10 12 -11 -3 -10
right_child=-2 2 3 4 -6 -7 7 -9 13 11 -12 -13 -14 -15
leaf_value=-0.024548047747028678 -0.0078430183502244677 -0.010234225566789891 -0.012608429910814886 0.0019997338327471526 -0.00072030064829748601 -0.012127330428764307 0.020694152016801925 0.064988344418495839 0.0076427176927087535 0.0089776687898074966 -0.014401659896913679 0.0015742488652243395 0.0070926949092209842 0.027489357815538962
leaf_weight=436.46076554059982 4202.7657077908516 609.87645661830902 1261.2102142572403 310.85771596431732 20488.378899037838 311.81364595890045 355.78456807136536 131.65634655952454 1064.3571256399155 2517.3862583637238 994.6682938337326 21483.584676861763 1068.6855218410492 335.68454360961914
leaf_count=1290 7324 330 702 131 18320 122 157 23 471 569 403 7136 397 90
internal_value=-8.83428e-06 0.000632805 0.000850972 -0.00076929 -7.52039e-05 0.0117806 0.0211364 0.0331963 0.00217019 0.0016267 -0.00488171 0.00235248 0.00078556 0.0124822
internal_weight=55573.2 51370.4 50933.9 22859.7 21598.5 1110.11 798.299 487.441 28074.2 26674.2 2673.23 24001 1678.56 1400.04
internal_count=37465 30141 28851 19455 18753 433 311 180 9396 8835 1130 7705 727 561
is_linear=0
shrinkage=0.05


Tree=86
num_leaves=15
num_cat=0
split_feature=8 6 3 8 8 3 8 6 8 8 8 6 3 3
split_gain=108.592 105.141 45.9983 45.9883 31.4961 79.6433 30.3002 29.4866 28.5604 85.0279 56.5574 54.2663 48.3664 82.5623
threshold=4887.9700000000012 1.0000000180025095e-35 43.500000000000007 1208.47 1188.2800000000002 3.5000000000000004 31.370000000000001 93.500000000000014 328.97500000000008 339.03000000000003 278.09500000000008 100.50000000000001 18.500000000000004 16.500000000000004
decision_type=2 2 2 2 2 2 2 2 2 2 2 2 2 2
left_child=1 -1 3 4 6 -6 -3 -2 10 -10 12 -11 13 -8
right_child=7 2 -4 -5 5 -7 8 -9 9 11 -12 -13 -14 -15
leaf_value=-0.024530446998236758 -0.0042287758661449229 -0.02376796582473549 -0.02415854339265424 -0.0014942761199316472 0.057629693021400898 0.0010017445256277661 0.0024267182334215629 -0.013628417895851189 -0.024454748694161928 0.0050405749149580598 0.0086399527291000817 -0.00041865735969119774 -0.0059681080042336366 0.038174730235291374
leaf_weight=410.45806084573269 1741.2762323617935 111.97579562664032 180.09359705448151 15252.094983637333 83.821717739105225 206.92150020599365 6860.4336819648743 1608.6408568620682 326.48354291915894 6221.1514083147049 3900.8022522926331 16927.153021335602 1769.7663109302521 160.45214653015137
leaf_count=1259 3080 89 40 16567 49 98 2235 2839 138 2432 758 7376 525 19
internal_value=-3.52846e-05 0.000522893 0.000722985 0.000811778 0.00177365 0.018026 0.00164094 -0.0087561 0.00172288 0.000689455 0.00363334 0.00104929 0.00140803 0.00327027
internal_weight=55761.5 52411.6 52001.1 51821.1 36569 290.743 36278.2 3349.92 36166.2 23474.8 12691.5 23148.3 8790.65 7020.89
internal_count=37504 31585 30326 30286 13719 147 13572 5919 13483 9946 3537 9808 2779 2254
is_linear=0
shrinkage=0.05


Tree=87
num_leaves=15
num_cat=0
split_feature=7 3 3 7 7 7 7 7 3 7 5 7 2 7
split_gain=107.508 45.9985 56.7688 46.8158 69.5263 54.7046 85.7807 86.1664 62.8965 51.675 38.0105 35.149 34.779 34.5891
threshold=6098.5400000000009 1.5000000000000002 20.500000000000004 760.31000000000006 725.68000000000006 882.08000000000004 1018.2750000000001 940.0150000000001 1.0000000180025095e-35 5819.0700000000006 11.500000000000002 703.34500000000014 38.500000000000007 203.61000000000004
decision_type=2 2 2 2 2 2 2 2 2 2 2 2 2 2
left_child=1 3 13 4 10 -5 7 -7 -9 -8 -1 -12 -4 -3
right_child=-2 2 12 5 -6 6 9 8 -10 -11 11 -13 -14 -15
leaf_value=-0.016429074238859309 -0.0079533832652155315 0.011344159991501601 -0.0068295094757340712 -0.011005025529181301 0.017289529939747948 -0.0014925473771845133 -0.0031781956085820949 0.029192846832950987 -0.015810963522230562 0.015780770330304117 0.0014383076669602915 -0.019224603494359845 0.0095474884824543402 0.0026486553958728724
leaf_weight=313.34352660179138 4150.2877689003944 1223.0879006385803 2313.0395871400833 1696.6593577563763 654.42404669523239 743.78338402509689 14376.467208266258 575.76490187644958 86.38597846031189 363.73019289970398 11746.148401319981 204.49459862709045 372.41045689582825 16774.804907858372
leaf_count=96 7343 198 706 992 273 412 13578 283 35 514 5305 110 62 7540
internal_value=-0.000217246 0.000407579 0.00223062 -0.000818367 0.00147371 -0.00247781 -0.00157863 0.0102001 0.023247 -0.00270517 0.000623053 0.00107684 -0.00454487 0.00324256
internal_weight=55594.8 51444.5 20683.3 30761.2 12918.4 17842.8 16146.1 1405.93 662.151 14740.2 12264 11950.6 2685.45 17997.9
internal_count=37447 30104 8506 21598 5784 15814 14822 730 318 14092 5511 5415 768 7738
is_linear=0
shrinkage=0.05


Tree=88
num_leaves=15
num_cat=0
split_feature=6 7 7 3 7 7 1 3 3 3 3 7 6 7
split_gain=101.571 106.173 37.7436 37.4384 39.1968 39.9841 130.361 33.3464 48.1712 61.5759 38.6851 87.4393 41.7316 31.0354
threshold=1.0000000180025095e-35 1535.7450000000001 6098.5400000000009 52.500000000000007 15.940000000000001 1427.3600000000004 1.5000000000000002 10.500000000000002 6.5000000000000009 4.5000000000000009 3.5000000000000004 1514.5800000000002 160.50000000000003 1392.1400000000001
decision_type=2 2 2 2 2 2 2 2 2 2 2 2 2 2
left_child=-1 3 -3 4 -2 13 7 8 9 10 11 12 -7 -6
right_child=1 2 -4 -5 5 6 -8 -9 -10 -11 -12 -13 -14 -15
leaf_value=-0.024533780131025001 0.0095324447933374072 -0.0017055860061941373 -0.007106927475087667 -0.023951008673195339 0.0013102707939121761 0.0033795626196225555 -0.01846507729779942 -0.0053516186911280695 0.05163899388754635 -0.018305389627959263 0.04481403172572325 0.050205069248443181 0.043320317784696624 -0.010108778291346151
leaf_weight=415.14402793347836 1575.9500257968903 14989.333009719849 4121.1005637645721 136.35544753074646 32303.30670529604 589.64172875881195 336.62194156646729 155.39649951457977 99.934341192245483 113.6635639667511 131.75610899925232 145.25316548347473 68.722334623336792 601.23989713191986
leaf_count=1289 243 15626 7349 26 11862 299 125 59 40 45 47 62 43 328
internal_value=-4.23262e-05 0.000143506 -0.00287192 0.00173303 0.00183328 0.00148072 0.00908598 0.0162395 0.0191702 0.0158469 0.0200722 0.0157637 0.00784381 0.00110012
internal_weight=55783.4 55368.3 19110.4 36257.8 36121.5 34545.5 1640.99 1304.37 1148.97 1049.04 935.373 803.617 658.364 32904.5
internal_count=37443 36154 22975 13179 13153 12910 720 595 536 496 451 404 342 12190
is_linear=0
shrinkage=0.05


Tree=89
num_leaves=15
num_cat=0
split_feature=8 5 8 8 8 5 3 5 1 3 8 2 8 4
split_gain=94.9552 57.6412 45.0832 39.0934 57.5303 43.2721 72.8903 41.9244 37.1806 53.4777 40.1315 79.6781 82.5058 63.1838
threshold=990.93500000000006 10.500000000000002 31.370000000000001 969.09500000000014 962.38000000000011 4.5000000000000009 10.500000000000002 11.500000000000002 2.5000000000000004 24.500000000000004 423.28000000000003 4.5000000000000009 461.47500000000008 1.5000000000000002
decision_type=2 2 2 2 2 2 2 2 2 2 2 2 2 2
left_child=2 -2 -1 4 8 -5 7 -7 -4 10 13 -12 -13 -10
right_child=1 -3 3 5 -6 6 -8 -9 9 -11 11 12 -14 -15
leaf_value=-0.024109184523634735 0.00035414020425887286 -0.0048541132517502354 0.00058598338424970811 -0.0016986792505878688 -0.020023862062018116 -0.014098750617141354 0.043984407746472595 0.015355435954159917 0.0062681592851295629 -0.0060984596769474552 -0.0049670849103767359 0.044046489801307098 0.012648881129058986 -0.016155102543592682
leaf_weight=167.40620648860931 8706.0596551299095 13620.635909467936 25828.866774499416 521.32243895530701 312.17346251010895 151.01733160018921 184.26683878898621 539.34015357494354 1870.5297935009003 885.19909656047821 537.44529247283936 238.54210519790649 1556.5539137125015 372.45964217185974
leaf_count=372 8443 16076 10604 110 171 61 39 224 359 250 155 53 406 94
internal_value=-0.0003031 -0.00282359 0.00139386 0.00152687 0.00116435 0.00970035 0.0164658 0.00885722 0.00137891 0.00512541 0.0073011 0.0118863 0.0169319 0.00251701
internal_weight=55491.8 22326.7 33165.1 32997.7 31601.8 1395.95 874.624 690.357 31289.6 5460.73 4575.53 2332.54 1795.1 2242.99
internal_count=37417 24519 12898 12526 12092 434 324 285 11921 1317 1067 614 459 453
is_linear=0
shrinkage=0.05


Tree=90
num_leaves=15
num_cat=0
split_feature=6 3 3 2 3 4 3 3 5 3 1 6 3 6
split_gain=100.016 59.138 33.9907 25.5687 31.1199 28.1027 31.4314 38.4894 27.3197 25.4403 29.9299 29.2399 24.1808 20.7809
threshold=1.0000000180025095e-35 6.5000000000000009 20.500000000000004 17.500000000000004 22.500000000000004 2.5000000000000004 25.500000000000004 29.500000000000004 4.5000000000000009 5.5000000000000009 4.5000000000000009 186.00000000000003 28.500000000000004 146.00000000000003
decision_type=2 2 2 2 2 2 2 2 2 2 2 2 2 2
left_child=-1 9 -3 12 -5 6 -6 -8 13 10 -2 -11 -4 -9
right_child=1 2 3 4 5 -7 7 8 -10 11 -12 -13 -14 -15
leaf_value=-0.02452494249254264 -0.00053968785362129752 0.0044333344227572733 -0.0028809577513186652 -0.017655647605469907 0.026046689801249391 -0.010918204876067414 -0.017381270073655131 0.0089289305663262462 0.020111724027962408 -0.011447535414202207 0.01336602471869673 0.011087475426272701 -0.021914045378171727 -0.0071336017707352983
leaf_weight=402.9425576031208 40044.03555470705 10869.773637592793 453.99422574043274 193.52554666996002 168.44434010982513 287.87101066112518 186.21203994750977 477.07986259460449 284.80551052093506 945.85960555076599 385.73263913393021 165.50952363014221 260.55334198474884 341.08176350593567
leaf_count=1283 31395 3304 165 69 54 98 65 76 61 454 132 76 85 87
internal_value=0.000141236 0.000323945 0.00319517 -0.0018755 0.00110881 0.00323375 0.00605643 0.00335396 0.0069173 -0.000611029 -0.00040538 -0.0080569 -0.00992525 0.00223
internal_weight=55467.4 55064.5 13523.3 2653.57 1939.02 1745.49 1457.62 1289.18 1102.97 41541.1 40429.8 1111.37 714.548 818.162
internal_count=37404 36121 4064 760 510 441 343 289 224 32057 31527 530 250 163
is_linear=0
shrinkage=0.05


Tree=91
num_leaves=15
num_cat=0
split_feature=7 8 7 1 8 8 2 2 3 8 8 7 5 3
split_gain=138.248 48.3576 44.8235 40.5915 34.7637 47.6598 34.0209 76.5015 30.2779 42.5038 36.1563 104.959 111.819 82.3503
threshold=1535.7450000000001 31.370000000000001 6098.5400000000009 24.500000000000004 1161.4150000000002 1208.47 6.5000000000000009 1.5000000000000002 52.500000000000007 2129.7900000000004 1120.9950000000001 1427.3600000000004 6.5000000000000009 7.5000000000000009
decision_type=2 2 2 2 2 2 2 2 2 2 2 2 2 2
left_child=1 -1 4 8 -2 6 7 -6 9 10 11 -3 -13 -14
right_child=2 3 -4 -5 5 -7 -8 -9 -10 -11 -12 12 13 -15
leaf_value=-0.024108560669832243 -0.014233078961432073 0.0021519833726077837 -0.0075814711009134549 -0.023972115146662278 0.0036937632299835245 -0.001793736623869249 -0.014397914497655524 0.045102855366663058 -0.023696180138388742 0.01904699511306774 -0.010702143585099176 -0.00083397185970130946 0.038844175367835292 -0.010210401553664315
leaf_weight=167.25692181289196 525.77080571651459 34093.649808228016 4066.4856868386269 139.83613264560699 325.40482723712921 13885.462578237057 93.179644465446472 165.51029312610626 104.56487083435059 385.28271961212158 509.90648365020752 469.01572895050049 541.91792678833008 99.258878707885742
leaf_count=388 335 13098 7331 45 204 15054 47 76 20 104 248 177 243 38
internal_value=0.000522254 0.00232411 -0.00292869 0.00244905 -0.00166483 -0.00120339 0.0127269 0.0179687 0.0025544 0.00263371 0.002454 0.00264605 0.0177411 0.0312299
internal_weight=55572.5 36510.7 19061.8 36343.4 14995.3 14469.6 584.095 490.915 36203.6 36099 35713.7 35203.8 1110.19 641.177
internal_count=37408 14361 23047 13973 15716 15381 327 280 13928 13908 13804 13556 458 281
is_linear=0
shrinkage=0.05


Tree=92
num_leaves=15
num_cat=0
split_feature=6 7 7 6 3 7 6 3 7 7 2 5 3 6
split_gain=94.1258 91.5069 49.6959 59.0994 55.2029 47.6472 39.9803 36.2696 33.2078 60.0251 165.656 57.6137 47.3574 45.5117
threshold=1.0000000180025095e-35 4614.9600000000009 427.77000000000004 86.500000000000014 28.500000000000004 4549.4750000000013 88.500000000000014 1.0000000180025095e-35 489.3300000000001 509.00000000000006 9.5000000000000018 11.500000000000002 1.5000000000000002 190.50000000000003
decision_type=2 2 2 2 2 2 2 2 2 2 2 2 2 2
left_child=-1 2 3 -2 5 8 -5 -7 -4 10 11 -10 13 -11
right_child=1 -3 4 6 -6 7 -8 -9 9 12 -12 -13 -14 -15
leaf_value=-0.024516693940194852 -0.0059964674406480399 -0.0057003266293616005 -0.0061480159371725789 0.025944431480879222 -0.016855934392714159 0.059337794607761979 0.0040347465239508927 0.0030875330295024803 0.057992468474787354 -0.00074821159383130383 -0.023052643290357014 0.018093459097400785 0.0023178323979216446 -0.0082745274864615952
leaf_weight=392.17790699005127 1530.8390604257584 6415.8552704453468 2196.3595452308655 207.19936585426331 493.42988014221191 54.098491668701172 11697.259210109711 56.760175585746765 154.67000079154968 17297.986518323421 177.45092296600342 225.0447244644165 12488.937705338001 2267.7117047905922
leaf_count=1274 583 10719 676 50 174 76 2953 76 40 13096 50 61 6139 1523
internal_value=-0.00026306 -8.8742e-05 0.000648814 0.00323739 -0.000333596 -9.77437e-05 0.00442682 0.0319135 -0.000204264 0.000196921 0.0163937 0.0348881 -8.71207e-05 -0.00162242
internal_weight=55655.8 55263.6 48847.7 13435.3 35412.4 34919 11904.5 110.859 34808.2 32611.8 557.166 379.715 32054.6 19565.7
internal_count=37490 36216 25497 3586 21911 21737 3003 152 21585 20909 151 101 20758 14619
is_linear=0
shrinkage=0.05


Tree=93
num_leaves=15
num_cat=0
split_feature=7 6 8 3 6 3 8 6 6 8 4 8 7 1
split_gain=123.227 108.885 73.7219 66.3241 91.5278 49.2984 68.4904 75.8093 112.656 126.542 43.0587 42.719 40.0177 43.2285
threshold=2507.6700000000005 1.0000000180025095e-35 1877.3800000000003 14.500000000000002 131.50000000000003 1.5000000000000002 2558.6700000000005 98.500000000000014 128.50000000000003 2358.0200000000004 2.5000000000000004 2129.7900000000004 3349.2500000000005 1.5000000000000002
decision_type=2 2 2 2 2 2 2 2 2 2 2 2 2 2
left_child=1 -1 10 4 -4 11 7 -7 9 -9 -3 -2 13 -10
right_child=5 2 3 -5 -6 6 -8 8 12 -11 -12 -13 -14 -15
leaf_value=-0.024513435547887718 -0.01537796947676047 0.0018898274447598817 0.0674446319927621 0.0012095932340508197 0.013097047959222488 -0.010915721480125616 -0.004328403320010033 0.01797026186739346 0.023773323323288457 0.092727895994377807 -0.010200280311838263 -0.004448937103510249 -0.016222950091733138 -0.0060183687663830443
leaf_weight=388.08032946288586 986.83716547489166 40551.173112928867 123.14183104038239 280.11796283721924 203.93531239032745 295.00598275661469 1842.4416531920433 149.77148306369781 351.44493556022644 89.202226400375366 745.16458237171173 9203.5931689143181 137.23814761638641 182.34600806236267
leaf_count=1303 1110 17186 67 50 32 241 2681 111 254 69 314 13719 110 142
internal_value=0.00036272 0.00168052 0.00192601 0.0191504 0.0342659 -0.00384636 0.00173108 0.0109756 0.0180932 0.0472037 0.00167046 -0.00551432 0.00745359 0.0136349
internal_weight=55529.5 42291.6 41903.5 607.195 327.077 13237.9 3047.45 1205.01 910.003 238.974 41296.3 10190.4 671.029 533.791
internal_count=37389 18952 17649 149 99 18437 3608 927 686 180 17500 14829 506 396
is_linear=0
shrinkage=0.05


Tree=94
num_leaves=15
num_cat=0
split_feature=6 7 7 5 5 3 1 7 7 7 3 6 6 7
split_gain=91.2271 97.7336 41.4548 41.5693 144.842 35.5508 31.7322 29.2439 56.3562 47.068 95.2516 42.5857 36.5556 39.4082
threshold=1.0000000180025095e-35 2507.6700000000005 2414.8800000000006 9.5000000000000018 4.5000000000000009 52.500000000000007 23.500000000000004 1844.4500000000003 1916.8450000000003 1971.6900000000003 2.5000000000000004 88.500000000000014 136.50000000000003 996.69500000000005
decision_type=2 2 2 2 2 2 2 2 2 2 2 2 2 2
left_child=-1 2 5 4 -4 6 7 12 -9 10 11 -10 -2 -14
right_child=1 -3 3 -5 -6 -7 -8 8 9 -11 -12 -13 13 -15
leaf_value=-0.024501721554932982 0.0031352553393173828 -0.0036429539363670772 -0.0048409353746271359 0.0024254047226295174 0.07036324986865819 -0.023949077678604127 -0.019013982844945397 -0.020623592048305547 -0.00077278361811599467 -0.0041048448747880413 -0.012379055618257558 0.05142338972633903 0.0014624161300196697 -0.0036720054294134305
leaf_weight=374.02247148752213 19692.249842703342 13165.020157337189 138.79122316837311 313.26275545358658 112.90996754169464 136.04535841941833 188.30898797512054 416.84597337245941 52.121665477752686 1680.1687978506088 165.61128878593445 149.40965712070465 13580.063019752502 5150.4004610776901
leaf_count=1285 7477 18411 109 279 79 27 58 430 43 1565 134 125 4453 2850
internal_value=-5.57943e-05 0.00011284 0.00129671 0.0146893 0.0296081 0.00111135 0.00119726 0.00129265 -0.00398242 -0.000552176 0.0155427 0.0382321 0.00163143 4.99778e-05
internal_weight=55315.2 54941.2 41776.2 564.964 251.701 41211.2 41075.2 40886.9 2464.16 2047.31 367.143 201.531 38422.7 18730.5
internal_count=37325 36040 17629 467 188 17162 17135 17077 2297 1867 302 168 14780 7303
is_linear=0
shrinkage=0.05


Tree=95
num_leaves=15
num_cat=0
split_feature=6 7 7 7 7 3 5 7 1 7 5 7 7 7
split_gain=89.3961 89.8259 80.3477 68.7324 85.4285 86.1738 66.5763 61.315 58.1549 47.9658 39.0627 73.5282 105.527 69.2169
threshold=1.0000000180025095e-35 1026.9050000000002 953.87500000000011 1113.2350000000004 1180.9350000000002 10.500000000000002 10.500000000000002 1146.0500000000004 2.5000000000000004 760.31000000000006 5.5000000000000009 3464.9750000000008 3245.9400000000001 3349.2500000000005
decision_type=2 2 2 2 2 2 2 2 2 2 2 2 2 2
left_child=-1 2 9 -3 5 7 10 -5 -9 -2 -6 12 -12 -14
right_child=1 3 -4 4 6 -7 -8 8 -10 -11 11 -13 13 -15
leaf_value=-0.024496140518223658 0.0023246594394656845 -0.013294461334000455 0.013456538984327252 0.0024942576764570967 -0.0013957385201276975 -0.010949482018485932 -0.0041904539730735898 0.020955013247006837 0.06063439995459851 -0.0034531940807239064 0.0076168700125599301 -0.0043203412866072355 0.086312212435736738 0.017504814503533032
leaf_weight=367.67201754450798 22697.948280334473 1280.1667611598969 1454.3959274291992 317.95053589344025 5763.4081760644913 302.94042479991913 14645.753959596157 414.88531541824341 118.14176177978516 4262.5824581384659 2264.1191316843033 1317.5533640384674 67.197584390640259 80.608245670795441
leaf_count=1291 6818 716 561 133 5326 118 16782 177 18 2051 1352 1986 54 71
internal_value=-8.99926e-05 7.54102e-05 0.0020295 -0.00201414 -0.00144068 0.0118206 -0.00207693 0.0199431 0.0302314 0.00141068 0.00118433 0.005168 0.0103494 0.0505877
internal_weight=55355.3 54987.7 28414.9 26572.7 25292.6 1153.92 24138.6 850.978 533.027 26960.5 9492.89 3729.48 2411.92 147.806
internal_count=37454 36163 9430 26733 26017 446 25571 328 195 8869 8789 3463 1477 125
is_linear=0
shrinkage=0.05


Tree=96
num_leaves=15
num_cat=0
split_feature=7 3 7 3 5 2 8 8 7 8 8 5 8 8
split_gain=109.658 43.3999 95.9327 95.2058 86.0885 46.1885 41.4949 38.8341 38.471 68.2031 96.4822 106.42 80.2457 56.8222
threshold=2507.6700000000005 3.5000000000000004 3211.9500000000003 4.5000000000000009 8.5000000000000018 14.500000000000002 31.370000000000001 2189.9400000000005 524.245 383.41000000000003 881.36500000000012 11.500000000000002 920.29500000000019 328.97500000000008
decision_type=2 2 2 2 2 2 2 2 2 2 2 2 2 2
left_child=6 7 3 -3 5 -5 -1 -2 9 13 11 -11 -12 -8
right_child=1 2 -4 4 -6 -7 8 -9 -10 10 12 -13 -14 -15
leaf_value=-0.024050276079943231 -0.012670079320963999 0.078213286862017936 -0.0049108420152663389 -0.006924413029764577 0.064723968738046839 0.040587444221090396 0.0032970573816420122 -0.0037268282456366583 0.00027430140997703281 0.012299651493571644 -0.023574835964952918 0.053554936341970422 0.0091840047544976284 -0.006098142133212984
leaf_weight=154.36852656304836 1370.4330818653107 63.167433619499207 852.20371586084366 253.26219069957733 62.827213048934937 58.80856454372406 12957.026784986258 10430.958083748817 25241.378626286983 442.74121689796448 213.54268288612366 240.25536823272705 1292.2626881897449 1832.8047335147858
leaf_count=375 1494 48 1049 189 37 39 4080 15562 13367 94 59 49 267 683
internal_value=0.000180616 -0.00381825 0.00487433 0.0237508 0.0136657 0.00252787 0.00141638 -0.00477029 0.00151233 0.00335223 0.0115797 0.0270956 0.00447573 0.00213111
internal_weight=55466 13091.7 1290.27 438.065 374.898 312.071 42374.4 11801.4 42220 16978.6 2188.8 682.997 1505.81 14789.8
internal_count=37392 18418 1362 313 265 228 18974 17056 18599 5232 469 143 326 4763
is_linear=0
shrinkage=0.05


Tree=97
num_leaves=15
num_cat=0
split_feature=8 8 7 8 3 8 3 7 8 8 2 2 3 8
split_gain=85.5071 36.0266 30.483 53.0343 81.0302 48.761 77.7297 33.5192 88.6585 85.3857 72.2008 86.0159 87.1113 75.9097
threshold=4887.9700000000012 31.370000000000001 2507.6700000000005 1877.3800000000003 14.500000000000002 2189.9400000000005 11.500000000000002 362.24000000000007 328.97500000000008 339.03000000000003 13.500000000000002 11.500000000000002 12.500000000000002 359.74000000000007
decision_type=2 2 2 2 2 2 2 2 2 2 2 2 2 2
left_child=1 -1 3 7 -5 6 -4 -3 -9 -10 11 13 -13 -11
right_child=-2 2 5 4 -6 -7 -8 8 9 10 -12 12 -14 -15
leaf_value=-0.024018080971619508 -0.0082369617115681058 -0.0021208091324703493 -0.013175507148196814 0.030185737304762025 -0.0071541216424347012 -0.00069891612895960911 0.032456342075050035 0.0071696005917085666 -0.024470302300388089 0.018231804076013932 -0.0082387421907966201 0.044192453194442316 0.00079667668917213132 0.00044045069517163385
leaf_weight=148.04332707822323 3175.6401882767677 8677.8512362241745 1468.7002795338631 364.42915642261505 236.81678199768066 8313.3274301886559 94.922941088676453 5491.2618998289108 340.84719657897949 609.80467104911804 2157.3276269435883 227.88533878326416 230.07999610900879 24165.202358990908
leaf_count=370 5936 3180 1586 133 43 10898 48 1160 148 239 723 54 72 12965
internal_value=-0.000276324 0.000205697 0.00027645 0.000857959 0.0155407 -0.00222501 -0.0103107 0.00064544 0.00136821 0.000218343 0.000529981 0.00128116 0.0226346 0.000881952
internal_weight=55702.1 52526.5 52378.5 42501.5 601.246 9876.95 1563.62 41900.3 33222.4 27731.1 27390.3 25233 457.965 24775
internal_count=37555 31619 31249 18717 176 12532 1634 18541 15361 14201 14053 13330 126 13204
is_linear=0
shrinkage=0.05


Tree=98
num_leaves=15
num_cat=0
split_feature=6 7 7 8 8 8 5 1 8 8 6 7 6 7
split_gain=87.6043 65.2295 34.3836 73.7013 65.3353 69.6456 58.166 110.762 55.1001 52.6337 42.7128 39.5081 78.5745 37.922
threshold=1.0000000180025095e-35 6098.5400000000009 760.31000000000006 535.15000000000009 601.81500000000017 969.09500000000014 11.500000000000002 8.5000000000000018 610.97500000000014 980.68500000000006 36.500000000000007 738.22500000000014 143.50000000000003 703.34500000000014
decision_type=2 2 2 2 2 2 2 2 2 2 2 2 2 2
left_child=-1 2 3 10 6 -6 7 -5 -4 -7 -2 -8 -13 -12
right_child=1 -3 8 4 5 9 11 -9 -10 -11 13 12 -14 -15
leaf_value=-0.024497186292285464 -0.020359828922415554 -0.0064176469813545193 -0.010971485839180284 -0.0069656279908895495 -0.015257517987426276 0.023418671610132488 0.043027522121254366 0.028702818574728867 -0.00042183636816238966 0.00010865675679991394 0.0011435009439942267 0.0029995141213963101 0.049413083492168698 -0.015208907872173973
leaf_weight=368.846056163311 235.33149510622025 3928.6110506653786 1292.0437709093094 528.15830099582672 436.31403541564941 370.6460394859314 245.88346838951111 363.45467019081116 27065.616536080837 681.67093992233276 19487.500069141388 292.32336676120758 127.99883937835693 356.1244637966156
leaf_count=1335 170 7336 660 146 115 31 73 63 21351 85 5853 97 47 171
internal_value=-0.000374459 -0.000211691 0.000262455 0.00169315 0.0089331 0.00143167 0.0160738 0.00765314 -0.000904353 0.00839081 0.000592726 0.0272027 0.0175484 0.000846274
internal_weight=55780.5 55411.7 51483.1 23125.4 3046.45 1488.63 1557.82 891.613 28357.7 1052.32 20079 666.206 420.322 19843.6
internal_count=37533 36198 28862 6851 657 231 426 209 22011 116 6194 217 144 6024
is_linear=0
shrinkage=0.05


Tree=99
num_leaves=15
num_cat=0
split_feature=6 8 3 6 8 8 8 8 6 3 3 6 3 2
split_gain=82.9828 71.5099 35.4114 26.7443 23.7478 25.378 77.8932 75.8667 64.8056 59.6271 76.7975 87.9881 48.0647 88.4175
threshold=1.0000000180025095e-35 4887.9700000000012 52.500000000000007 93.500000000000014 31.370000000000001 328.97500000000008 339.03000000000003 278.09500000000008 86.500000000000014 3.5000000000000004 14.500000000000002 197.00000000000003 18.500000000000004 16.500000000000004
decision_type=2 2 2 2 2 2 2 2 2 2 2 2 2 2
left_child=-1 2 4 -3 -2 7 -7 12 -9 -10 -11 -12 13 -6
right_child=1 3 -4 -5 5 6 -8 8 9 10 11 -13 -14 -15
leaf_value=-0.024473486903938479 -0.023611610609013622 -0.0029013246013272352 -0.023990811878595187 -0.012179188825328813 0.00095721373942538913 -0.024447861420231008 0.00011406052657602546 -0.0085655717585372323 0.020445324379764266 -0.0064744635010559456 0.018046634967268271 -0.013623940034258842 -0.0075746727804631335 0.041875794739137578
leaf_weight=343.94303965568542 96.955296695232391 1619.600537955761 143.06589365005493 1494.9235396385193 7081.0448678731918 320.49933135509491 38717.749248981476 494.52653461694717 1076.7137513160706 786.29955625534058 1284.1658570766449 260.42257905006409 1717.6802999973297 129.53471565246582
leaf_count=1273 87 3058 27 2847 2240 143 26570 169 207 122 185 54 495 12
internal_value=-0.000167186 -1.35987e-05 0.000426574 -0.00736694 0.000496099 0.000543433 -9.06949e-05 0.00247214 0.00828307 0.0107372 0.00621852 0.0126801 -7.07616e-05 0.00172081
internal_weight=55567.1 55223.2 52108.7 3114.52 51965.6 51868.6 39038.2 12830.4 3902.13 3407.6 2330.89 1544.59 8928.26 7210.58
internal_count=37489 36216 30311 5905 30284 30197 26713 3484 737 568 361 239 2747 2252
is_linear=0
shrinkage=0.05


Tree=100
num_leaves=15
num_cat=0
split_feature=7 6 6 7 7 2 3 7 3 6 7 6 6 7
split_gain=106.273 105.114 39.4996 68.5682 56.8039 119.418 92.0914 50.3797 38.3905 41.8523 97.6448 35.7258 79.2085 39.9193
threshold=1535.7450000000001 15.500000000000002 136.50000000000003 524.245 489.3300000000001 9.5000000000000018 1.0000000180025095e-35 1514.5800000000002 1.0000000180025095e-35 9.5000000000000018 2451.9100000000003 72.000000000000014 58.000000000000007 203.61000000000004
decision_type=2 2 2 2 2 2 2 2 2 2 2 2 2 2
left_child=1 -1 7 4 -4 6 -6 11 9 10 -2 12 -3 -13
right_child=8 2 3 -5 5 -7 -8 -9 -10 -11 -12 13 -14 -15
leaf_value=-0.021482628851681201 0.087821048119269399 0.0048304785386819567 0.0027407141981305025 -0.0022741610131280297 0.013461458439624633 -0.018297443543947686 0.059935026194001588 0.028964911690175756 -2.4010213343566973e-05 -0.0049826768502995765 -0.0023692514787168272 0.013536444964491794 -0.010955343672043146 0.0039801739567838015
leaf_weight=465.3667119294405 35.60482531785965 2180.593617618084 8256.672681927681 9517.1970678567886 280.29484891891479 159.44819259643555 171.06643033027649 194.35515403747559 8062.8125176429749 10441.336844325066 114.06254076957703 1186.7972077131271 1243.6842030286789 13335.216157197952
leaf_count=1408 28 834 2107 4588 72 41 42 60 8965 13832 169 266 508 4530
internal_value=0.000452614 0.00200424 0.00230639 0.000672765 0.00383511 0.0184863 0.0315387 0.00396134 -0.00262399 -0.00460238 0.0212318 0.00368256 -0.000910484 0.00476554
internal_weight=55644.5 36990.7 36525.3 18384.7 8867.48 610.809 451.361 18140.6 18653.8 10591 149.667 17946.3 3424.28 14522
internal_count=37450 14456 13048 6850 2262 155 114 6198 22994 14029 197 6138 1342 4796
is_linear=0
shrinkage=0.05


Tree=101
num_leaves=15
num_cat=0
split_feature=8 8 8 8 3 3 8 8 3 8 2 1 2 8
split_gain=70.4288 32.8661 33.1721 95.8367 115.308 41.0837 50.9061 52.3172 45.8579 125.236 54.6138 51.6213 41.741 30.4977
threshold=4887.9700000000012 31.370000000000001 570.50500000000011 551.23500000000013 12.500000000000002 22.500000000000004 307.97000000000008 278.09500000000008 16.500000000000004 429.21500000000009 19.500000000000004 12.500000000000002 19.500000000000004 278.09500000000008
decision_type=2 2 2 2 2 2 2 2 2 2 2 2 2 2
left_child=1 -1 3 5 -5 8 7 -7 11 10 -10 -3 -11 -12
right_child=-2 2 -4 4 -6 6 -8 -9 9 12 13 -13 -14 -15
leaf_value=-0.023945804123176526 -0.0076037529532567262 0.001154517203835611 -0.00078484026338157846 0.043798070117408772 -0.0043401715416447363 -0.014245523057061171 -0.024452090152183286 0.0098918834946371895 0.010500688091697144 0.05012758035679931 -0.010164142057511268 -0.017970294040603494 0.01685309430234495 0.0044204985431804582
leaf_weight=135.52270519733429 3052.9146035909653 16163.706346571445 30776.528404355049 286.05233752727509 215.80753898620605 417.73766469955444 324.14779448509216 473.79021453857422 1425.0654754638672 191.43497896194458 756.95379328727722 355.71683979034424 195.90384554862976 672.75406384468079
leaf_count=369 5853 6033 23899 79 59 152 100 82 290 41 208 70 40 115
internal_value=-0.000227861 0.000202628 0.000267541 0.00177529 0.0232593 0.00125589 -0.00764686 -0.0014344 0.00180535 0.00723743 0.00359052 0.000737385 0.0337276 -0.0033098
internal_weight=55444 52391.1 52255.6 21479.1 501.86 20977.2 1215.68 891.528 19761.5 3242.11 2854.77 16519.4 387.339 1429.71
internal_count=37390 31537 31168 7269 138 7131 334 234 6797 694 613 6103 81 323
is_linear=0
shrinkage=0.05


Tree=102
num_leaves=15
num_cat=0
split_feature=6 3 6 3 4 5 5 3 6 2 6 6 6 6
split_gain=79.5853 28.1881 46.493 91.0158 31.3157 31.6452 43.1875 37.9846 33.7816 46.4573 42.9358 33.2175 24.3336 24.3246
threshold=1.0000000180025095e-35 1.5000000000000002 271.00000000000006 8.5000000000000018 1.5000000000000002 5.5000000000000009 11.500000000000002 15.500000000000002 238.50000000000003 13.500000000000002 186.00000000000003 123.50000000000001 172.00000000000003 50.500000000000007
decision_type=2 2 2 2 2 2 2 2 2 2 2 2 2 2
left_child=-1 13 4 -4 5 8 -7 -8 10 -10 12 -9 -3 -2
right_child=1 2 3 -5 -6 6 7 11 9 -11 -12 -13 -14 -15
leaf_value=-0.024452479875891692 0.0035366782099507661 0.0049177764521025963 0.037841392109012273 -0.0028586139785685511 -0.0016163480188835198 -0.001392148402819372 0.0030527599703046079 0.0072581217612559153 0.007208079873437437 -0.024286939705403854 0.016421893722621411 0.03936544391944239 -0.010785445399827372 -0.0011399787476018815
leaf_weight=324.48805247247219 3054.0960975289345 5794.7076913714409 249.89036059379578 296.49976897239685 6660.4331068992615 6212.665253341198 695.24132543802261 160.92645251750946 236.09820431470871 223.91476356983185 819.80461519956589 162.05654525756836 253.05987292528152 30533.030301332474
leaf_count=1268 3128 2162 70 81 3700 2665 365 44 71 55 262 42 99 23478
internal_value=4.81876e-05 0.000194012 0.00159546 0.0159298 0.00122268 0.00252164 0.000174453 0.00969312 0.00483615 -0.00821866 0.00571594 0.0237225 0.00425233 -0.000714265
internal_weight=55676.9 55352.4 21765.3 546.39 21218.9 14558.5 7230.89 1018.22 7327.59 460.013 6867.57 322.983 6047.77 33587.1
internal_count=37490 36222 9616 151 9465 5765 3116 451 2649 126 2523 86 2261 26606
is_linear=0
shrinkage=0.05


Tree=103
num_leaves=15
num_cat=0
split_feature=6 7 7 3 7 7 5 5 7 6 6 6 2 6
split_gain=78.8427 63.2912 51.5961 32.2845 31.3048 51.7196 40.0579 49.4937 59.258 56.9912 45.5826 40.9228 49.3729 39.3224
threshold=1.0000000180025095e-35 4614.9600000000009 4549.4750000000013 52.500000000000007 751.4000000000002 871.44000000000017 5.5000000000000009 8.5000000000000018 725.68000000000006 109.50000000000001 271.00000000000006 213.00000000000003 9.5000000000000018 187.50000000000003
decision_type=2 2 2 2 2 2 2 2 2 2 2 2 2 2
left_child=-1 2 3 4 6 -6 10 -8 -9 -10 11 13 -13 -2
right_child=1 -3 -4 -5 5 -7 7 8 9 -11 -12 12 -14 -15
leaf_value=-0.024459083559928946 0.0040184970252925964 -0.0049078626372641675 0.034923659998343459 -0.023918474192109594 -0.0073311907955505148 1.8888071129712349e-05 -0.0067129926731705897 0.00096207042833586914 0.039156771812896639 0.0037410282742271123 0.024980129849929492 0.012930137194816747 -0.018751866616941296 0.017045802682205624
leaf_weight=330.36637610197067 4809.0353181362152 6183.0254664421082 103.3486088514328 131.30605006217957 2659.5301265716553 23518.846636176109 2069.055055141449 13890.13720780611 196.202432513237 263.60579252243042 273.54477000236511 177.05124473571777 377.42454099655151 654.68003392219543
leaf_count=1310 961 10765 140 27 1283 17398 487 4757 53 80 63 38 91 115
internal_value=-0.000288986 -0.000142412 0.000457836 0.000381619 0.000449323 -0.000729083 0.00180752 0.00050708 0.00155009 0.0191118 0.00519806 0.00427892 -0.00861025 0.00559363
internal_weight=55637.2 55306.8 49123.8 49020.4 48889.1 26178.4 22710.7 16419 14349.9 459.808 6291.74 6018.19 554.476 5463.72
internal_count=37568 36258 25493 25353 25326 18681 6645 5377 4890 133 1268 1205 129 1076
is_linear=0
shrinkage=0.05


Tree=104
num_leaves=15
num_cat=0
split_feature=6 8 3 7 6 7 2 7 8 3 7 6 8 8
split_gain=77.412 71.548 34.8104 32.9353 91.6855 77.0271 57.5071 56.6478 65.3449 43.3374 41.8282 95.6457 41.5496 58.7326
threshold=1.0000000180025095e-35 3472.8500000000004 52.500000000000007 236.76500000000001 90.000000000000014 269.43500000000006 38.500000000000007 164.04500000000004 969.09500000000014 31.500000000000004 203.61000000000004 142.50000000000003 881.36500000000012 590.30000000000007
decision_type=2 2 2 2 2 2 2 2 2 2 2 2 2 2
left_child=-1 2 3 4 -2 -5 9 8 12 -7 -9 -12 13 -6
right_child=1 -3 -4 5 7 6 -8 10 -10 -11 11 -13 -14 -15
leaf_value=-0.024447175153791127 -0.011560633259867044 -0.0049669957867826938 -0.023960545400820019 -0.011021348899176131 -0.00071063388915463719 0.00081413248279126559 0.037640383077268462 0.025855445088938129 0.017858995415808529 -0.013423890141121343 -0.015989947137241785 0.024002532092216644 -0.016116613076813082 0.031000666313002908
leaf_weight=319.91385622322559 709.02587008476257 6332.3496455550194 137.90717327594757 1437.950984954834 1368.3841502666473 42041.851895093918 100.23744654655457 620.9115674495697 606.9749584197998 536.33654344081879 252.27621507644653 352.8436027765274 359.31457948684692 158.42750453948975
leaf_count=1302 272 10728 27 499 418 23431 22 119 56 151 71 86 85 23
internal_value=-0.000113302 3.04097e-05 0.000680889 0.000753351 0.00486156 0.000340487 0.000724545 0.00800365 0.00366203 0.000633228 0.0167815 0.00733515 -0.000941835 0.00267029
internal_weight=55334.7 55014.8 48682.4 48544.5 4428.16 44116.4 42678.4 3719.13 2493.1 42578.2 1226.03 605.12 1886.13 1526.81
internal_count=37290 35988 25260 25233 1130 24103 23604 858 582 23582 276 157 526 441
is_linear=0
shrinkage=0.05


Tree=105
num_leaves=15
num_cat=0
split_feature=6 8 7 5 8 2 2 8 6 6 7 8 2 2
split_gain=74.2706 63.8595 56.6077 58.1862 32.4977 31.9962 33.512 30.3876 38.5448 30.1619 51.0441 43.3196 43.218 29.6525
threshold=1.0000000180025095e-35 2708.8250000000003 3689.2650000000003 5.5000000000000009 2635.3900000000008 24.500000000000004 23.500000000000004 75.225000000000009 113.50000000000001 238.50000000000003 1412.2650000000003 766.31500000000017 1.0000000180025095e-35 38.500000000000007
decision_type=2 2 2 2 2 2 2 2 2 2 2 2 2 2
left_child=-1 2 4 -4 5 6 7 8 -2 -9 11 -11 -12 -7
right_child=1 -3 3 -5 -6 13 -8 9 -10 10 12 -13 -14 -15
leaf_value=-0.02443604879121997 -0.024371586785871077 -0.0040775397503484134 -0.002075000180781942 0.062858833517061272 -0.02240213582218719 -0.01773316881143485 0.02437848361599675 0.0012182760422898315 0.002687291851250783 -0.0021657693939848227 0.047260336970583836 -0.01654883172166342 -0.0032517649396545919 0.00098651439745426153
leaf_weight=310.72020077705383 266.25256353616714 8588.2200946807861 64.180275738239288 68.831527650356293 149.15180003643036 449.35492825508118 144.85742318630219 41314.606176495552 253.90398764610291 2828.8146523237228 84.113354921340942 637.97916913032532 79.53928005695343 394.91611647605896
leaf_count=1304 158 13953 70 78 203 158 41 19937 69 1034 63 372 43 65
internal_value=-0.00025408 -0.000116071 0.00061224 0.0325872 0.000517494 0.000593485 0.000772454 0.00069457 -0.0112635 0.000834201 -0.00353225 -0.00483264 0.0233416 -0.0090226
internal_weight=55635.4 55324.7 46736.5 133.012 46603.5 46454.3 45610.1 45465.2 520.157 44945.1 3630.45 3466.79 163.653 844.271
internal_count=37548 36244 22291 148 22143 21940 21717 21676 227 21449 1512 1406 106 223
is_linear=0
shrinkage=0.05


Tree=106
num_leaves=15
num_cat=0
split_feature=4 6 7 6 6 7 7 6 6 7 7 6 6 6
split_gain=75.8151 63.5277 58.621 79.572 57.7392 83.4606 50.3598 40.7521 42.5503 50.2568 47.1953 98.3818 44.323 38.4678
threshold=1.0000000180025095e-35 1.0000000180025095e-35 524.245 74.500000000000014 49.000000000000007 2451.9100000000003 1304.0800000000002 271.00000000000006 260.00000000000006 384.84500000000008 236.76500000000001 105.50000000000001 126.50000000000001 271.00000000000006
decision_type=2 2 2 2 2 2 2 2 2 2 2 2 2 2
left_child=1 -1 3 -3 5 6 -4 8 9 10 11 -5 -13 -2
right_child=13 2 4 7 -6 -7 -8 -9 -10 -11 -12 12 -14 -15
leaf_value=-0.024426403215677493 0.0015606112879930261 -0.011129468577880408 0.0058101247232358816 -0.014172027661566937 -0.0039022415926103639 -0.0042177421609525942 0.029725801672907434 -0.014369252042183468 0.031147068670453623 0.010441960384077655 -0.0022867221204391371 0.037112473273698154 0.010464455453476457 0.014386106665162664
leaf_weight=303.16098771989346 25268.863933622837 1036.92395144701 504.93659955263138 396.05575406551361 18823.484702289104 1092.6455207467079 389.53982245922089 298.45530128479004 140.13537740707397 2035.5910165309906 3398.5266311168671 175.3976891040802 1229.6146848201752 593.59553074836731
leaf_count=1291 13671 501 220 141 17350 1702 217 107 48 565 1135 51 347 164
internal_value=-0.000123276 -0.00184112 -0.00160509 0.00183803 -0.00304637 0.00505051 0.0163326 0.00359638 0.00433263 0.00379212 0.00118124 0.00771333 0.0139109 0.00185771
internal_weight=55686.9 29824.5 29521.3 8710.7 20810.6 1987.12 894.476 7673.78 7375.32 7235.19 5199.59 1801.07 1405.01 25862.5
internal_count=37510 23675 22384 2895 19489 2139 437 2394 2287 2239 1674 539 398 13835
is_linear=0
shrinkage=0.05


Tree=107
num_leaves=15
num_cat=0
split_feature=6 7 1 7 7 7 6 7 5 2 1 6 7 7
split_gain=70.963 54.1569 26.3048 25.179 30.7075 34.3123 26.8797 49.8019 46.4257 103.735 89.7593 61.5311 31.1044 40.0803
threshold=1.0000000180025095e-35 6098.5400000000009 23.500000000000004 5819.0700000000006 1535.7450000000001 1545.3600000000004 226.00000000000003 1412.2650000000003 8.5000000000000018 12.500000000000002 6.5000000000000009 262.50000000000006 347.86000000000007 277.11500000000007
decision_type=2 2 2 2 2 2 2 2 2 2 2 2 2 2
left_child=-1 2 3 4 6 -6 -2 8 9 10 11 -8 13 -10
right_child=1 -3 -4 -5 5 -7 7 -9 12 -11 -12 -13 -14 -15
leaf_value=-0.024414052356502125 0.0016174768608606415 -0.0057489437583357842 -0.018608060107358215 0.011586850975193852 -0.021106623250124294 -0.0012665273004774952 -0.0073472502497413036 0.028710765911364268 -0.006311755296926725 -0.012432109772975724 0.048406158539259551 0.025190503747068084 -0.011928772340375374 0.021429265875789548
leaf_weight=293.99439923465252 32801.466053783894 3795.9918694496155 175.6959068775177 502.30688339471817 216.38746821880341 14049.994252026081 336.73099648952484 115.92160165309906 498.531329870224 569.65974652767181 159.86756634712219 248.38274240493774 1624.7165046930313 170.62482714653015
leaf_count=1298 11546 7360 57 733 142 14852 110 56 162 156 33 75 847 63
internal_value=-0.000120952 1.04744e-05 0.000435755 0.000502792 0.000392047 -0.00157474 0.00116035 -0.00286236 -0.00391496 0.00356796 0.0158039 0.00656154 -0.00820192 0.000868263
internal_weight=55560.3 55266.3 51470.3 51294.6 50792.3 14266.4 36525.9 3724.44 3608.51 1314.64 744.981 585.114 2293.87 669.156
internal_count=37490 36192 28832 28775 28042 14994 13048 1502 1446 374 218 185 1072 225
is_linear=0
shrinkage=0.05


Tree=108
num_leaves=15
num_cat=0
split_feature=6 8 6 3 1 7 1 2 6 6 7 3 6 6
split_gain=68.6553 54.4771 29.6447 26.728 21.6337 44.3235 53.6244 71.5343 59.067 57.0409 51.0214 67.2227 136.006 83.6524
threshold=1.0000000180025095e-35 4887.9700000000012 93.500000000000014 52.500000000000007 3.5000000000000004 1353.4900000000002 6.5000000000000009 4.5000000000000009 146.00000000000003 116.00000000000001 203.61000000000004 12.500000000000002 203.00000000000003 109.50000000000001
decision_type=2 2 2 2 2 2 2 2 2 2 2 2 2 2
left_child=-1 3 -3 4 -2 6 7 -6 9 -9 -8 12 13 -12
right_child=1 2 -4 -5 5 -7 10 8 -10 -11 11 -13 -14 -15
leaf_value=-0.024404557156322643 -7.7095265202616601e-05 -0.0018581714412120741 -0.011825655583200098 -0.023754925971886134 -0.0082229554141874644 -0.0061184736853386922 0.013678679133208388 0.011320837134923503 0.0064059902472760645 0.04582137998239013 0.017893531773221252 -0.0044419430236359954 0.046735770229401646 -0.012623784704368368
leaf_weight=287.3097880333662 45448.556131184101 1548.0016234517097 1438.7642262578011 110.55598831176758 270.4462833404541 1126.6542271971703 800.65574097633362 203.13623881340027 397.56262350082397 302.48687815666199 419.22658896446228 2681.6768342256546 202.14230561256409 472.17468595504761
leaf_count=1287 28333 3024 2870 25 70 706 104 49 94 62 91 656 38 118
internal_value=-0.000236424 -0.000108946 -0.00667138 0.000265457 0.000318475 0.00293118 0.0047083 0.0142195 0.0209479 0.0322072 0.00225598 -0.000181457 0.0102391 0.00174828
internal_weight=55709.4 55422 2986.77 52435.3 52324.7 6876.16 5749.51 1173.63 903.186 505.623 4575.88 3775.22 1093.54 891.401
internal_count=37527 36240 5894 30346 30321 1988 1282 275 205 111 1007 903 247 209
is_linear=0
shrinkage=0.05


Tree=109
num_leaves=15
num_cat=0
split_feature=8 7 8 5 8 8 8 3 2 7 3 8 8 8
split_gain=50.958 29.9363 65.3287 134.772 160.074 102.68 46.3359 40.6448 42.8895 40.4177 49.6065 90.7543 85.4047 126.952
threshold=4887.9700000000012 524.245 383.41000000000003 11.500000000000002 881.36500000000012 920.29500000000019 429.21500000000009 28.500000000000004 22.500000000000004 760.31000000000006 16.500000000000004 461.47500000000008 551.23500000000013 578.98500000000013
decision_type=2 2 2 2 2 2 2 2 2 2 2 2 2 2
left_child=1 2 -1 -4 -5 -6 -3 8 9 10 12 -12 -8 -14
right_child=-2 6 3 4 5 -7 7 -9 -10 -11 11 -13 13 -15
leaf_value=0.00065162404753876866 -0.0066000510891673098 -0.0088748042582468337 0.00031977831610452174 0.060443511163760927 -0.023082339484321885 0.024580361938459257 -0.00086391234482128512 -0.016041592266021708 0.026146269652572954 -0.00094713637526348783 0.043858985266986367 0.0013661607195720703 0.036201884040280984 -0.012927626544790741
leaf_weight=15168.102585554123 2994.2596424221992 1660.624836564064 1339.9476251602173 235.10179138183594 151.93072652816772 402.29200837016106 3313.2964887619019 401.72273433208466 149.46912860870361 28686.920719474554 207.17815494537354 308.95352721214294 387.81820201873779 194.48062336444855
leaf_count=5152 5956 648 194 44 45 146 1455 155 58 23468 41 79 93 84
internal_value=-0.000260925 0.00010047 0.00180431 0.00999485 0.0263137 0.0114249 -0.000734321 -0.000331328 -0.000139124 -0.000261757 0.0041909 0.0186802 0.00224972 0.0198229
internal_weight=55602.1 52607.8 17297.4 2129.27 789.325 554.223 35310.5 33649.8 33248.1 33098.6 4411.73 516.132 3895.6 582.299
internal_count=37618 31662 5581 429 235 191 26081 25433 25278 25220 1752 120 1632 177
is_linear=0
shrinkage=0.05


Tree=110
num_leaves=15
num_cat=0
split_feature=6 8 8 7 7 3 6 3 7 8 8 3 3 8
split_gain=68.489 59.4396 69.6012 42.2186 57.8436 116.815 35.6783 32.9818 28.2762 35.9605 67.0215 23.4503 42.8143 24.7814
threshold=6.5000000000000009 2635.3900000000008 2550.7450000000003 3452.2600000000007 3511.6700000000005 3.5000000000000004 152.50000000000003 43.500000000000007 3282.2200000000007 2389.7900000000004 2508.6450000000004 37.500000000000007 35.500000000000007 1120.9950000000001
decision_type=2 2 2 2 2 2 2 2 2 2 2 2 2 2
left_child=-1 2 7 -4 5 6 -5 8 9 11 -11 12 13 -2
right_child=1 -3 3 4 -6 -7 -8 -9 -10 10 -12 -13 -14 -15
leaf_value=-0.022187134954532062 0.0011880734903199873 -0.0037850785611094097 -0.0090530016364455661 0.095988878852620085 0.0092807969426678648 -0.0075120658743346906 0.039491978453529898 -0.023928670784023477 -0.0084260046277178525 0.049738661549664769 -0.0085525271221563431 0.0095233840434224507 -0.024123451966389597 -0.0017895347841696458
leaf_weight=344.77321852743626 35055.240341603756 8694.5117204785347 120.13396137952805 67.62275493144989 297.67157936096191 71.464229106903076 64.559387803077698 132.84933507442474 853.00908708572388 98.585371434688568 91.711412489414215 726.35978925228119 170.89118194580078 8722.2786285877228
leaf_count=1363 12737 14216 114 67 282 58 59 34 877 80 85 128 44 7368
internal_value=-0.00013174 8.09638e-06 0.000718092 0.0172716 0.023607 0.0438235 0.0708402 0.000491871 0.000565443 0.000737315 0.0221461 0.000643654 0.000495827 0.000594675
internal_weight=55511.7 55166.9 46472.4 621.452 501.318 203.646 132.182 45850.9 45718.1 44865.1 190.297 44674.8 43948.4 43777.5
internal_count=37512 36149 21933 580 466 184 126 21353 21319 20442 165 20277 20149 20105
is_linear=0
shrinkage=0.05


Tree=111
num_leaves=15
num_cat=0
split_feature=6 7 7 7 3 6 7 7 5 7 3 7 7 3
split_gain=67.3133 54.2626 54.0174 73.2345 95.0751 42.8403 64.0964 58.5597 48.9973 86.2732 76.6798 54.4299 46.048 126.425
threshold=1.0000000180025095e-35 1844.4500000000003 1916.8450000000003 1971.6900000000003 2.5000000000000004 136.50000000000003 236.76500000000001 315.48500000000007 2.5000000000000004 164.04500000000004 6.5000000000000009 118.41500000000001 339.72500000000008 5.5000000000000009
decision_type=2 2 2 2 2 2 2 2 2 2 2 2 2 2
left_child=-1 5 -3 4 -4 -2 8 -8 -7 11 -11 -10 13 -9
right_child=1 2 3 -5 -6 6 7 12 9 10 -12 -13 -14 -15
leaf_value=-0.024392836355595113 0.0025930728358695976 -0.020149159396523997 0.043137254211354184 -0.0025395289190833707 -0.0092141646563744187 -0.0088631892311904596 -0.01300383939368157 0.044585004688793929 0.00813353777779912 0.040507051462683255 0.0078099852175786133 -0.012695563824824792 -0.0015247095376754965 -0.012786012326656861
leaf_weight=279.45935770124197 20150.981831073761 416.81661480665207 195.45378732681274 14893.074324429035 150.24372208118439 444.33685696125031 1100.5962414741516 187.67142486572266 1215.2890174388885 342.03741502761841 377.18237781524658 417.30695486068726 15036.013914167881 187.98326921463013
leaf_count=1308 7537 446 159 20489 123 75 397 54 266 85 72 133 6301 56
internal_value=-0.000132734 -7.52259e-06 -0.00249778 -0.00200853 0.0205778 0.000980684 -0.0007023 -0.00188817 0.00629155 0.00916751 0.0235319 0.00278692 -0.0010904 0.0160848
internal_weight=55394.4 55115 15655.6 15238.8 345.698 39459.4 19308.4 16512.3 2796.15 2351.82 719.22 1632.6 15411.7 375.655
internal_count=37501 36193 21217 20771 282 14976 7439 6808 631 556 157 399 6411 110
is_linear=0
shrinkage=0.05


Tree=112
num_leaves=15
num_cat=0
split_feature=8 8 3 8 8 8 5 7 8 7 8 5 7 5
split_gain=51.2609 29.5029 28.8984 18.6155 82.4723 68.705 172.908 63.1411 34.7031 51.681 106.804 119.866 49.8875 49.6027
threshold=4887.9700000000012 31.370000000000001 52.500000000000007 198.37500000000003 168.71000000000001 224.98500000000004 8.5000000000000018 293.90500000000003 269.88500000000005 315.48500000000007 236.17000000000004 8.5000000000000018 427.77000000000004 4.5000000000000009
decision_type=2 2 2 2 2 2 2 2 2 2 2 2 2 2
left_child=1 -1 3 4 -3 6 -5 -8 9 -7 11 -11 -10 -12
right_child=-2 2 -4 5 -6 8 7 -9 12 10 13 -13 -14 -15
leaf_value=-0.023846998179498102 -0.0065083319920336046 0.0022129551366458335 -0.023823614272416974 -0.020790049588292919 -0.012004074376561839 -0.024435327522002892 0.021468031771366681 0.06421964851388233 0.0050133789116979539 -0.0073089199689305969 0.01442522179772392 0.054848504945177734 8.5565444107690576e-05 -0.011250726639553869
leaf_weight=121.38751471042633 2930.1205205321312 2967.1726154983044 118.44869828224182 236.17215645313263 1548.5165648460388 310.14208483695984 479.35109807550907 103.63856649398804 5913.5153445005417 150.48474216461182 213.42461776733398 152.81248092651367 38846.323554500937 1373.9515227675438
leaf_count=373 5905 1138 27 73 531 145 265 35 1165 39 61 42 27176 592
internal_value=-7.78192e-05 0.000281423 0.000339573 0.000396574 -0.00267022 0.000686667 0.014998 0.0295495 0.000435456 -0.00568707 -0.00255531 0.0243899 0.000737098 -0.00776411
internal_weight=55465.5 52535.3 52414 52295.5 4515.69 47779.8 819.162 582.99 46960.7 2200.82 1890.67 303.297 44759.8 1587.38
internal_count=37567 31662 31289 31262 1669 29593 373 300 29220 879 734 81 28341 653
is_linear=0
shrinkage=0.05


Tree=113
num_leaves=15
num_cat=0
split_feature=6 8 8 7 7 4 5 7 7 8 7 8 5 5
split_gain=66.2599 58.8702 43.644 38.7531 56.4147 74.8821 31.7171 96.8399 26.4436 30.9848 51.5441 42.141 42.2054 57.2075
threshold=1.0000000180025095e-35 2635.3900000000008 2550.7450000000003 3452.2600000000007 3511.6700000000005 1.5000000000000002 11.500000000000002 3464.9750000000008 3282.2200000000007 2358.0200000000004 3072.7800000000002 2508.6450000000004 2.5000000000000004 11.500000000000002
decision_type=2 2 2 2 2 2 2 2 2 2 2 2 2 2
left_child=-1 2 8 -4 5 6 -5 -8 9 -2 -11 12 -12 -14
right_child=1 -3 3 4 -6 -7 7 -9 -10 10 11 -13 13 -15
leaf_value=-0.024370668300529655 0.00098671859885088547 -0.0033555541669574654 -0.0098510705149712375 0.091045372099776686 0.0064317914522889694 -0.014483209463887975 -0.01394783288136409 0.078024746570292985 -0.0077655648295109391 -0.017523038478154073 0.001037603971432099 -0.0044585183896926617 0.066361746303533753 0.0035314380449810905
leaf_weight=265.7091323658824 44712.418348014355 8669.5204479694366 130.13953739404678 45.693977832794189 298.06545114517212 45.661464214324951 47.763854622840881 61.834010720252991 849.10231995582581 94.113581240177155 67.45354425907135 94.36534708738327 117.53561067581177 52.267491221427917
leaf_count=1284 20151 14275 123 36 280 37 49 53 886 99 52 89 84 60
internal_value=0.000305877 0.000426668 0.00113035 0.0141581 0.0204551 0.040594 0.0567354 0.0390824 0.0009506 0.0011154 0.014462 0.0236647 0.0347115 0.047676
internal_weight=55551.6 55285.9 46616.4 629.158 499.019 200.953 155.292 109.598 45987.3 45138.2 425.736 331.622 237.257 169.803
internal_count=37558 36274 21999 578 455 175 138 102 21421 20535 384 285 196 144
is_linear=0
shrinkage=0.05


Tree=114
num_leaves=15
num_cat=0
split_feature=7 8 3 8 4 7 3 5 3 8 8 8 8 8
split_gain=47.7503 46.4496 39.0121 64.5102 31.5353 31.3343 47.3102 72.1995 73.3385 30.5339 27.5864 24.0587 23.3908 59.5882
threshold=2507.6700000000005 1877.3800000000003 1.0000000180025095e-35 2129.7900000000004 2.5000000000000004 3349.2500000000005 3.5000000000000004 8.5000000000000018 4.5000000000000009 31.370000000000001 4887.9700000000012 456.84000000000009 2534.5100000000007 2558.6700000000005
decision_type=2 2 2 2 2 2 2 2 2 2 2 2 2 2
left_child=1 4 3 -2 9 6 -4 8 -8 -1 -5 -6 -7 -14
right_child=2 -3 5 10 11 12 7 -9 -10 -11 -12 -13 13 -15
leaf_value=-0.02384653043515525 -0.018453019675247064 0.013562269078866433 -0.0005434733933608305 -0.0014431167489098685 0.0060010340977081503 -0.017310402202783751 0.052075803000065479 0.063016740358216292 0.001581735110185979 0.00077301920393743661 -0.0087341905659349597 -0.014854389034013652 0.032965440247878557 -0.0020311696869251975
leaf_weight=121.32737944275141 806.47219794988632 688.49002823233604 846.28566271066666 4633.3929601311684 180.66625738143921 224.30945116281509 83.084523677825928 72.683059811592102 393.47587072849274 41443.416546404362 1798.2936500608921 553.81860625743866 120.86181366443634 3616.9756143391132
leaf_count=374 997 215 712 6551 59 200 60 42 287 18219 3688 267 97 5789
internal_value=-6.65387e-05 0.000726787 -0.00277325 -0.005166 0.00051629 0.000461121 0.00689028 0.0182459 0.0108343 0.000698295 -0.0034869 -0.00971855 -0.00180916 -0.000857039
internal_weight=55583.6 42987.7 12595.8 7238.16 42299.2 5357.68 1395.53 549.243 476.56 41564.7 6431.69 734.485 3962.15 3737.84
internal_count=37557 19134 18423 11236 18919 7187 1101 389 347 18593 10239 326 6086 5886
is_linear=0
shrinkage=0.05


Tree=115
num_leaves=15
num_cat=0
split_feature=6 8 7 7 4 2 2 7 2 2 2 6 6 6
split_gain=64.6604 48.1331 44.9944 29.781 57.2981 23.6286 116.216 98.6483 58.5568 68.5989 83.5192 58.1389 75.4926 65.788
threshold=1.0000000180025095e-35 3472.8500000000004 4476.8350000000009 4614.9600000000009 1.0000000180025095e-35 18.500000000000004 16.500000000000004 384.84500000000008 14.500000000000002 11.500000000000002 12.500000000000002 197.00000000000003 92.500000000000014 98.500000000000014
decision_type=2 2 2 2 2 2 2 2 2 2 2 2 2 2
left_child=-1 2 5 4 -4 6 8 -8 9 -2 -11 12 -7 -14
right_child=1 -3 3 -5 -6 11 7 -9 -10 10 -12 -13 13 -15
leaf_value=-0.024374894788137799 0.00032235659708239176 -0.0041768777992693068 0.059437339191181077 -0.0060396383842139054 0.0071867554895393652 -0.017829430003375814 0.045505110362064186 0.0042999037930359224 -0.014663625687873383 0.028609510921121847 0.002105043481001143 -0.018045406836144359 0.02630984976254927 4.3422394170760795e-05
leaf_weight=268.22746782004833 42118.492205560207 6099.5798029899597 87.256550133228302 78.777409315109253 125.37679868936539 541.31948280334473 259.08347415924072 325.39549922943115 626.94710683822632 473.56909155845642 786.70944464206696 566.08301508426666 257.50251626968384 2595.2074047327042
leaf_count=1324 23351 10776 122 116 171 147 22 92 174 100 201 158 53 637
internal_value=-0.000111601 9.06151e-06 0.000532195 0.0199537 0.0295013 0.00041358 0.000742416 0.0227961 0.000446945 0.000667 0.0121382 -0.00328532 -0.000800598 0.00245627
internal_weight=55209.5 54941.3 48841.7 291.411 212.633 48550.3 44590.2 584.479 44005.7 43378.8 1260.28 3960.11 3394.03 2852.71
internal_count=37444 36120 25344 409 293 24935 23940 114 23826 23652 301 995 837 690
is_linear=0
shrinkage=0.05


Tree=116
num_leaves=15
num_cat=0
split_feature=6 7 6 7 8 6 8 8 8 5 7 1 6 6
split_gain=62.5937 45.1132 30.883 44.022 63.5718 75.5387 72.5348 59.2477 57.4015 110.995 57.7977 57.0934 45.8005 57.1844
threshold=6.5000000000000009 6098.5400000000009 242.50000000000003 465.33500000000009 429.21500000000009 153.50000000000003 461.47500000000008 278.09500000000008 377.81000000000006 12.500000000000002 524.245 3.5000000000000004 60.000000000000007 83.500000000000014
decision_type=2 2 2 2 2 2 2 2 2 2 2 2 2 2
left_child=-1 2 3 7 5 -5 11 -2 9 -7 -10 12 -6 -14
right_child=1 -3 -4 4 6 8 -8 -9 10 -11 -12 -13 13 -15
leaf_value=-0.02186212330739325 0.00044376933054835437 -0.005325465281616714 -0.0041307171059061128 -0.011192634853181151 -0.01801383991891603 0.04855918947800604 -1.8953238003498037e-05 0.0071505524380458887 0.012060311396824258 -0.010273224905590045 -0.020323426546539444 0.030819535758614916 0.041581168696682033 0.0054199416900304201
leaf_weight=323.31133638322353 8184.5249638557434 3659.6267723739147 3477.0870452523232 2475.3888698816299 159.94147169589996 176.55643677711487 29648.96600741148 5505.4800251722336 274.86622333526611 140.92885494232178 266.67998719215393 301.81966078281403 123.3555269241333 752.8429000377655
leaf_count=1399 2554 7388 1474 846 75 44 22111 984 63 56 111 67 49 283
internal_value=-9.48783e-05 3.47048e-05 0.000416168 0.000745859 -0.000210445 -0.00676501 0.000495852 0.00314255 0.0059846 0.0226896 -0.00392683 0.0118614 0.00621762 0.0107179
internal_weight=55471.4 55148.1 51488.4 48011.4 34321.3 3334.42 30986.9 13690 859.032 317.485 541.546 1337.96 1036.14 876.198
internal_count=37504 36105 28717 27243 23705 1120 22585 3538 274 100 174 474 407 332
is_linear=0
shrinkage=0.05


Tree=117
num_leaves=15
num_cat=0
split_feature=7 3 7 7 7 5 7 8 8 5 8 2 7 3
split_gain=42.4476 29.9014 29.6462 78.5775 86.2733 94.0461 52.9679 59.8132 156.046 118.606 46.9283 68.9656 43.8978 43.5983
threshold=6098.5400000000009 20.500000000000004 1026.9050000000002 1113.2350000000004 1180.9350000000002 11.500000000000002 953.87500000000011 740.8950000000001 759.28000000000009 11.500000000000002 856.85500000000013 4.5000000000000009 1018.2750000000001 9.5000000000000018
decision_type=2 2 2 2 2 2 2 2 2 2 2 2 2 2
left_child=1 2 6 -4 5 10 -1 12 -9 -10 -5 -12 13 -8
right_child=-2 -3 3 4 -6 -7 7 8 9 -11 11 -13 -14 -15
leaf_value=0.0011660172192071428 -0.0053304168271317617 -0.0048285568991065734 -0.012775556405599214 -0.010557376634146376 -0.00080909641332407639 0.03337746480359019 0.015280995823948896 0.052304894337434904 -0.015648420635911719 0.035782460580255512 -0.0088463923055964368 0.034702797001589153 -0.023975836968394466 -0.017616716357835516
leaf_weight=25564.029651999474 3588.7582144737244 2698.6115658283234 1282.914490044117 340.02415633201599 19500.447854459286 383.68609118461609 394.50242209434509 253.30509614944458 291.72066855430603 175.23156714439392 162.31324660778046 196.97765493392944 140.4677586555481 130.06269931793213
leaf_count=9495 7287 780 723 133 17972 178 162 68 100 81 56 45 85 38
internal_value=-7.65463e-05 0.000289948 0.000573373 -0.000794451 -4.4778e-05 0.013658 0.00168315 0.0111878 0.0211188 0.00382649 0.00267852 0.0151776 0.000354792 0.00703489
internal_weight=55103.1 51514.3 48815.7 21866.4 20583.4 1083 26949.3 1385.29 720.257 466.952 699.315 359.291 665.033 524.565
internal_count=37203 29916 29136 19107 18384 412 10029 534 249 181 234 101 285 200
is_linear=0
shrinkage=0.05


Tree=118
num_leaves=15
num_cat=0
split_feature=6 7 8 7 6 3 6 3 8 3 8 8 7 6
split_gain=59.4421 49.0104 39.2463 59.9672 63.3571 34.173 32.5334 43.5838 41.3797 24.1857 20.9245 20.4754 36.4706 20.1565
threshold=1.0000000180025095e-35 2507.6700000000005 2189.9400000000005 3211.9500000000003 197.00000000000003 43.500000000000007 151.50000000000003 3.5000000000000004 2358.0200000000004 1.0000000180025095e-35 31.370000000000001 2017.2950000000003 2862.9900000000002 121.50000000000001
decision_type=2 2 2 2 2 2 2 2 2 2 2 2 2 2
left_child=-1 5 9 4 6 10 7 -4 -9 -3 -2 -11 13 -13
right_child=1 2 3 -5 -6 -7 -8 8 -10 11 -12 12 -14 -15
leaf_value=-0.024343085012541663 -0.023440574292110605 -0.015402665013793795 0.0044283664883502443 -0.003033769794690817 0.054504774619478662 -0.023947655621998902 -0.0082642947084188966 0.010650804198428983 0.06086103681050492 -0.011452428300439521 0.0007753917862041472 0.0018662276892087244 -0.017343906558306147 0.03553085235803425
leaf_weight=250.35036197304726 84.398078143596649 936.39414346218109 457.24337249994278 9977.5281723439693 69.043201506137848 135.81780314445496 265.09684866666794 91.509009838104248 73.470329761505127 284.61602872610092 42365.1886485219 80.188399910926819 91.7417032122612 96.460146188735962
leaf_count=1303 83 1175 480 15830 53 39 234 69 49 249 17599 54 82 56
internal_value=-0.00027489 -0.00016315 -0.00292568 -0.00188598 0.0100422 0.000643002 0.00629652 0.0125166 0.0341435 -0.0105264 0.000724491 -0.0022056 0.00763036 0.020721
internal_weight=55259 55008.7 12423.3 10933.9 956.363 42585.4 887.32 622.223 164.979 1489.4 42449.6 553.006 268.39 176.649
internal_count=37355 36052 18331 16715 885 17721 832 598 118 1616 17682 441 192 110
is_linear=0
shrinkage=0.05


Tree=119
num_leaves=15
num_cat=0
split_feature=7 4 7 8 3 3 8 8 1 7 8 5 7 5
split_gain=34.9943 26.3441 30.9955 25.0919 23.648 38.0681 127.794 269.048 51.2505 37.4415 54.897 58.8348 66.4836 45.8742
threshold=6098.5400000000009 2.5000000000000004 5859.2200000000012 31.370000000000001 9.5000000000000018 12.500000000000002 856.85500000000013 1101.1250000000002 11.500000000000002 236.76500000000001 273.41000000000003 9.5000000000000018 370.09000000000003 6.5000000000000009
decision_type=2 2 2 2 2 2 2 2 2 2 2 2 2 2
left_child=1 2 3 -1 -5 6 8 -8 -6 13 -11 12 -12 -7
right_child=-2 -3 -4 4 5 9 7 -9 -10 10 11 -13 -14 -15
leaf_value=-0.023680664516285449 -0.004780996804580555 -0.007900547591294306 0.014634735437136316 -0.00012728740195407705 -0.0016247027510570737 0.011956129879889948 0.087722835025602408 -0.0010838599854306539 0.024465880439940486 -0.01020850096719313 0.021667406915573856 0.013894146909476192 -0.0020906163753968633 -0.0042710233231246422
leaf_weight=103.08486688882113 3562.5972911715508 947.47299498319626 379.5060378909111 39715.469232156873 1185.4618362188339 1448.6787316799164 142.25754642486572 202.37259697914124 218.63553476333618 1210.6783357858658 309.5202784538269 814.2497683763504 4613.7505323290825 618.79586267471313
leaf_count=377 7293 556 559 25883 308 201 41 118 30 348 41 240 1313 121
internal_value=9.15343e-06 0.000338332 0.000492266 0.000384724 0.000436208 0.00251433 0.00925479 0.0363043 0.00251033 0.00120251 -0.000556388 0.00148743 -0.00057651 0.00710075
internal_weight=55472.5 51909.9 50962.5 50583 50479.9 10764.4 1748.73 344.63 1404.1 9015.67 6948.2 5737.52 4923.27 2067.47
internal_count=37429 30136 29580 29021 28644 2761 497 159 338 2264 1942 1594 1354 322
is_linear=0
shrinkage=0.05


Tree=120
num_leaves=15
num_cat=0
split_feature=6 8 6 1 1 2 7 8 7 8 7 7 8 8
split_gain=60.3423 48.2544 33.8647 24.5719 51.9987 224.429 50.1003 156.041 43.0143 43.6067 37.2237 46.3295 44.0292 34.1753
threshold=1.0000000180025095e-35 4887.9700000000012 93.500000000000014 3.5000000000000004 4.5000000000000009 5.5000000000000009 1568.9400000000003 1353.4100000000003 370.09000000000003 300.24000000000007 347.86000000000007 203.61000000000004 920.29500000000019 307.97000000000008
decision_type=2 2 2 2 2 2 2 2 2 2 2 2 2 2
left_child=-1 3 -3 -2 5 6 -5 -8 10 -10 11 12 -6 -11
right_child=1 2 -4 4 8 -7 7 -9 9 13 -12 -13 -14 -15
leaf_value=-0.024331929646308648 0.00022309116139045566 -0.00086005029471196556 -0.011822757091512256 -0.0087239486819957225 0.02095107675598484 0.066293030559792909 0.098357313802713175 -0.0053576500526704837 -0.014065659379073506 0.02102528707877143 0.023731347498948351 -0.0083473932450891762 -0.00081940540576165067 0.00010261485452011988
leaf_weight=244.62287187576294 45384.907699763775 1487.5038514733315 1334.6483558118343 403.1972748041153 518.67774677276611 165.36605632305145 44.714396119117737 132.33561593294144 526.80563282966614 200.52258634567261 327.04165542125702 436.34223926067352 416.66619682312012 3876.542281806469
leaf_count=1296 28175 3064 2839 108 87 49 21 138 87 34 64 114 36 1275
internal_value=0.00019599 0.00030677 -0.00605626 0.000649798 0.00339534 0.0158363 0.00101305 0.0228178 0.00191216 -0.000599002 0.00869965 0.00504257 0.0113002 0.00115615
internal_weight=55499.9 55255.3 2822.15 52433.1 7048.21 745.613 580.247 177.05 6302.6 4603.87 1698.73 1371.69 935.344 4077.06
internal_count=37387 36091 5903 30188 2013 316 267 159 1697 1396 301 237 123 1309
is_linear=0
shrinkage=0.05


Tree=121
num_leaves=15
num_cat=0
split_feature=6 8 6 1 1 3 6 8 8 7 7 7 6 3
split_gain=57.7145 39.0012 27.8155 35.6991 65.18 28.929 69.0234 33.6954 33.6898 32.1983 65.0465 27.8022 26.4115 26.1262
threshold=1.0000000180025095e-35 4887.9700000000012 226.00000000000003 12.500000000000002 6.5000000000000009 2.5000000000000004 271.00000000000006 273.41000000000003 383.41000000000003 465.33500000000009 534.87000000000012 1412.2650000000003 83.500000000000014 15.500000000000002
decision_type=2 2 2 2 2 2 2 2 2 2 2 2 2 2
left_child=-1 2 -2 4 5 7 11 -4 -8 -9 -11 13 -3 -7
right_child=1 12 3 -5 -6 6 8 9 -10 10 -12 -13 -14 -15
leaf_value=-0.024322221909889509 0.00064814837698030686 -0.00057357221086835094 0.0035106192139012708 -0.018516849418628134 0.023032012000625546 -0.017329044508055499 0.0037750519695943967 -0.024456717513991692 0.035559474909999909 0.023925516507338363 -0.010727555110992186 0.016376912929964807 -0.010300338541064907 0.0038872819616325633
leaf_weight=239.8436329588294 48289.703925490379 1315.2734095156193 571.01315140724182 363.18650680780411 234.73757016658783 404.87410974502563 151.41507124900818 328.2359778881073 184.17676293849945 146.24970328807831 1308.6099024415016 115.71360462903976 1483.3512308299541 222.19118499755859
leaf_count=1307 28423 2711 206 107 50 123 30 93 63 42 925 82 3179 67
internal_value=-0.000100477 7.11819e-06 0.000314957 -0.00367298 -0.00217969 -0.00393484 0.00283822 -0.00703689 0.0214847 -0.010415 -0.00717404 -0.00567367 -0.00573821 -0.00984008
internal_weight=55358.6 55118.7 52320.1 4030.4 3667.22 3432.48 1078.37 2354.11 335.592 1783.1 1454.86 742.779 2798.62 627.065
internal_count=37408 36101 30211 1788 1681 1631 365 1266 93 1060 967 272 5890 190
is_linear=0
shrinkage=0.05


Tree=122
num_leaves=15
num_cat=0
split_feature=6 8 6 5 2 7 2 8 8 6 7 6 7 3
split_gain=56.7425 50.476 33.2275 41.3252 65.6643 53.1485 45.0177 60.1776 27.5449 31.5729 27.4293 72.7187 59.1327 63.5609
threshold=1.0000000180025095e-35 4887.9700000000012 210.50000000000003 10.500000000000002 12.500000000000002 247.00000000000003 6.5000000000000009 269.88500000000005 75.225000000000009 107.50000000000001 664.44500000000005 206.50000000000003 571.50000000000011 19.500000000000004
decision_type=2 2 2 2 2 2 2 2 2 2 2 2 2 2
left_child=-1 2 8 4 6 -6 7 -4 9 -2 11 12 -10 -14
right_child=1 -3 3 -5 5 -7 -8 -9 10 -11 -12 -13 13 -15
leaf_value=-0.024314281856305374 -0.02429950877028212 -0.0065739003575019288 0.038413460697237271 -0.0081185535097592718 0.010196754639751629 -0.020442363007429104 0.024126296574079557 -0.0012502013591677011 0.0010876369152856261 0.0019132962644705374 -9.9501995095516317e-05 0.030941644400173947 0.014266397570786196 -0.015729978057705395
leaf_weight=236.06864531338215 229.34620082378387 2770.8494876623154 101.32284092903137 2458.9373310804367 198.39582812786102 467.80432432889938 317.21356838941574 948.13988727331161 16242.086294710636 224.00372910499573 29246.155402719975 215.08151960372925 1525.1990573406219 195.47134566307068
leaf_count=1317 152 5866 20 1359 41 154 79 475 4349 56 22892 53 525 58
internal_value=-0.000109194 -3.37029e-06 0.000344871 -0.00376454 0.00150901 -0.01131 0.0077762 0.00274321 0.000730765 -0.011468 0.000848576 0.00237354 0.00202295 0.0108231
internal_weight=55376.1 55140 52369.2 4491.81 2032.88 666.2 1366.68 1049.46 47877.3 453.35 47424 18177.8 17962.8 1720.67
internal_count=37396 36079 30213 2128 769 195 574 495 28085 208 27877 4985 4932 583
is_linear=0
shrinkage=0.05


Tree=123
num_leaves=15
num_cat=0
split_feature=6 8 7 6 4 2 8 4 6 6 6 7 8 8
split_gain=52.8307 30.7448 29.6599 24.9765 24.9725 38.3692 97.2881 28.4784 52.5898 47.7312 49.8077 38.2517 89.3775 37.1598
threshold=1.0000000180025095e-35 75.225000000000009 6098.5400000000009 93.500000000000014 2.5000000000000004 8.5000000000000018 632.85000000000002 1.0000000180025095e-35 291.00000000000006 22.000000000000004 18.500000000000004 843.21500000000015 655.7600000000001 535.15000000000009
decision_type=2 2 2 2 2 2 2 2 2 2 2 2 2 2
left_child=-1 -2 4 -4 7 6 -6 8 9 10 -3 13 -13 -11
right_child=1 2 3 -5 5 -7 -8 -9 -10 11 -12 12 -14 -15
leaf_value=-0.024278981426244295 -0.01244498970943163 0.0092382066888893992 -0.00025114451852371709 -0.0086975263814028092 0.061062537463199833 -0.016799150988613058 -0.0062000202636316318 0.0018129884778374393 -0.01719026625574965 0.00019129753272791947 0.058574248493499986 -0.018762607650470681 -0.0013899193005751734 0.0073726658596064811
leaf_weight=220.60426130890846 489.50986012816429 340.61256593465805 1794.329877614975 1704.3102313876152 57.568792104721069 514.8115696310997 377.41733986139297 23340.402900397778 462.88151705265045 10571.266758084297 55.838517665863037 781.94835114479065 12524.110151708126 2166.4271268844604
leaf_count=1266 220 366 3679 3624 15 212 327 10463 246 3792 47 452 11777 825
internal_value=-0.000132509 -3.37854e-05 7.84262e-05 -0.00437221 0.000382988 -0.00762756 0.00329468 0.000535163 -0.000573576 -0.000279477 0.01683 -0.000543106 -0.00241751 0.00141512
internal_weight=55402 55181.4 54691.9 3498.64 51193.3 949.798 434.986 50243.5 26903.1 26440.2 396.451 26043.8 13306.1 12737.7
internal_count=37311 36045 35825 7303 28522 554 342 27968 17505 17259 413 16846 12229 4617
is_linear=0
shrinkage=0.05


Tree=124
num_leaves=15
num_cat=0
split_feature=8 8 7 8 3 7 3 5 3 2 5 7 8 2
split_gain=38.3987 25.7457 84.0886 78.2519 51.5707 76.2295 49.0435 57.8033 73.5527 67.6102 43.5359 41.5843 43.2847 30.2296
threshold=4887.9700000000012 328.97500000000008 362.24000000000007 339.03000000000003 3.5000000000000004 370.09000000000003 13.500000000000002 4.5000000000000009 19.500000000000004 16.500000000000004 3.5000000000000004 380.77500000000003 300.24000000000007 24.500000000000004
decision_type=2 2 2 2 2 2 2 2 2 2 2 2 2 2
left_child=1 2 -1 -3 5 -4 10 9 -9 -8 -6 -11 -13 -5
right_child=-2 3 4 13 6 -7 7 8 -10 11 -12 12 -14 -15
leaf_value=-0.001352915589426483 -0.0058908146594046414 -0.02446119754587528 0.042663995559706035 -0.00012231088910684011 0.0091732787371749079 0.0095589563286248395 -0.021080852548097426 0.031823375465410086 0.0052337207853690483 0.021306338841943551 -0.013166951033050345 -0.013992849019518442 0.013105960618103391 -0.013100924588390831
leaf_weight=7761.2903051376343 2747.2920130491257 332.29194450378418 184.2655086517334 38454.784801125526 307.4515118598938 2242.1108657717705 308.23826384544373 397.87877202033997 740.90549194812775 289.22279453277588 721.62647783756256 320.21326494216919 264.51589345932007 448.95563173294067
leaf_count=3305 5889 148 98 26754 44 536 55 56 115 40 125 54 46 128
internal_value=-0.000133212 0.000167047 0.00204674 -0.000481686 0.00661178 0.0121556 0.00258436 0.0066088 0.0146224 -0.00113959 -0.00648041 0.0059735 -0.00172689 -0.000273751
internal_weight=55521 52773.8 13537.7 39236 5776.43 2426.38 3350.05 2320.97 1138.78 1182.19 1029.08 873.952 584.729 38903.7
internal_count=37393 31504 4474 27030 1169 634 535 366 171 195 169 140 100 26882
is_linear=0
shrinkage=0.05


Tree=125
num_leaves=15
num_cat=0
split_feature=7 8 8 2 7 2 7 8 2 7 2 7 7 3
split_gain=37.6449 48.9856 57.5465 46.322 46.6489 50.6884 34.3258 131.983 121.123 33.3776 36.0006 27.1467 28.4673 27.1536
threshold=1535.7450000000001 1161.4150000000002 1208.47 8.5000000000000018 1615.5700000000004 2.5000000000000004 1427.3600000000004 1101.1250000000002 5.5000000000000009 1514.5800000000002 1.0000000180025095e-35 1392.1400000000001 1412.2650000000003 52.500000000000007
decision_type=2 2 2 2 2 2 2 2 2 2 2 2 2 2
left_child=6 -2 3 4 5 -3 11 8 -8 -9 -11 13 -13 -1
right_child=1 2 -4 -5 -6 -7 7 9 -10 10 -12 12 -14 -15
leaf_value=0.00088497801504406378 -0.01625700997876545 -0.0022824203295257793 -0.0018703667620607487 -0.021402358207905692 0.046310596748924182 0.036143456661752137 0.034721224981463503 -0.014371087220564155 -0.0064055560555139439 0.018442024427789291 -0.011849835766176934 -0.021964513398232664 0.00060204663375739581 -0.023725241467852067
leaf_weight=34848.218866527081 563.59557592868805 251.09553277492523 17019.95209261775 74.998187184333801 119.74224841594696 124.96215224266052 575.58541893959045 484.96549773216248 256.84446585178375 218.56963014602661 170.21158313751221 265.23154246807098 288.89543187618256 107.44897508621216
leaf_count=13251 367 155 22388 39 63 56 251 237 95 84 66 168 139 26
internal_value=5.40983e-05 -0.00181224 -0.00134495 0.014202 0.0197477 0.010793 0.000964638 0.00788165 0.0220692 -0.00568365 0.00519793 0.000631227 -0.0102992 0.000805947
internal_weight=55370.3 18154.3 17590.8 570.798 495.8 376.058 37216 1706.18 832.43 873.747 388.781 35509.8 554.127 34955.7
internal_count=37385 23068 22701 313 274 211 14317 733 346 387 150 13584 307 13277
is_linear=0
shrinkage=0.05


Tree=126
num_leaves=15
num_cat=0
split_feature=7 6 7 7 2 6 7 1 7 8 4 5 7 6
split_gain=56.4467 81.5099 54.6788 82.6062 86.5046 88.2854 74.0655 62.5256 48.5065 96.5057 78.0386 47.795 45.3049 39.6828
threshold=1018.2750000000001 36.500000000000007 1113.2350000000004 1180.9350000000002 8.5000000000000018 183.50000000000003 1146.0500000000004 2.5000000000000004 968.81500000000017 730.84500000000014 1.0000000180025095e-35 11.500000000000002 940.0150000000001 151.50000000000003
decision_type=2 2 2 2 2 2 2 2 2 2 2 2 2 2
left_child=1 12 -2 4 5 6 -4 11 -3 -10 -11 -8 -1 -13
right_child=2 8 3 -5 -6 -7 7 -9 9 10 -12 13 -14 -15
leaf_value=-0.018356211498700165 -0.010571757933103193 0.0017943556118908636 0.0027935491212797339 -0.0015249001841369288 -0.017039685269512213 -0.016954746808289546 0.0051439699951581061 0.066301828376332 0.048773311995263628 0.034751059251329923 -0.0049914068956221783 0.021437701508100503 0.044007450080466338 0.062835062179886825
leaf_weight=632.12529093027115 1543.2472459077835 27771.993710696697 254.71815299987793 23431.559898048639 203.50242471694946 144.10706579685211 170.96186399459839 123.65143871307373 157.0071839094162 162.40671467781067 467.53822612762451 143.57568693161011 25.857751369476318 102.50263643264771
leaf_count=1536 844 8714 98 25562 80 78 59 16 56 70 148 55 9 45
internal_value=0.000230913 0.00174065 -0.00145798 -0.000883609 0.0122121 0.0186047 0.0251128 0.0355054 0.00214264 0.014345 0.00544761 0.0256971 -0.015592 0.0395895
internal_weight=55334.8 29216.9 26117.8 24574.6 1143.02 939.517 795.41 540.692 28558.9 786.952 629.945 417.04 657.983 246.078
internal_count=37370 10533 26837 25993 431 351 273 175 8988 274 218 159 1545 100
is_linear=0
shrinkage=0.05


Tree=127
num_leaves=15
num_cat=0
split_feature=6 8 8 3 6 6 2 2 8 3 8 8 6 6
split_gain=52.3432 23.9536 43.6277 37.2624 27.5513 24.9644 24.2226 91.0491 56.4574 48.1073 43.9204 55.1235 38.5917 39.8162
threshold=1.0000000180025095e-35 2635.3900000000008 2550.7450000000003 5.5000000000000009 163.50000000000003 47.500000000000007 19.500000000000004 17.500000000000004 291.41500000000002 28.500000000000004 300.24000000000007 351.19500000000011 122.50000000000001 106.50000000000001
decision_type=2 2 2 2 2 2 2 2 2 2 2 2 2 2
left_child=-1 2 6 5 -3 -4 7 9 -9 -2 12 -12 13 -8
right_child=1 4 3 -5 -6 -7 10 8 -10 -11 11 -13 -14 -15
leaf_value=-0.024267112240053904 0.00062691127773620129 -0.0035170388045166223 -0.015948600790381715 -0.012194670045882851 0.0045779517228885652 0.022506867109286097 -0.0087444099911328701 0.042445010305551367 0.006683622298039058 -0.020631948580805873 0.018736228996364953 -0.0023592620704094083 -0.015173571394303821 0.020645803121257383
leaf_weight=215.8407559543848 41765.772067993879 7179.8029471933842 42.760653734207153 111.6753922700882 1226.8114494979382 475.0592098236084 319.78666031360626 200.48933613300323 243.28401792049408 262.82500827312469 362.81739139556885 1954.2407612204552 1069.4071239233017 173.65055823326111
leaf_count=1287 20282 12552 43 93 1704 438 77 25 70 83 58 491 277 34
internal_value=2.6758e-05 0.00012361 0.000563504 0.0135858 -0.00233368 0.0192091 0.000385206 0.000730795 0.0231329 0.000491531 -0.00339394 0.000977214 -0.00985702 0.00170195
internal_weight=55604.2 55388.4 46981.8 629.495 8406.61 517.82 46352.3 42472.4 443.773 42028.6 3879.9 2317.06 1562.84 493.437
internal_count=37514 36227 21971 574 14256 481 21397 20460 95 20365 937 549 388 111
is_linear=0
shrinkage=0.05


Tree=128
num_leaves=15
num_cat=0
split_feature=6 8 8 8 6 3 3 3 6 6 1 8 8 1
split_gain=50.7119 43.6826 69.4874 53.1912 83.4536 45.9743 44.5944 44.4868 44.1387 33.6193 31.3775 60.2144 67.995 54.1084
threshold=1.0000000180025095e-35 766.31500000000017 740.8950000000001 759.28000000000009 129.50000000000003 1.0000000180025095e-35 10.500000000000002 39.500000000000007 38.500000000000007 242.50000000000003 16.500000000000004 143.01500000000001 273.41000000000003 12.500000000000002
decision_type=2 2 2 2 2 2 2 2 2 2 2 2 2 2
left_child=-1 2 7 4 -4 -5 -6 8 -2 -3 13 -12 -13 -10
right_child=1 9 3 5 6 -7 -8 -9 10 -11 11 12 -14 -15
leaf_value=-0.024259254192442299 -0.013644589965214175 -0.0012117765691703052 0.00053616740811437589 0.02656962399102171 0.062355414145293921 -0.010966990132462376 0.021622206741464773 -0.015792787945721469 0.0012598038074392922 -0.011514194709729321 0.031485041579293674 -0.014224804462583973 0.010113318309531792 -0.014843119445288353
leaf_weight=212.79612238705158 493.37356472015381 26173.657600492239 187.15703451633453 115.12217366695404 146.10620832443237 249.22568571567535 135.45079708099365 390.52430856227875 24249.378200232983 811.67958945035934 228.05172657966614 374.4767632484436 1174.768128156662 528.15326571464539
leaf_count=1296 293 26269 66 58 38 89 42 96 8197 527 40 110 215 110
internal_value=-0.000179854 -8.49372e-05 0.00128842 0.015471 0.0265185 0.00109249 0.0434788 0.000855081 0.00109832 -0.00152373 0.00137475 0.00778267 0.00420358 0.000913631
internal_weight=55469.9 55257.1 28271.8 833.062 468.714 364.348 281.557 27438.7 27048.2 26985.3 26554.8 1777.3 1549.24 24777.5
internal_count=37446 36150 9354 293 146 147 80 9061 8965 26796 8672 365 325 8307
is_linear=0
shrinkage=0.05


Tree=129
num_leaves=15
num_cat=0
split_feature=6 7 8 6 8 7 8 5 7 7 7 8 7 5
split_gain=50.0965 49.9076 34.9619 34.5659 80.2113 100.84 101.583 58.7139 44.0399 42.6931 85.7298 52.847 65.6306 65.2557
threshold=1.0000000180025095e-35 1535.7450000000001 1161.4150000000002 131.50000000000003 1016.7100000000002 1392.1400000000001 1120.9950000000001 7.5000000000000009 1472.7950000000003 236.76500000000001 277.11500000000007 224.98500000000004 315.48500000000007 11.500000000000002
decision_type=2 2 2 2 2 2 2 2 2 2 2 2 2 2
left_child=-1 3 -3 4 -2 -6 7 -7 -9 -5 -11 13 -13 -12
right_child=1 2 -4 9 5 6 -8 8 -10 10 11 12 -14 -15
leaf_value=-0.024246766148385373 0.0017585528255876885 -0.014887085651564935 -0.0017353773874208295 0.0051843030535689829 0.057615940320500325 0.0046908312076772542 -0.013540900996443346 0.018109433509814577 0.050681867153193297 -0.018840079638975986 -0.0082511359761731264 -0.02440746185695325 -0.00057123187428938823 0.037625828610707956
leaf_weight=208.12720746546984 16473.379138886929 515.42374897003174 17567.794602274895 2942.8049778938293 119.61787378787994 366.75170749425888 320.48084783554077 259.89266467094421 178.73643207550049 666.90207242965698 126.14545679092407 289.32254028320312 15364.100262761116 189.92639350891113
leaf_count=1302 5510 342 22754 646 30 130 155 105 60 241 40 115 6033 61
internal_value=-5.20574e-05 4.10488e-05 -0.00211425 0.00108615 0.00268586 0.0148948 0.0101212 0.0195624 0.031804 -0.000361883 -0.00134421 -0.000607895 -0.00101945 0.0194728
internal_weight=55589.4 55381.3 18083.2 37298.1 17718.9 1245.48 1125.86 805.381 438.629 19579.2 16636.4 15969.5 15653.4 316.072
internal_count=37524 36222 23096 13126 5990 480 450 295 165 7136 6490 6249 6148 101
is_linear=0
shrinkage=0.05


Tree=130
num_leaves=15
num_cat=0
split_feature=6 7 8 8 8 7 7 7 3 3 8 7 6 3
split_gain=48.647 38.3126 57.2358 32.8251 39.0849 62.9271 38.3946 82.0044 134.953 61.2238 24.2178 38.5745 37.4177 35.9812
threshold=1.0000000180025095e-35 2862.9900000000002 2208.4800000000005 1877.3800000000003 1730.4600000000003 2276.7750000000005 2651.7350000000001 2486.4050000000002 2.5000000000000004 5.5000000000000009 3472.8500000000004 4476.8350000000009 197.00000000000003 1.5000000000000002
decision_type=2 2 2 2 2 2 2 2 2 2 2 2 2 2
left_child=-1 3 -3 4 -2 -6 7 -5 -9 -8 11 12 -4 -13
right_child=1 2 10 6 5 -7 9 8 -10 -11 -12 13 -14 -15
leaf_value=-0.024227919133024231 0.00073313440329890759 -0.018150627495919069 -0.001300268993780539 0.0075307088706709413 0.04111168667498568 -0.011861059251700409 -0.0071033635604553988 0.094172163638616524 0.0013339525090146746 0.028982555391682298 -0.003927814710702509 0.03278409845918475 0.01914730435821814 -0.0028954274421166422
leaf_weight=201.44722493737936 41453.3201867342 552.62065154314041 4333.2278435826302 633.88018894195557 54.510005116462708 1007.024816930294 608.46083003282547 73.77339231967926 78.099345207214355 140.39828479290009 5672.7948026061058 170.72565793991089 230.90167450904846 116.91876095533371
leaf_count=1300 16834 643 5198 120 49 1024 683 66 51 75 10707 240 222 160
internal_value=-1.91851e-06 8.87989e-05 -0.00253907 0.000749847 0.000490063 -0.00896092 0.00792194 0.0156058 0.047995 -0.000190515 -0.00171112 0.000882071 -0.000245995 0.0184798
internal_weight=55328.1 55126.7 11077.2 44049.5 42514.9 1061.53 1534.61 785.753 151.873 748.859 10524.6 4851.77 4564.13 287.644
internal_count=37372 36072 17170 18902 17907 1073 995 237 117 758 16527 5820 5420 400
is_linear=0
shrinkage=0.05


Tree=131
num_leaves=15
num_cat=0
split_feature=6 7 6 4 3 7 3 8 8 7 2 2 2 2
split_gain=46.6662 24.6115 25.7759 23.3839 23.2464 22.0232 19.9848 19.7559 19.6096 19.2599 18.1876 38.8636 34.24 21.8155
threshold=1.0000000180025095e-35 6098.5400000000009 93.500000000000014 3.5000000000000004 52.500000000000007 5819.0700000000006 4.5000000000000009 4487.9900000000007 31.370000000000001 6057.7400000000007 38.500000000000007 24.500000000000004 22.500000000000004 20.500000000000004
decision_type=2 2 2 2 2 2 2 2 2 2 2 2 2 2
left_child=-1 3 -3 4 5 8 7 -7 -2 -9 11 12 13 -10
right_child=1 2 -4 -5 -6 6 -8 9 10 -11 -12 -13 -14 -15
leaf_value=-0.024215703196924898 -0.023424723631068678 -4.7853642375603669e-05 -0.0087104088463960793 -0.02362990704691351 -0.023619114339470296 0.0072851152710505379 -0.018637094697712374 0.043194919266374809 0.00018717394400139361 4.3631951861826362e-05 0.01192201095286184 -0.015046914922789034 0.023959592106079852 -0.017525250762482732
leaf_weight=197.33715803176165 83.389199525117874 1767.4634452164173 1665.3508756160736 98.510650873184204 97.587472319602966 308.69580221176147 47.347772419452667 85.763989627361298 50170.97186255455 36.175192773342133 320.81579947471619 416.59053993225098 146.14407253265381 169.44466233253479
leaf_count=1293 91 3691 3635 68 25 455 70 126 27648 53 45 151 40 68
internal_value=-0.000247136 -0.000159604 -0.00425685 0.000111358 0.000158709 0.000205793 0.0108328 0.0142497 0.000105745 0.0308994 0.000146334 7.09545e-05 0.000197177 0.00012582
internal_weight=55611.6 55414.3 3432.81 51981.4 51882.9 51785.3 477.983 430.635 51307.4 121.939 51224 50903.2 50486.6 50340.4
internal_count=37459 36166 7326 28840 28772 28747 704 634 28043 179 27952 27907 27756 27716
is_linear=0
shrinkage=0.05


Tree=132
num_leaves=15
num_cat=0
split_feature=6 7 8 6 6 7 8 6 5 4 3 8 3 5
split_gain=46.1491 32.4081 38.5675 39.1283 35.9467 33.4792 46.8259 57.6962 91.2573 30.9954 28.4123 128.253 24.235 103.271
threshold=1.0000000180025095e-35 2507.6700000000005 1877.3800000000003 128.50000000000003 175.50000000000003 3511.6700000000005 2189.9400000000005 197.00000000000003 7.5000000000000009 2.5000000000000004 20.500000000000004 759.28000000000009 8.5000000000000018 9.5000000000000018
decision_type=2 2 2 2 2 2 2 2 2 2 2 2 2 2
left_child=-1 2 9 -4 12 6 -6 -8 -9 -2 11 -11 -3 -14
right_child=1 4 3 -5 5 -7 7 8 -10 10 -12 -13 13 -15
leaf_value=-0.024199911223483833 0.00065682895584636683 -0.0035566667909468636 0.029459235636545268 0.0040341418123216203 -0.0078682648913341521 -0.00094199318555506558 0.0069801958420946542 0.016262363484370677 0.094331645969970887 0.048397431244304262 -0.019059922831014976 -0.018373793332932466 -0.0023809401282220565 0.072683317741718087
leaf_weight=192.25992342084646 41879.572113156319 10678.892228722572 221.09108746051788 463.55682158470154 143.82060545682907 724.4322389960289 190.66965663433075 96.581429243087769 58.981939435005188 95.702976703643799 380.51122939586639 246.59219020605087 270.03817293047905 50.112337470054626
leaf_count=1302 17322 16645 88 58 144 1062 177 68 50 24 149 155 217 35
internal_value=-5.85601e-05 2.72406e-05 0.00066906 0.0123986 -0.00224683 0.0059002 0.0159222 0.0257757 0.0478781 0.000479125 -0.00975088 0.000722908 -0.00314867 0.0103057
internal_weight=55692.8 55500.6 43287 684.648 12213.5 1214.49 490.054 346.233 155.563 42602.4 722.806 342.295 10999 320.151
internal_count=37496 36194 17796 146 18398 1501 439 295 118 17650 328 179 16897 252
is_linear=0
shrinkage=0.05


Tree=133
num_leaves=15
num_cat=0
split_feature=8 3 8 7 7 7 8 5 7 8 5 7 8 7
split_gain=26.5757 24.1639 23.6633 21.736 64.764 57.1274 45.8513 121.262 70.6847 35.3408 98.0623 39.3114 55.8437 31.7081
threshold=7310.0350000000008 52.500000000000007 31.370000000000001 236.76500000000001 164.04500000000004 254.29000000000002 224.98500000000004 8.5000000000000018 315.48500000000007 236.17000000000004 8.5000000000000018 347.86000000000007 248.51000000000002 139.01500000000001
decision_type=2 2 2 2 2 2 2 2 2 2 2 2 2 2
left_child=1 2 -1 4 13 -5 7 -7 -8 10 -10 -11 -13 -4
right_child=-2 -3 3 5 -6 6 8 -9 9 11 -12 12 -14 -15
leaf_value=-0.02367280614885206 -0.008681095563076854 -0.023698777842532298 0.00082978730598984557 -0.012045867172512909 0.011370161225471525 -0.013250919409756685 -0.024424455494994928 0.01883716480894828 -0.012760121845542309 -0.010473111250390734 0.041516735182243067 0.041967699586230672 -0.00031876423283608274 -0.014324785965553772
leaf_weight=102.35037253051996 950.1637379527092 104.81666469573975 2852.6326322257519 1041.2121576070786 1564.7526798248291 424.60768485069275 301.67832708358765 934.48935768008232 154.42691493034363 954.45935750007629 170.95855307579041 73.209337949752808 45474.451729223132 387.60837087035179
leaf_count=375 2088 26 1027 380 352 115 122 393 42 379 44 26 31914 211
internal_value=-0.000413016 -0.000268196 -0.000220909 -0.000174558 0.00303442 -0.000486145 -0.000236701 0.00880041 -0.000498216 -0.000341484 0.0159538 -0.000457209 -0.000246198 -0.00100233
internal_weight=55491.8 54541.7 54436.8 54334.5 4804.99 49529.5 48488.3 1359.1 47129.2 46827.5 325.385 46502.1 45547.7 3240.24
internal_count=37494 35406 35380 35005 1590 33415 33035 508 32527 32405 86 32319 31940 1238
is_linear=0
shrinkage=0.05


Tree=134
num_leaves=15
num_cat=0
split_feature=6 7 6 7 7 3 6 7 5 7 7 6 7 3
split_gain=45.0485 37.7689 38.3519 37.467 66.2334 64.5535 60.8402 56.3128 47.6459 27.6759 35.0538 19.4135 98.0485 61.4709
threshold=1.0000000180025095e-35 2043.1550000000004 175.50000000000003 1916.8450000000003 1844.4500000000003 1.0000000180025095e-35 122.50000000000001 1949.9650000000004 6.5000000000000009 2400.2100000000005 2486.4050000000002 49.000000000000007 1806.8500000000001 1.5000000000000002
decision_type=2 2 2 2 2 2 2 2 2 2 2 2 2 2
left_child=-1 3 -3 4 11 7 -7 -5 -8 -4 -11 12 13 -2
right_child=1 2 9 5 -6 6 8 -9 -10 10 -12 -13 -14 -15
leaf_value=-0.024178622021432217 0.0095866244655855148 -0.0029175810426797823 -0.016730859594144984 0.072370749045854652 -0.019759258420767062 -0.021812213614446005 0.04200646775354145 0.015008055820227677 -0.008549038401196472 0.051174006559323783 0.0062277321566711931 0.00069698648793698696 0.052098518543611173 -0.0082668857272870534
leaf_weight=185.80563162267208 1326.482254832983 12870.511672317982 121.46270972490311 67.779272675514221 384.37745809555054 152.15552604198456 103.08808326721191 112.3308396935463 79.405848264694214 40.052617132663727 1282.1220566928387 37629.751911044121 102.55731964111328 751.18037712574005
leaf_count=1289 584 18665 115 58 421 122 80 107 61 35 1560 14049 66 252
internal_value=7.42478e-05 0.000158336 -0.00205039 0.000935124 0.000762546 0.0142737 0.00115089 0.0379666 0.0203676 0.00566432 0.00777695 0.000963147 0.00554486 0.00312733
internal_weight=55209.1 55023.3 14314.1 40709.1 40194.3 514.76 334.649 180.11 182.494 1443.64 1322.17 39810 2180.22 2077.66
internal_count=37464 36175 20375 15800 15372 428 263 165 141 1710 1595 14951 902 836
is_linear=0
shrinkage=0.05


Tree=135
num_leaves=15
num_cat=0
split_feature=6 3 8 8 3 3 6 6 6 6 8 8 3 6
split_gain=44.5063 24.6862 23.9712 28.7054 20.4798 40.6776 24.6677 18.4486 17.1974 17.1254 16.9664 21.6067 22.6845 17.5626
threshold=1.0000000180025095e-35 52.500000000000007 2635.3900000000008 2550.7450000000003 5.5000000000000009 2.5000000000000004 197.00000000000003 163.50000000000003 65.500000000000014 150.00000000000003 2904.0750000000003 3472.8500000000004 1.5000000000000002 213.00000000000003
decision_type=2 2 2 2 2 2 2 2 2 2 2 2 2 2
left_child=-1 2 3 -2 5 6 9 8 -4 -5 -9 12 -12 -13
right_child=1 -3 7 4 -6 -7 -8 10 -10 -11 11 13 -14 -15
leaf_value=-0.024178403798336075 0.0003549792763170921 -0.023696040457400203 0.00025043240103963301 0.011534869310568406 -0.0085298116951140392 0.043391655538582589 0.041409627744874729 -0.011485295144058626 -0.0050556514508307811 -0.010463332379462759 0.029199846179547264 0.004979687625710094 -0.0068367044192388276 -0.015599758641352799
leaf_weight=185.74150691926479 46372.176322549582 104.55136060714722 2226.8509267568588 244.53560227155685 106.91456925868988 97.961764454841614 44.429364085197449 161.67800444364548 4851.1758657693863 132.41859525442123 157.39664304256439 693.58697998523712 57.478394687175751 116.7991786301136
leaf_count=1320 21479 25 4038 242 91 77 32 223 8573 121 223 1012 78 164
internal_value=-6.76299e-05 1.54299e-05 6.24286e-05 0.000499184 0.0110896 0.0151714 0.00817892 -0.00241997 -0.00338728 0.00377141 0.0033384 0.00572041 0.0196239 0.00193615
internal_weight=55553.7 55368 55263.4 46998.4 626.26 519.345 421.384 8264.97 7078.03 376.954 1186.94 1025.26 214.875 810.386
internal_count=37698 36378 36353 22042 563 472 395 14311 12611 363 1700 1477 301 1176
is_linear=0
shrinkage=0.05


Tree=136
num_leaves=15
num_cat=0
split_feature=6 7 7 7 3 6 8 6 3 8 7 8 8 8
split_gain=43.1443 30.7867 59.488 58.562 79.6379 49.596 53.9479 28.1337 79.6721 93.3291 48.4795 90.5209 61.4858 59.9217
threshold=1.0000000180025095e-35 1844.4500000000003 1916.8450000000003 1971.6900000000003 1.0000000180025095e-35 126.50000000000001 1437.5700000000004 50.500000000000007 2.5000000000000004 461.47500000000008 1708.9400000000003 1144.5800000000002 980.68500000000006 663.5200000000001
decision_type=2 2 2 2 2 2 2 2 2 2 2 2 2 2
left_child=-1 7 -3 4 -4 -6 -7 8 9 -2 11 12 13 -11
right_child=1 2 3 -5 5 6 -8 -9 -10 10 -12 -13 -14 -15
leaf_value=-0.024146402543894857 -0.0033128134969778872 -0.020660814290420437 0.049634981453936508 -0.0016642396068078992 -0.020374977818451091 -0.0090572549129895111 0.056774392766232633 0.00064670525694466359 -0.005815660707821183 0.040804237058804899 0.054881037016937861 -0.019999417094704892 0.044478686072728799 0.0010835846775876022
leaf_weight=176.80277234315872 528.27316865324974 396.62317675352097 126.93105173110962 14330.151280105114 123.89746403694153 59.934418916702271 57.180378556251526 38033.752957999706 848.29146271944046 134.77840507030487 101.93907916545868 124.22690331935883 265.15870583057404 296.94078916311264
leaf_count=1287 283 441 102 20425 99 45 42 14101 293 47 62 59 72 125
internal_value=0.000171222 0.000250961 -0.00167492 -0.00115574 0.0184056 0.00128385 0.0240931 0.000971836 0.00633618 0.0134345 0.0229854 0.0187174 0.0257125 0.0138092
internal_weight=55604.9 55428.1 15094.7 14698.1 367.943 241.012 117.115 40333.4 2299.61 1451.32 923.044 821.105 696.878 431.719
internal_count=37483 36196 21154 20713 288 186 87 15042 941 648 365 303 244 172
is_linear=0
shrinkage=0.05


Tree=137
num_leaves=15
num_cat=0
split_feature=6 3 7 6 6 3 7 7 2 3 3 6 3 3
split_gain=41.6399 27.7591 26.4063 46.8911 35.713 33.2772 32.1206 61.3759 165.905 40.509 32.4935 61.761 108.033 30.0095
threshold=1.0000000180025095e-35 52.500000000000007 427.77000000000004 74.500000000000014 58.000000000000007 28.500000000000004 489.3300000000001 509.00000000000006 9.5000000000000018 1.0000000180025095e-35 6.5000000000000009 213.00000000000003 12.500000000000002 17.500000000000004
decision_type=2 2 2 2 2 2 2 2 2 2 2 2 2 2
left_child=-1 2 3 4 -2 6 -4 8 9 -8 -9 13 -13 -12
right_child=1 -3 5 -5 -6 -7 7 10 -10 -11 11 12 -14 -15
leaf_value=-0.024121187449711756 0.00033546150236478319 -0.023790231939216814 -0.0059433541017617046 0.0030336309157788627 -0.018187277260579424 -0.013638504332966496 0.017835693873814614 -0.00072312062414677252 -0.024146753733209181 0.049362561281953266 -0.00049418169853264156 0.040405378748897873 -0.0075701506179265679 0.0072691460507526345
leaf_weight=170.32867653667927 582.0974292755127 114.48253703117371 2254.5757128000259 12970.110141634941 465.36316025257111 457.35875797271729 224.09072136878967 31558.493866682053 176.89636540412903 196.83013558387756 4245.0017002224922 275.8959356546402 199.19044882059097 1755.9639908671379
leaf_count=1273 261 30 665 3124 195 175 55 29220 50 44 1730 85 81 624
internal_value=0.00020725 0.000284113 0.00033604 0.00221101 -0.00794108 -0.000299849 -0.000148994 0.000189889 0.0160192 0.0329846 -6.09846e-05 0.00316374 0.0204212 0.00178163
internal_weight=55646.7 55476.4 55361.9 14017.6 1047.46 41344.3 40886.9 38632.4 597.817 420.921 38034.5 6476.05 475.086 6000.97
internal_count=37612 36339 36309 3580 456 32729 32554 31889 149 99 31740 2520 166 2354
is_linear=0
shrinkage=0.05


Tree=138
num_leaves=15
num_cat=0
split_feature=6 3 7 7 7 2 7 6 8 8 8 6 3 1
split_gain=41.464 22.5026 24.0843 79.2882 75.7556 50.2319 47.1467 76.2867 63.4936 42.3533 86.0249 109.7 89.1537 67.473
threshold=1.0000000180025095e-35 52.500000000000007 1026.9050000000002 940.0150000000001 1113.2350000000004 19.500000000000004 1180.9350000000002 155.50000000000003 909.33000000000004 740.8950000000001 759.28000000000009 138.50000000000003 2.5000000000000004 2.5000000000000004
decision_type=2 2 2 2 2 2 2 2 2 2 2 2 2 2
left_child=-1 2 3 -2 -4 6 7 8 -6 13 11 -11 -12 -5
right_child=1 -3 4 9 5 -7 -8 -9 -10 10 12 -13 -14 -15
leaf_value=-0.02412728541260022 0.00045363718625681271 -0.023586611268722493 -0.01286681348355539 -0.0017195971874748913 0.012154515508020486 -0.018822744674012876 -0.00054291158027207668 -0.0094354238388139767 0.050577822095723181 0.0062721955879220109 0.031245065381185558 0.05820335083705111 -0.013078734422131101 0.031534834414647696
leaf_weight=171.8516014367342 27490.820538729429 94.904190540313721 1263.4813154935837 867.97431433200836 635.12239909172058 356.96435463428497 22988.330045163631 344.11015152931213 125.94454026222229 182.26278972625732 180.89872074127197 228.93393230438232 286.40354585647583 179.94300842285156
leaf_count=1309 8677 27 726 394 219 174 25462 160 29 53 80 62 101 43
internal_value=4.43969e-05 0.000121791 0.000164739 0.00114171 -0.000952938 -0.000334782 -5.70193e-05 0.0100068 0.0188016 0.0109342 0.0190012 0.0355368 0.00422871 0.00411332
internal_weight=55397.9 55226.1 55131.2 29417.2 25714 24450.5 24093.5 1105.18 761.067 1926.42 878.499 411.197 467.302 1047.92
internal_count=37516 36207 36180 9410 26770 26044 25870 408 248 733 296 115 181 437
is_linear=0
shrinkage=0.05


Tree=139
num_leaves=15
num_cat=0
split_feature=6 6 7 7 6 7 6 7 3 8 8 3 8 3
split_gain=39.4222 26.8219 27.3792 54.9319 49.7288 47.8634 50.9908 43.7319 66.8047 43.5623 111.952 68.4611 56.9483 40.8363
threshold=1.0000000180025095e-35 306.00000000000006 1026.9050000000002 1113.2350000000004 74.500000000000014 1180.9350000000002 187.50000000000003 1146.0500000000004 10.500000000000002 740.8950000000001 759.28000000000009 10.500000000000002 920.29500000000019 12.500000000000002
decision_type=2 2 2 2 2 2 2 2 2 2 2 2 2 2
left_child=-1 2 4 -4 13 6 7 -5 -9 -6 11 -11 -12 -2
right_child=1 -3 3 5 9 -7 -8 8 -10 10 12 -13 -14 -15
leaf_value=-0.02409284001583431 -0.0026496019048518039 -0.010569993212214468 -0.011257568531474912 -0.0031466423705155664 0.0013448403483139336 -0.00093064525060960676 -0.016622181775785418 0.030195074271230721 -0.0031499583157203036 0.050295124702039264 -0.0091487344052769478 0.0089134503153420561 0.0096289462485058264 -0.02029098009987601
leaf_weight=163.57987048476934 2419.4798291027546 575.26428186893463 1227.2811748981476 275.13891065120697 24031.127841949463 23101.947118014097 156.34189093112946 497.94372391700745 212.91039657592773 225.60615015029907 605.57539808750153 180.94076406955719 1188.449826002121 374.91142058372498
leaf_count=1275 1046 245 714 108 7588 25484 85 147 79 59 213 52 127 116
internal_value=4.92081e-05 0.000123096 0.00023693 -0.000959321 0.00128667 -0.000435795 0.00953223 0.0137423 0.0202555 0.00196237 0.00868773 0.0322095 0.00328271 -0.00504848
internal_weight=55236.5 55072.9 54497.7 25471.6 29026.1 24244.3 1142.33 985.993 710.854 26231.7 2200.57 406.547 1794.03 2794.39
internal_count=37338 36063 35818 26617 9201 25903 419 334 226 8039 451 111 340 1162
is_linear=0
shrinkage=0.05


Tree=140
num_leaves=15
num_cat=0
split_feature=6 7 6 5 6 6 8 7 7 7 6 6 7 3
split_gain=39.2616 29.9424 49.9092 33.9077 30.0402 44.7579 32.4863 34.2 46.2249 30.447 29.6446 27.6165 32.1537 50.6512
threshold=6.5000000000000009 427.77000000000004 86.500000000000014 1.5000000000000002 226.00000000000003 197.00000000000003 461.47500000000008 968.81500000000017 996.69500000000005 534.87000000000012 88.500000000000014 49.000000000000007 2451.9100000000003 2.5000000000000004
decision_type=2 2 2 2 2 2 2 2 2 2 2 2 2 2
left_child=-1 2 -2 4 5 6 9 -8 -9 -3 -4 12 13 -5
right_child=1 3 10 11 -6 -7 7 8 -10 -11 -12 -13 -14 -15
leaf_value=-0.020786483791410272 -0.0065851320620252856 0.003267811780054928 0.020518111840469044 0.012849951812929989 -0.011806077732774985 0.029212272466562286 -0.0083074744470089026 0.046460834445984638 0.0031878894689481049 0.026016704420683073 0.0026802568326596624 -0.0016177513162656408 -0.0020437692089139768 -0.0050140095400547039
leaf_weight=223.59171655029058 1511.8792157769203 305.50014305114746 232.59139323234558 1315.997373342514 288.64135164022446 174.01315796375275 683.43302392959595 58.461073875427246 2305.1613048613071 281.63326644897461 12215.283089399338 33621.593711078167 1661.5929250717163 563.96294575929642
leaf_count=1392 580 67 52 627 105 88 178 13 1953 64 2934 26559 2717 230
internal_value=-0.000107619 -2.20131e-05 0.00197924 -0.000699267 0.00361506 0.00479784 0.0035903 0.00150517 0.004354 0.0143074 0.00302167 -0.0011753 0.00302148 0.00749192
internal_weight=55443.3 55219.7 13959.8 41260 4096.84 3808.2 3634.19 3047.06 2363.62 587.133 12447.9 37163.1 3541.55 1879.96
internal_count=37559 36167 3566 32601 2468 2363 2275 2144 1966 131 2986 30133 3574 857
is_linear=0
shrinkage=0.05


Tree=141
num_leaves=15
num_cat=0
split_feature=6 8 8 8 3 8 3 6 3 6 2 8 3 6
split_gain=39.0895 22.1265 30.5632 112.591 81.45 31.5446 21.527 22.5567 21.3541 21.3405 21.0881 20.9431 69.91 21.2439
threshold=1.0000000180025095e-35 2635.3900000000008 2358.0200000000004 2376.1750000000006 1.5000000000000002 2550.7450000000003 5.5000000000000009 197.00000000000003 52.500000000000007 111.50000000000001 1.0000000180025095e-35 2558.6700000000005 1.0000000180025095e-35 152.50000000000003
decision_type=2 2 2 2 2 2 2 2 2 2 2 2 2 2
left_child=-1 2 8 4 -4 9 7 11 -2 -5 -11 12 -7 -13
right_child=1 -3 3 5 -6 6 -8 -9 -10 10 -12 13 -14 -15
leaf_value=-0.024081893407147087 0.00043172680435010763 -0.0021847079650558782 -0.0065210758390525179 -0.013688309556903776 0.068407515872908706 -0.0023921800182615696 -0.0080301477996073626 0.047694456148505704 -0.023500150204193011 0.0097008087405448945 -0.010409553412048089 0.013906203292213924 0.071580457340391174 -0.011891129376462816
leaf_weight=161.11049913614988 45182.225676119328 8207.7526427805424 50.939247727394104 311.3235210776329 114.31070625782013 74.072050929069519 115.49123048782349 44.971875190734863 88.405251979827881 360.59858554601669 197.78812682628632 244.74904632568359 50.742783308029175 112.80262356996536
leaf_count=1303 20287 14214 54 337 79 79 100 31 24 386 158 232 36 102
internal_value=0.000136699 0.000209617 0.000628393 0.00724494 0.0457972 0.00289597 0.0112514 0.01551 0.000382402 -0.00330883 0.00254828 0.0120509 0.0292797 0.00571575
internal_weight=55317.3 55156.2 46948.4 1677.79 165.25 1512.54 642.83 527.338 45270.6 869.71 558.387 482.367 124.815 357.552
internal_count=37422 36119 21905 1594 133 1461 580 480 20311 881 544 449 115 334
is_linear=0
shrinkage=0.05


Tree=142
num_leaves=15
num_cat=0
split_feature=7 6 7 7 8 3 8 1 0 7 3 8 3 7
split_gain=55.3956 71.0625 73.8406 53.572 33.7987 34.2103 83.3563 33.7195 40.1116 38.5637 57.7123 58.548 36.6229 31.5808
threshold=1026.9050000000002 39.500000000000007 953.87500000000011 1113.2350000000004 821.42000000000019 2.5000000000000004 803.32000000000005 14.500000000000002 11.500000000000002 1180.9350000000002 1.0000000180025095e-35 909.33000000000004 1.0000000180025095e-35 760.31000000000006
decision_type=2 2 2 2 2 2 2 2 2 2 2 2 2 2
left_child=1 -1 13 4 5 6 -2 8 9 10 -5 -12 -11 -3
right_child=3 2 -4 7 -6 -7 -8 -9 -10 12 11 -13 -14 -15
leaf_value=-0.013649955984236637 -0.0058044929551480627 0.0023252319549507622 0.012789993575357428 0.023924583522291244 -0.023403217637929789 -0.016632483889892011 0.052118668209432228 -0.01717763757059072 0.044388750855898738 -0.0029267564636832827 -0.0063340180444026537 0.02993866073055278 0.0010791120186696031 -0.0024413185274954597
leaf_weight=717.24018925428391 372.09499716758728 23938.516412317753 1561.3292760848999 384.1825315952301 397.61376655101776 376.14306449890137 69.389864325523376 305.27990281581879 44.469003438949585 12672.732545316219 615.38351261615753 130.55646240711212 10370.954645186663 4060.7657387256622
leaf_count=1621 252 6663 573 168 261 163 47 155 16 15651 212 29 9905 1911
internal_value=0.000397127 0.0018467 0.00222494 -0.0013081 -0.0115334 -0.00565395 0.00378122 -0.000799148 -0.000589188 -0.000681089 0.00831618 0.000171596 -0.00112405 0.00163362
internal_weight=56016.7 30277.9 29560.6 25738.8 1215.24 817.628 441.485 24523.6 24218.3 24173.8 1130.12 745.94 23043.7 27999.3
internal_count=37627 10768 9147 26859 723 462 299 26136 25981 25965 409 241 25556 8574
is_linear=0
shrinkage=0.05


Tree=143
num_leaves=15
num_cat=0
split_feature=6 7 6 8 8 8 5 6 7 7 5 7 6 8
split_gain=36.3568 30.6833 67.3886 37.564 52.7722 40.1088 98.6342 80.2119 66.7448 76.9751 143.975 38.8281 58.2181 34.5346
threshold=1.0000000180025095e-35 203.61000000000004 68.500000000000014 143.01500000000001 198.37500000000003 224.98500000000004 8.5000000000000018 100.50000000000001 315.48500000000007 331.00500000000005 9.5000000000000018 236.76500000000001 146.00000000000003 210.56500000000003
decision_type=2 2 2 2 2 2 2 2 2 2 2 2 2 2
left_child=-1 2 -2 -3 11 6 -6 -8 -7 10 -10 12 -5 -9
right_child=1 3 -4 4 5 8 7 13 9 -11 -12 -13 -14 -15
leaf_value=-0.024042767062326081 -0.016315401439912499 0.021124042045261887 0.0061417436915710312 -0.015225273839238405 -0.016428527906440855 -0.024394249997600641 -0.0082580585418967466 0.053819655186740735 -0.0069602875354603496 -0.00031525960270969923 0.056711061912783405 -0.013128592298827664 0.013682989617141622 0.022631569289076472
leaf_weight=152.84700011834502 361.94812607765198 197.90479278564453 3742.8322657346725 299.47198987007141 229.99679040908813 280.383544921875 156.37305808067322 137.07628560066223 186.62519645690918 47352.586696237326 162.69795680046082 1368.7796602249146 401.99112904071808 276.79332399368286
leaf_count=1293 185 27 821 84 72 115 51 41 49 33994 40 491 90 89
internal_value=-8.07155e-05 -1.21385e-05 0.00414409 -0.000346698 -0.000432324 -0.000100117 0.0109665 0.0220625 -0.000285807 -0.00014156 0.0230766 -0.00824126 0.00132093 0.0334804
internal_weight=55308.3 55155.5 4104.78 51050.7 50852.8 48782.5 800.239 570.243 47982.3 47701.9 349.323 2070.24 701.463 413.87
internal_count=37442 36149 1006 35143 35116 34451 253 181 34198 34083 89 665 174 130
is_linear=0
shrinkage=0.05


Tree=144
num_leaves=15
num_cat=0
split_feature=6 8 8 3 7 7 7 3 7 6 7 8 7 6
split_gain=35.9307 22.3113 65.1101 35.4984 44.1854 89.0046 31.1081 22.9912 38.5319 36.2092 91.8404 179.173 150.958 82.6253
threshold=1.0000000180025095e-35 2635.3900000000008 2550.7450000000003 4.5000000000000009 3452.2600000000007 3511.6700000000005 3464.9750000000008 1.0000000180025095e-35 2507.6700000000005 136.50000000000003 356.74000000000007 321.4550000000001 417.58500000000009 110.50000000000001
decision_type=2 2 2 2 2 2 2 2 2 2 2 2 2 2
left_child=-1 2 7 4 -4 6 -6 8 9 10 -2 12 13 -12
right_child=1 -3 3 -5 5 -7 -8 -9 -10 -11 11 -13 -14 -15
leaf_value=-0.024032769775159793 -0.0069088251302959315 -0.0024083861574956404 -0.0063755593144346704 -0.0061401775446654101 0.032524414152982094 0.010439377210208139 0.07963943712497161 0.0013666826550145519 -0.0077656369108114621 -0.0024248455259549451 0.0023621571238227734 0.0012748582033719519 0.055429765752143249 0.03528336345593433
leaf_weight=150.86568503454328 2499.0761139988899 8142.5015143752098 107.39728009700775 140.76133275032043 79.112237095832825 252.28652548789978 80.424113512039185 22171.10713583231 1860.028115093708 10502.933235943317 628.44042694568634 8247.4949464201927 260.06856799125671 269.05466508865356
leaf_count=1309 968 14210 101 120 70 232 61 7943 2327 5242 163 4604 48 54
internal_value=-6.01397e-05 7.50016e-06 0.000425378 0.0159601 0.0219529 0.0293284 0.057974 0.000202905 -0.000860419 -0.000285607 0.00160205 0.003866 0.0222427 0.0123722
internal_weight=55391.6 55240.7 47098.2 659.981 519.22 411.823 159.536 46438.2 24267.1 22407.1 11904.1 9405.06 1157.56 897.495
internal_count=37452 36143 21933 584 464 363 131 21349 13406 11079 5837 4869 265 217
is_linear=0
shrinkage=0.05


Tree=145
num_leaves=15
num_cat=0
split_feature=6 3 8 8 6 8 8 7 3 3 6 7 7 7
split_gain=33.7062 21.8269 21.8324 16.3825 14.9032 27.9563 37.007 36.7388 31.1775 73.1396 96.9657 25.0204 41.8962 15.6105
threshold=1.0000000180025095e-35 52.500000000000007 5521.0300000000007 31.370000000000001 246.50000000000003 636.96000000000015 570.50500000000011 784.89000000000021 13.500000000000002 1.0000000180025095e-35 271.00000000000006 347.86000000000007 277.11500000000007 1412.2650000000003
decision_type=2 2 2 2 2 2 2 2 2 2 2 2 2 2
left_child=-1 2 3 -2 -5 6 8 -8 9 11 -11 12 -6 -7
right_child=1 -3 -4 4 5 13 7 -9 -10 10 -12 -13 -14 -15
leaf_value=-0.023997380345214515 -0.023192865488251387 -0.023583384965311927 -0.0054180688095359 0.00027077305322014848 -0.0074492765628429592 -0.012995623046008401 0.04183023834554047 0.0025881292929458731 -0.013342105587701582 -0.0041168696359128636 0.041688792536960645 -0.012668198254320535 0.025434707707786764 0.0021835639876039248
leaf_weight=144.23497192561626 70.865506559610367 94.645496129989624 1902.3603963553905 50356.443041592836 301.3377366065979 833.63836431503296 93.622792720794678 152.71543776988983 480.25018179416656 239.98113894462585 216.35562491416931 601.37331342697144 136.73464465141296 210.60667741298676
leaf_count=1281 84 27 4285 30485 109 480 30 80 132 58 38 246 51 177
internal_value=-0.000266764 -0.000203154 -0.000161235 2.54998e-05 5.83435e-05 -0.00321177 -3.5843e-05 0.0180379 -0.0023288 0.0012399 0.0178167 -0.00608808 0.00298593 -0.00993842
internal_weight=55835.2 55690.9 55596.3 53693.9 53623.1 3266.62 2222.37 246.338 1976.03 1495.78 456.337 1039.45 438.072 1044.25
internal_count=37563 36282 36255 31970 31886 1401 744 110 634 502 96 406 160 657
is_linear=0
shrinkage=0.05


Tree=146
num_leaves=15
num_cat=0
split_feature=6 8 3 3 3 6 6 3 7 7 8 7 8 7
split_gain=32.8723 21.4899 20.3554 27.1203 26.2808 50.3303 33.634 31.1399 24.8289 70.3493 37.4567 53.0765 60.4286 105.295
threshold=1.0000000180025095e-35 6911.4650000000011 20.500000000000004 37.500000000000007 1.5000000000000002 271.00000000000006 291.00000000000006 8.5000000000000018 823.66500000000008 882.08000000000004 2129.7900000000004 254.29000000000002 224.98500000000004 293.90500000000003
decision_type=2 2 2 2 2 2 2 2 2 2 2 2 2 2
left_child=-1 2 4 -4 6 -6 8 -7 10 -10 11 -2 13 -13
right_child=1 -3 3 -5 5 7 -8 -9 9 -11 -12 12 -14 -15
leaf_value=-0.023961452417275896 -0.0049660955529909588 -0.0070629652556233203 -0.0077783614817519943 0.0028233800042865242 0.0014424774466064536 0.028833502352399756 -0.013785109614797817 0.0025108337163539827 -0.015991126423709159 -0.00082878175051418466 0.019688741405618812 0.0064274060801313556 0.0015691086626906472 0.051933147970208642
leaf_weight=138.05652645975351 2938.8476939499378 1040.4707249104977 1729.4620875716209 921.64358389377594 19062.031571656466 270.31465315818787 463.49633014202118 191.56645441055298 795.41131520271301 17316.490568548441 267.34251546859741 592.44514298439026 9547.6394127607346 157.50330924987793
leaf_count=1256 1082 2365 592 167 8424 67 244 48 458 18866 29 200 3524 39
internal_value=-2.44193e-05 3.75064e-05 0.000174315 -0.00409434 0.000393993 0.00184012 -0.000486295 0.0180599 -0.000289181 -0.00149889 0.00133329 0.000955261 0.00264676 0.0162651
internal_weight=55432.7 55294.7 54254.2 2651.11 51603.1 19523.9 32079.2 461.881 31615.7 18111.9 13503.8 13236.4 10297.6 749.948
internal_count=37361 36105 33740 759 32981 8539 24442 115 24198 19324 4874 4845 3763 239
is_linear=0
shrinkage=0.05


Tree=147
num_leaves=15
num_cat=0
split_feature=6 6 7 8 7 6 7 6 5 4 7 3 4 7
split_gain=33.78 24.2902 29.2445 65.1137 44.3317 30.6207 42.4545 55.7255 69.14 33.4603 30.2867 66.23 132.744 29.1425
threshold=1.0000000180025095e-35 238.50000000000003 2862.9900000000002 2208.4800000000005 3211.9500000000003 77.500000000000014 3072.7800000000002 146.00000000000003 9.5000000000000018 1.5000000000000002 2796.4400000000005 3.5000000000000004 1.5000000000000002 2651.7350000000001
decision_type=2 2 2 2 2 2 2 2 2 2 2 2 2 2
left_child=-1 2 10 -4 5 -5 -7 8 -8 -9 13 -12 -13 -2
right_child=1 -3 3 4 -6 6 7 9 -10 -11 11 12 -14 -15
leaf_value=-0.023982997272220148 0.00093656312957377549 -0.0038368321880853425 -0.018934339581059875 -0.014601336925788673 -0.0020155031705260088 0.001227845507460417 0.018882974904190615 -0.0094309250529157271 0.084275436632001169 0.037026382074521969 -0.0019468094569804221 0.085504472890257532 -0.0069826825146491458 -0.012908878039466824
leaf_weight=141.69858105108142 39992.710654050112 3757.0292371213436 533.45401656627655 100.02091240882874 9549.5025205314159 310.62004142999649 100.78607535362244 113.46383047103882 67.170549273490906 52.78205406665802 232.04388850927353 74.070522785186768 74.799384713172913 378.72464734315872
leaf_count=1313 16653 1608 642 107 15818 295 72 99 71 37 253 30 51 441
internal_value=-2.16233e-05 4.18944e-05 0.00032476 -0.00198437 -0.00109726 0.0106103 0.0146033 0.0268335 0.0467155 0.00596941 0.000938459 0.0148795 0.0403176 0.000805096
internal_weight=55478.9 55337.2 51580.1 10827.8 10294.3 744.843 644.823 334.203 167.957 166.246 40752.3 380.914 148.87 40371.4
internal_count=37490 36177 34569 17141 16499 681 574 279 143 136 17428 334 81 17094
is_linear=0
shrinkage=0.05


Tree=148
num_leaves=15
num_cat=0
split_feature=6 3 8 8 8 6 6 8 3 3 8 6 8 3
split_gain=32.2334 23.5409 22.5439 59.8295 78.3551 44.1443 52.5836 76.5458 50.6299 79.4859 39.3231 75.1493 52.635 44.2778
threshold=1.0000000180025095e-35 52.500000000000007 278.09500000000008 328.97500000000008 339.03000000000003 86.500000000000014 140.00000000000003 321.4550000000001 4.5000000000000009 15.500000000000002 168.71000000000001 68.500000000000014 175.87000000000003 18.500000000000004
decision_type=2 2 2 2 2 2 2 2 2 2 2 2 2 2
left_child=-1 2 10 5 -5 -4 8 -8 -7 -10 11 -2 -12 -14
right_child=1 -3 3 4 -6 6 7 -9 9 -11 12 -13 13 -15
leaf_value=-0.023960559089794223 -0.024322474694445657 -0.023664021379203072 -0.0079317806119564484 -0.024455180145875166 -6.2558002381017129e-05 0.026800752550802616 -0.0018674762696786027 0.027110788082300663 -0.012095096798027165 0.016161976568386908 -0.01959719954732125 0.0045490913631916164 -0.0014447734676145269 -0.014068619856554075
leaf_weight=137.90950696542859 239.96593141555786 101.54107916355133 496.50342375040054 326.86697816848755 41331.708150863647 538.75627446174622 1653.1524362564087 259.23049736022949 338.49681997299194 904.31976771354675 534.77655863761902 2819.32907807827 4860.367546916008 805.7456521987915
leaf_count=1311 175 30 164 148 32403 89 272 53 49 109 176 735 1475 295
internal_value=-0.000245093 -0.00018369 -0.000138284 0.000316268 -0.000256862 0.00600744 0.0078892 0.00212109 0.0140576 0.00844818 -0.00238782 0.00224846 -0.00467516 -0.00325076
internal_weight=55348.7 55210.8 55109.2 45849 41658.6 4190.46 3693.96 1912.38 1781.57 1242.82 9260.18 3059.3 6200.89 5666.11
internal_count=37484 36173 36143 33287 32551 736 572 325 247 158 2856 910 1946 1770
is_linear=0
shrinkage=0.05


Tree=149
num_leaves=15
num_cat=0
split_feature=6 8 8 8 6 3 3 1 6 3 6 3 6 8
split_gain=32.2985 31.715 77.1383 63.4563 43.5047 64.5896 69.2402 65.3649 55.4825 40.3507 36.3387 49.8162 44.225 42.7018
threshold=1.0000000180025095e-35 328.97500000000008 339.03000000000003 278.09500000000008 74.500000000000014 1.5000000000000002 14.500000000000002 2.5000000000000004 194.00000000000003 19.500000000000004 105.50000000000001 12.500000000000002 121.50000000000001 168.71000000000001
decision_type=2 2 2 2 2 2 2 2 2 2 2 2 2 2
left_child=-1 3 -3 10 -5 -6 7 -7 9 -8 -2 12 13 -12
right_child=1 2 -4 4 5 6 8 -9 -10 -11 11 -13 -14 -15
leaf_value=-0.023929366022974123 -0.0053032528381800571 -0.024453322734519112 -0.00019166956764325063 -0.0089721807823583272 0.018693404106886035 -0.016771521032414912 0.028275453827693572 0.011435763027851674 -0.010088111298763245 0.0093460434361013842 0.037697309627276888 -0.0047011414921756083 0.0024827832825214937 0.0093771559518632756
leaf_weight=132.95582808554173 2331.5828769803047 325.22672986984253 41503.682972162962 362.28985863924026 1193.7809352874756 568.87603998184204 376.77673625946045 315.53321743011475 274.77093267440796 1109.0834641456604 163.31477522850037 2000.8574204444885 3984.966034412384 665.17084288597107
leaf_count=1299 865 151 32373 143 211 91 39 41 59 157 43 486 1230 198
internal_value=0.000233602 0.00029399 -0.000383208 0.00241565 0.00749849 0.00906257 0.00468883 -0.00670021 0.0104126 0.0142248 7.80495e-05 0.00192185 0.00467692 0.0151524
internal_weight=55308.9 55175.9 41828.9 13347 4201.11 3838.82 2645.04 884.409 1760.63 1485.86 9145.89 6814.31 4813.45 828.486
internal_count=37386 36087 32524 3563 741 598 387 132 255 196 2822 1957 1471 241
is_linear=0
shrinkage=0.05


Tree=150
num_leaves=15
num_cat=0
split_feature=8 3 5 7 1 1 1 7 7 8 7 2 3 2
split_gain=24.0672 21.6207 21.3448 26.8655 44.4682 61.5279 57.6187 34.5583 70.3492 53.9882 96.4691 45.5174 28.2943 31.3005
threshold=6911.4650000000011 52.500000000000007 4.5000000000000009 203.61000000000004 12.500000000000002 11.500000000000002 9.5000000000000018 664.44500000000005 606.44000000000017 551.23500000000013 751.4000000000002 23.500000000000004 16.500000000000004 19.500000000000004
decision_type=2 2 2 2 2 2 2 2 2 2 2 2 2 2
left_child=1 2 3 -1 5 6 7 8 -5 -9 -11 -12 -6 -14
right_child=-2 -3 -4 4 12 -7 -8 9 -10 10 11 -13 13 -15
leaf_value=0.0090828934431292554 -0.0073794045508224623 -0.023531073928755319 -0.00028088915586288216 0.0053870507095428941 -0.015005644600187482 0.024518765765145379 -0.016195962341919289 -0.019535838619162846 0.0349699345132038 0.061875410241949702 0.0011647134055105242 0.044289591154746656 0.0084772789965256896 -0.0057938744577377037
leaf_weight=1226.8339028358459 1056.5641386806965 90.630236268043518 41650.470185644925 1685.2836989164352 516.61484515666962 313.63776469230652 403.20372703671455 292.37756991386414 223.6677143573761 62.172229528427124 5878.0604017078876 56.83763062953949 525.65086078643799 1388.4122341871262
leaf_count=147 2424 29 28993 336 142 59 116 80 46 11 4478 18 110 409
internal_value=7.66266e-05 0.000222334 0.000264202 0.00206935 0.00130731 0.00294175 0.00214121 0.00305237 0.00893551 0.00126105 0.0022904 0.00161465 -0.00468122 -0.00186277
internal_weight=55370.4 54313.9 54223.2 12572.8 11345.9 8915.24 8601.6 8198.4 1908.95 6289.45 5997.07 5934.9 2430.68 1914.06
internal_count=37398 34974 34945 5952 5805 5144 5085 4969 382 4587 4507 4496 661 519
is_linear=0
shrinkage=0.05


Tree=151
num_leaves=15
num_cat=0
split_feature=6 4 7 7 6 6 7 1 2 2 7 7 1 2
split_gain=33.5323 19.8648 18.3793 60.3607 37.0498 62.3464 49.2301 48.0584 36.3891 74.4046 34.4058 57.1614 34.5586 33.9984
threshold=6.5000000000000009 3.5000000000000004 465.33500000000009 481.17000000000002 226.00000000000003 168.50000000000003 384.84500000000008 5.5000000000000009 24.500000000000004 22.500000000000004 347.86000000000007 315.48500000000007 2.5000000000000004 14.500000000000002
decision_type=2 2 2 2 2 2 2 2 2 2 2 2 2 2
left_child=-1 2 4 -4 5 6 -2 -8 9 13 11 -6 -12 -5
right_child=1 -3 3 8 10 -7 7 -9 -10 -11 12 -13 -14 -15
leaf_value=-0.020374560058394046 -0.00097847536076487557 -0.020319074631561768 -0.019441483360473182 0.00029990459921787197 -0.0041208264939797548 0.0094716193859964853 0.0091175937865156046 -0.0084157000135082673 -0.018167030471682163 0.037985627038811365 -0.021548295730598386 0.028881720373076503 0.0016129510438519065 -0.0073216267974251766
leaf_weight=191.22990277409554 8207.4804968833923 111.21378433704376 398.53273510932922 36943.062852263451 879.86374425888062 2714.292737364769 2577.6880326867104 456.45650315284729 268.8039733171463 124.33471500873566 459.54148817062378 149.04942202568054 245.514035820961 1518.5719233751297
leaf_count=1393 2242 86 141 31073 265 622 523 73 113 37 132 42 51 535
internal_value=0.000257761 0.00033127 0.000374915 -0.000203288 0.00182108 0.00267782 0.00103397 0.00647038 -3.48628e-06 0.000125385 -0.00506229 0.000776509 -0.0135285 -1.92715e-06
internal_weight=55245.6 55054.4 54943.2 39253.3 15689.9 13955.9 11241.6 3034.14 38854.8 38586 1733.97 1028.91 705.056 38461.6
internal_count=37328 35935 35849 31899 3950 3460 2838 596 31758 31645 490 307 183 31608
is_linear=0
shrinkage=0.05


Tree=152
num_leaves=15
num_cat=0
split_feature=6 8 6 8 2 2 5 6 6 8 8 8 8 6
split_gain=31.4357 25.0361 84.8391 66.5266 28.3108 50.8462 24.7982 21.1265 21.5341 38.3166 33.9265 42.2082 58.7432 36.7262
threshold=1.0000000180025095e-35 168.71000000000001 68.500000000000014 175.87000000000003 19.500000000000004 10.500000000000002 2.5000000000000004 306.00000000000006 114.50000000000001 4777.0800000000008 1120.9950000000001 1016.7100000000002 1056.1500000000003 100.50000000000001
decision_type=2 2 2 2 2 2 2 2 2 2 2 2 2 2
left_child=-1 2 -2 -3 5 -4 -6 8 10 -10 11 13 -13 -5
right_child=1 3 4 7 6 -7 -8 -9 9 -11 -12 12 -14 -15
leaf_value=-0.023893262803466594 -0.024296177479225134 -0.017574940811471648 0.0064501250301942066 0.0022264099674426758 0.0081381260401971085 0.027263688328217652 -0.012379178257882109 -0.010058709367566065 0.0016328669311891668 -0.011104077865448881 -0.0029423104972943121 0.037520156291588246 0.0050933967842430195 -0.003766467543385295
leaf_weight=127.63466593623161 227.8815895318985 515.26158928871155 2037.0521488189697 7644.9346207380295 271.76276385784149 339.08005380630493 310.19027554988861 473.93568813800812 28897.58965703845 597.84396001696587 9506.3344272971153 170.20846211910248 699.28715217113495 3834.667816400528
leaf_count=1296 174 169 598 2630 59 38 67 209 16256 1397 13079 59 296 1203
internal_value=0.000419708 0.000477741 0.00477748 0.000215583 0.00705444 0.00947129 -0.00281022 0.000394141 0.000491584 0.00137286 -0.000697805 0.00103051 0.0116193 0.00022377
internal_weight=55653.7 55526 3185.97 52340.1 2958.09 2376.13 581.953 51824.8 51350.9 29495.4 21855.4 12349.1 869.496 11479.6
internal_count=37530 36234 936 35298 762 636 126 35129 34920 17653 17267 4188 355 3833
is_linear=0
shrinkage=0.05


Tree=153
num_leaves=15
num_cat=0
split_feature=1 6 7 7 6 6 7 8 7 8 2 8 8 7
split_gain=40.8019 29.3927 20.3638 31.45 21.352 20.0674 53.4237 66.2877 39.1696 70.9091 74.8025 41.643 44.9358 28.1941
threshold=23.500000000000004 1.0000000180025095e-35 6098.5400000000009 5819.0700000000006 77.500000000000014 74.500000000000014 356.74000000000007 300.24000000000007 901.99000000000012 1120.9950000000001 1.5000000000000002 1016.7100000000002 730.84500000000014 203.61000000000004
decision_type=2 2 2 2 2 2 2 2 2 2 2 2 2 2
left_child=1 -1 3 5 -4 6 -3 -8 -9 10 11 12 -10 -7
right_child=-2 2 4 -5 -6 13 7 8 9 -11 -12 -13 -14 -15
leaf_value=-0.023866683979482831 -0.024124645155059941 -0.014888227091991356 0.001067412886577987 0.01286105033716929 -0.0070930332289543853 0.0045906972059221599 0.03625412355618382 -0.008288005991197115 0.03290762666962041 -0.0035944550275461653 -0.0062937427464859162 0.035245384155363081 0.0030011190471351101 0.00014146650384611094
leaf_weight=123.97231248766184 171.18905931711197 756.9069736301899 1351.3186007142067 486.48292076587677 1961.2658013105392 3892.834571480751 113.26695537567139 1559.2186520695686 171.21569257974625 2708.6642818450928 438.69649219512939 266.73103249073029 441.42382001876831 41164.163957417011
leaf_count=1296 60 374 2912 724 4457 794 42 622 69 3023 141 85 174 22683
internal_value=-0.00010141 -2.50566e-05 3.05325e-05 0.000272822 -0.00376751 0.000152704 -0.00245326 -0.000790182 -0.00157308 0.0010341 0.0105236 0.0189014 0.0115579 0.000526338
internal_weight=55607.4 55436.2 55312.2 51999.6 3312.58 51513.1 6456.12 5699.22 5585.95 4026.73 1318.07 879.371 612.64 45057
internal_count=37456 37396 36100 28731 7369 28007 4530 4156 4114 3492 469 328 243 23477
is_linear=0
shrinkage=0.05


Tree=154
num_leaves=15
num_cat=0
split_feature=6 4 6 1 6 2 8 8 6 8 8 8 8 8
split_gain=29.1167 18.3451 40.1568 49.0894 29.5055 28.4525 27.4319 53.0523 42.9478 181.821 33.0126 76.6999 69.3362 44.7734
threshold=1.0000000180025095e-35 1.0000000180025095e-35 271.00000000000006 8.5000000000000018 271.00000000000006 4.5000000000000009 990.93500000000006 920.29500000000019 154.50000000000003 945.96500000000003 856.85500000000013 740.8950000000001 766.31500000000017 584.86500000000012
decision_type=2 2 2 2 2 2 2 2 2 2 2 2 2 2
left_child=-1 4 -3 5 6 -4 7 10 -9 -10 11 13 -13 -2
right_child=1 2 3 -5 -6 -7 -8 8 9 -11 -12 12 -14 -15
leaf_value=-0.023843587500688549 0.0011079873601092455 0.00087359540493761156 0.011783774677693693 -0.01041533757867724 -0.011983352761404231 0.03727059614128455 -0.0023187870721469608 0.0057089840201208315 0.090865613110742927 0.0019749157305882317 -0.0092740141667186915 0.041148292018613503 0.0073461799175830915 -0.0061880381567329676
leaf_weight=120.95020445436239 11764.717883914709 25699.304126620293 294.73327147960663 156.24309813976288 557.36926436424255 176.54865384101868 11390.766228377819 796.42597234249115 77.321244835853577 191.76580500602722 877.28383028507233 193.16050910949707 660.85392081737518 2555.1397489309311
leaf_count=1300 4284 13772 81 46 311 36 14751 325 29 125 469 87 379 1413
internal_value=0.000169556 0.000224137 0.0011801 0.0136264 -0.000641825 0.0216225 -0.000418017 0.000847212 0.0116244 0.028709 0.000128399 0.000674879 0.0151865 -0.000195572
internal_weight=55512.6 55391.6 26326.8 627.525 29064.8 471.282 28507.4 17116.7 1065.51 269.087 16051.2 15173.9 854.014 14319.9
internal_count=37408 36108 13935 163 22173 117 21862 7111 479 154 6632 6163 466 5697
is_linear=0
shrinkage=0.05


Tree=155
num_leaves=15
num_cat=0
split_feature=1 6 8 8 7 8 7 7 1 6 8 3 7 8
split_gain=28.9209 27.4989 21.6762 39.1565 27.6362 33.2277 41.7132 35.3576 40.176 42.646 43.2032 32.4509 31.9645 51.2674
threshold=24.500000000000004 1.0000000180025095e-35 2635.3900000000008 2550.7450000000003 3393.7550000000006 2358.0200000000004 2862.9900000000002 2999.2300000000005 1.0000000180025095e-35 101.50000000000001 2436.0300000000002 1.5000000000000002 2796.4400000000005 2076.4000000000001
decision_type=2 2 2 2 2 2 2 2 2 2 2 2 2 2
left_child=1 -1 3 4 5 6 12 -7 9 -9 11 -11 -3 -14
right_child=-2 2 -4 -5 -6 7 -8 8 -10 10 -12 -13 13 -15
leaf_value=-0.023787816845158211 -0.023839176386265377 0.00057713826711768728 -0.0021327610881164824 0.012637176057816377 -0.012194869113121846 -0.02052348034515249 -0.0085785947220944868 -0.006178523968584356 -0.0037002336586884781 0.024782226437096502 0.0044123924352535903 0.065154148220476202 -0.020812071344713103 0.024124904861536872
leaf_weight=114.20549350976944 120.38904547691345 43581.418923020363 8111.8511967360973 668.24638551473618 420.35838496685028 70.281593084335327 1239.5115240812302 84.762992203235626 175.99013966321945 109.3716127872467 91.579555332660675 104.73296165466309 75.689739942550659 304.96636897325516
leaf_count=1258 45 18442 14231 587 460 78 1378 89 136 111 87 60 91 237
internal_value=0.000146589 0.000201102 0.000253035 0.00066563 0.000491344 0.000609 0.000448559 0.0119067 0.0160749 0.0249224 0.033507 0.045567 0.000704026 0.0150356
internal_weight=55273.4 55153 55038.8 46926.9 46258.7 45838.3 45201.6 636.719 566.437 390.447 305.684 214.105 43962.1 380.656
internal_count=37290 37245 35987 21756 21169 20709 20148 561 483 347 258 171 18770 328
is_linear=0
shrinkage=0.05


Tree=156
num_leaves=15
num_cat=0
split_feature=6 7 7 7 7 5 6 2 7 5 5 7 3 3
split_gain=28.079 22.221 49.9737 36.2182 48.6402 43.6792 40.2855 38.1068 36.186 37.1941 32.8839 62.2697 94.9161 51.2363
threshold=1.0000000180025095e-35 751.4000000000002 853.62500000000011 725.68000000000006 703.34500000000014 8.5000000000000018 109.50000000000001 11.500000000000002 843.21500000000015 10.500000000000002 9.5000000000000018 891.27500000000009 8.5000000000000018 13.500000000000002
decision_type=2 2 2 2 2 2 2 2 2 2 2 2 2 2
left_child=-1 3 8 4 -2 7 -7 -5 9 -3 11 12 -4 -13
right_child=1 2 10 5 -6 6 -8 -9 -10 -11 -12 13 -14 -15
leaf_value=-0.02380806096321901 0.0012741859260323128 -0.013058575502033629 -0.00045872428081374138 -0.011431095517743505 -0.019492635636156014 0.040924903822862263 0.0097719678421046632 0.015636493197942924 -0.024388964041822551 0.00033753185643603734 -0.0013902190212962814 0.002779556332511575 0.05244853414968266 -0.0069167755215119048
leaf_weight=116.56852818280458 22217.124714225531 889.09767997264862 190.89825344085693 276.69118690490723 280.60092151165009 173.30270409584045 258.69425332546234 236.54116058349609 276.95760655403137 1231.7146451473236 17814.588002204895 9530.8704790472984 147.36130428314209 1584.6252648830414
leaf_count=1308 6268 334 62 64 144 44 75 44 169 660 19239 8266 41 693
internal_value=0.000195327 0.000248255 -0.000615587 0.00141499 0.0010109 0.010977 0.0225947 0.00107446 -0.00754748 -0.00529596 -4.65085e-05 0.00204313 0.0230183 0.00139476
internal_weight=55225.6 55109.1 31666.1 23443 22497.7 945.229 431.997 513.232 2397.77 2120.81 29268.3 11453.8 338.26 11115.5
internal_count=37411 36103 29464 6639 6412 227 119 108 1163 994 28301 9062 103 8959
is_linear=0
shrinkage=0.05


Tree=157
num_leaves=15
num_cat=0
split_feature=6 7 8 8 7 3 3 7 8 7 7 8 7 5
split_gain=29.3807 23.0329 44.4317 34.9864 59.2614 65.5728 120.738 63.0594 41.9025 44.7732 30.6566 56.5358 28.4498 57.1929
threshold=6.5000000000000009 760.31000000000006 610.97500000000014 636.96000000000015 795.21500000000003 18.500000000000004 11.500000000000002 853.62500000000011 655.7600000000001 843.21500000000015 882.08000000000004 663.5200000000001 725.68000000000006 10.500000000000002
decision_type=2 2 2 2 2 2 2 2 2 2 2 2 2 2
left_child=-1 12 -3 4 -4 6 7 -6 9 -5 -10 -12 -2 -14
right_child=1 2 3 8 5 -7 -8 -9 10 -11 11 -13 13 -15
leaf_value=-0.020044287100015667 0.00078333068527394821 -0.010012854953254866 -0.014895087005386066 0.018992927636243259 0.044365859764553914 -0.015596800238455747 0.068559779575175964 0.0025018411396566086 -0.015325654396706648 -0.019195320127627757 0.025281945424741228 -0.00051549711728073283 -0.0013814312368335114 0.01923275434415405
leaf_weight=177.6855411529541 22765.989269793034 1265.4930636882782 203.78892052173615 85.687982797622681 110.24144637584686 138.42284166812897 109.29762816429138 412.99062323570251 339.51603412628174 522.89763832092285 209.00692796707153 27916.387738764286 718.91105842590332 626.47687327861786
leaf_count=1385 6403 650 114 33 53 54 23 179 165 287 81 27658 176 201
internal_value=-2.5653e-05 4.03263e-05 -0.000854023 -0.000466694 0.0088267 0.0151527 0.0219515 0.0116588 -0.000779736 -0.0137075 -0.000500979 -0.00031933 0.00120177 0.00825319
internal_weight=55602.8 55425.1 31313.7 30048.2 974.741 770.953 632.53 523.232 29073.5 608.586 28464.9 28125.4 24111.4 1345.39
internal_count=37462 36077 29297 28647 423 309 255 232 28224 320 27904 27739 6780 377
is_linear=0
shrinkage=0.05


Tree=158
num_leaves=15
num_cat=0
split_feature=6 7 7 7 4 7 5 7 2 2 5 4 1 1
split_gain=25.6637 16.1387 74.2006 52.3115 53.7566 85.1314 52.8843 51.7515 53.342 52.0036 97.0561 31.7066 35.7579 44.4925
threshold=1.0000000180025095e-35 1026.9050000000002 1113.2350000000004 940.0150000000001 1.0000000180025095e-35 1018.2750000000001 4.5000000000000009 1180.9350000000002 8.5000000000000018 4.5000000000000009 11.500000000000002 1.0000000180025095e-35 14.500000000000002 11.500000000000002
decision_type=2 2 2 2 2 2 2 2 2 2 2 2 2 2
left_child=-1 3 -3 -2 5 -5 -6 8 9 10 -4 -9 13 -13
right_child=1 2 7 4 6 -7 -8 11 -10 -11 -12 12 -14 -15
leaf_value=-0.023746563362081738 0.00017944729888305666 -0.013002439547651498 -0.011609851491553249 0.026737529643387804 0.011566766450992579 -0.011930966168556748 -0.010832479383608727 -0.002618442441824069 -0.013419872306486613 0.034394255652143928 0.024099146228774612 0.0011428253516079659 -0.018282706831740957 0.029122679269829532
leaf_weight=109.66344475373626 27880.247835278511 1218.8403423428535 344.79965102672577 645.11111640930176 568.52808725833893 179.06662237644196 482.55095863342285 12494.498531073332 203.0869961977005 241.93138933181763 413.45107197761536 10243.468298524618 227.81643551588058 139.09390610456467
leaf_count=1289 8658 729 124 286 150 105 162 15620 79 52 173 9835 125 55
internal_value=-0.000116369 -6.73504e-05 -0.000989595 0.000723868 0.00879601 0.0183149 0.00128066 -0.000384706 0.0097029 0.0144414 0.0078915 -0.00091204 0.00109766 0.00153151
internal_weight=55392.2 55282.5 25527 29755.5 1875.26 824.178 1051.08 24308.1 1203.27 1000.18 758.251 23104.9 10610.4 10382.6
internal_count=37442 36153 26792 9361 703 391 312 26063 428 349 297 25635 10015 9890
is_linear=0
shrinkage=0.05


Tree=159
num_leaves=15
num_cat=0
split_feature=6 8 6 4 1 8 7 1 1 2 7 7 8 7
split_gain=25.1235 20.2321 29.3985 18.5736 16.7994 17.3621 14.2464 12.6449 57.9055 160.539 46.4262 118.769 41.4976 69.3107
threshold=1.0000000180025095e-35 4887.9700000000012 87.500000000000014 3.5000000000000004 24.500000000000004 31.370000000000001 7123.6950000000006 3.5000000000000004 4.5000000000000009 5.5000000000000009 1568.9400000000003 1750.2450000000001 977.99500000000012 1146.0500000000004
decision_type=2 2 2 2 2 2 2 2 2 2 2 2 2 2
left_child=-1 3 -3 4 5 -2 -4 -7 9 10 -9 -12 13 -10
right_child=1 2 6 -5 -6 7 -8 8 12 -11 11 -13 -14 -15
leaf_value=-0.023717096032275297 -0.023238819155030455 0.0012303394158116659 -0.020956232956342913 -0.02151869046679163 -0.016904776386836545 5.648062177615941e-05 -0.0070890366413228923 -0.0071421524595426042 0.00088823515376143004 0.057470831826447577 0.08427023751948981 -0.0032874612469798469 -0.0082894694141095546 0.022030836060567917
leaf_weight=106.62538633495569 73.057556718587875 1239.2301681637764 220.7007312476635 92.912401527166367 136.85727292299271 45552.169759422541 1104.0131160616875 386.47974145412445 4768.9533247947693 169.65527802705765 50.675289511680603 126.10073482990265 1045.4450358748436 416.98258101940155
leaf_count=1283 90 2735 518 73 48 28157 2651 103 986 41 18 128 554 102
internal_value=-2.02255e-05 2.75333e-05 -0.0043056 0.000238259 0.000278635 0.000324956 -0.00946946 0.000359945 0.00234339 0.0155877 0.00257767 0.0234397 0.00077439 0.00260782
internal_weight=55489.9 55383.2 2563.94 52819.3 52726.4 52589.5 1324.71 52516.5 6964.29 732.911 563.256 176.776 6231.38 5185.94
internal_count=37487 36204 5904 30300 30227 30179 3169 30089 1932 290 249 146 1642 1088
is_linear=0
shrinkage=0.05


Tree=160
num_leaves=15
num_cat=0
split_feature=8 6 3 7 6 7 7 6 8 6 7 6 4 8
split_gain=29.2244 25.4292 22.8551 22.3494 47.6053 34.6455 35.1367 62.9063 40.6005 39.6407 30.9578 70.8807 50.8167 29.3162
threshold=75.225000000000009 107.50000000000001 52.500000000000007 632.11500000000012 35.500000000000007 650.81000000000006 664.44500000000005 109.50000000000001 535.15000000000009 242.50000000000003 738.22500000000014 130.50000000000003 1.0000000180025095e-35 491.55500000000006
decision_type=2 2 2 2 2 2 2 2 2 2 2 2 2 2
left_child=1 -1 3 4 -2 -5 7 -7 9 13 11 12 -10 -8
right_child=2 -3 -4 5 -6 6 8 -9 10 -11 -12 -13 -14 -15
leaf_value=-0.024278410069053069 -0.01921362863729973 -0.0021559341887131592 -0.023592479864481028 -0.016095695014970345 0.0018668916222367559 -0.011545437911769277 -0.00050109830206913366 0.029633768026674334 0.052918854825565458 0.020731109853431261 -0.00041187329764442407 -0.0088642286050073706 0.012257028382959907 -0.019602845638349527
leaf_weight=220.37017188966274 266.41113071888685 309.20818305015564 95.378221154212952 346.99193632602692 20362.131904125214 143.61276826262474 296.05623626708984 246.07206559181213 108.49658566713333 88.812798976898193 32225.065764017403 262.71917247772217 251.81041145324707 621.46066266298294
leaf_count=503 862 77 30 139 5357 91 125 55 84 37 29705 78 50 353
internal_value=0.000131956 -0.0115026 0.000244373 0.000287677 0.00159005 -0.000489117 -0.000328651 0.0145038 -0.000501497 -0.0103689 -0.000197667 0.0107969 0.0250579 -0.0134754
internal_weight=55844.6 529.578 55315 55219.6 20628.5 34591.1 34244.1 389.685 33854.4 1006.33 32848.1 623.026 360.307 917.517
internal_count=37546 580 36966 36936 6219 30717 30578 146 30432 515 29917 212 134 478
is_linear=0
shrinkage=0.05


Tree=161
num_leaves=15
num_cat=0
split_feature=6 7 7 7 3 3 7 7 7 6 6 8 5 5
split_gain=24.2006 22.2257 76.9071 60.7001 41.4109 86.7793 69.042 57.003 45.0488 39.8988 57.8889 51.8114 195.864 64.7573
threshold=1.0000000180025095e-35 1026.9050000000002 1113.2350000000004 953.87500000000011 13.500000000000002 9.5000000000000018 1180.9350000000002 1146.0500000000004 1487.5850000000003 81.500000000000014 95.500000000000014 730.84500000000014 11.500000000000002 3.5000000000000004
decision_type=2 2 2 2 2 2 2 2 2 2 2 2 2 2
left_child=-1 3 -3 -2 5 6 7 -4 -7 -5 -11 13 -13 -12
right_child=1 2 4 9 -6 8 -8 -9 -10 10 11 12 -14 -15
leaf_value=-0.023663919306546394 0.00057429493908212211 -0.013154916297600886 -0.0050983418770611157 -0.013883542279188097 -0.008704792599634293 0.035359573974893359 -0.00083142807066772801 0.022409311739540364 0.0071120858383391695 0.047001024609793073 0.030641416750106044 0.0040474068806077984 0.060161127994569887 -0.011708137726866333
leaf_weight=101.53172978758812 28169.167038112879 1213.4102428555489 274.9740434885025 147.94981741905212 1370.1858326196671 244.61681663990021 21300.009484499693 581.89630722999573 332.31029149889946 110.88629627227783 110.8115599155426 641.68623542785645 200.6014289855957 404.57960629463196
leaf_count=1273 8798 729 114 41 653 75 24729 182 204 34 27 187 77 210
internal_value=0.000144177 0.000190188 -0.000898908 0.0011159 -0.000279333 0.000230279 -0.000270241 0.0136036 0.0192899 0.010523 0.0130205 0.010083 0.0176878 -0.00239586
internal_weight=55204.6 55103.1 25317.4 29785.7 24104 22733.8 22156.9 856.87 576.927 1616.51 1468.57 1357.68 842.288 515.391
internal_count=37333 36060 26686 9374 25957 25304 25025 296 279 576 535 501 264 237
is_linear=0
shrinkage=0.05


Tree=162
num_leaves=15
num_cat=0
split_feature=6 6 8 8 7 8 3 3 7 2 8 7 7 7
split_gain=23.3758 23.5071 24.3241 32.5684 82.8198 51.722 30.0285 26.9064 32.8633 39.0132 35.648 55.4838 23.0218 36.4609
threshold=1.0000000180025095e-35 238.50000000000003 766.31500000000017 500.37500000000006 760.31000000000006 730.84500000000014 8.5000000000000018 7.5000000000000009 347.86000000000007 2.5000000000000004 359.74000000000007 534.87000000000012 277.11500000000007 203.61000000000004
decision_type=2 2 2 2 2 2 2 2 2 2 2 2 2 2
left_child=-1 -2 3 7 -5 6 -6 8 12 10 -10 -12 13 -3
right_child=1 2 -4 4 5 -7 -8 -9 9 -11 11 -13 -14 -15
leaf_value=-0.023657645623324588 0.00012713316652463417 0.012743954226210842 -0.011380642209594973 0.034212726359915561 -0.015432895834170174 0.034803215312283683 0.016379951475086259 -0.012614138721411983 -0.022589811562505627 0.017441162723939634 0.027925659368783381 -0.012836455884101657 0.022944661683512575 -0.017627184102891654
leaf_weight=100.96128364652395 51934.551804482937 264.45113325119019 848.18372884392738 201.19471061229706 375.37523865699768 72.544087886810303 87.798326253890991 733.76814687252045 363.01221942901611 133.96585965156555 112.98228180408478 280.51661801338196 177.61312818527222 151.0863082408905
leaf_count=1289 34680 82 556 59 247 28 28 197 116 21 32 143 61 57
internal_value=-0.000195488 -0.000150871 -0.00394304 -0.00179207 0.00728254 -0.00305423 -0.00929198 -0.00481746 -0.000931987 -0.00699056 -0.0114031 -0.000929208 0.00814595 0.00162295
internal_weight=55838 55737 3802.49 2954.31 736.912 535.718 463.174 2217.4 1483.63 890.477 756.511 393.499 593.151 415.537
internal_count=37596 36307 1627 1071 362 303 275 709 512 312 291 175 200 139
is_linear=0
shrinkage=0.05


Tree=163
num_leaves=15
num_cat=0
split_feature=6 8 4 7 6 7 4 6 6 8 7 8 5 6
split_gain=23.4953 21.3087 19.0183 33.8186 42.5075 27.3033 24.9362 68.2855 42.7371 33.543 54.1688 50.6157 43.977 44.5784
threshold=1.0000000180025095e-35 6911.4650000000011 2.5000000000000004 2451.9100000000003 144.50000000000003 3452.2600000000007 1.0000000180025095e-35 271.00000000000006 291.00000000000006 1016.7100000000002 1353.4900000000002 1101.1250000000002 6.5000000000000009 144.50000000000003
decision_type=2 2 2 2 2 2 2 2 2 2 2 2 2 2
left_child=-1 2 6 -4 -5 -6 8 9 -2 10 -8 12 -11 -14
right_child=1 -3 3 4 5 -7 7 -9 -10 11 -12 -13 13 -15
leaf_value=-0.02362454598801168 -0.00023650979421262664 -0.0068431070637343001 -0.012205535460892356 -0.0065659966775603847 0.061495457847918079 0.0085120711176586636 0.00034192149859092427 0.018200239801326259 -0.01603347921704662 0.0054941133941701151 -0.019881058963917654 0.0024924540795697413 0.042900792049061914 0.0075727881163595084
leaf_weight=98.050002850592136 28138.416063159704 1027.6911568939686 705.89499700069427 168.79946729540825 43.354007244110107 52.710533648729324 15547.470819294453 605.60768187046051 429.77027761936188 505.30416572093964 333.333988904953 7683.9065448343754 211.65634119510651 156.22886514663696
leaf_count=1281 20504 2417 326 231 32 76 3899 154 244 190 127 7792 72 66
internal_value=0.000228069 0.000272245 0.000406829 -0.00651107 0.00861034 0.0342829 0.000532689 0.00168426 -0.000476918 0.00127133 -8.86775e-05 0.00379388 0.0151668 0.0282009
internal_weight=55708.2 55610.1 54582.5 970.759 264.864 96.0645 53611.7 25043.5 28568.2 24437.9 15880.8 8557.1 873.189 367.885
internal_count=37411 36130 33713 665 339 108 33048 12300 20748 12146 4026 8120 328 138
is_linear=0
shrinkage=0.05


Tree=164
num_leaves=15
num_cat=0
split_feature=2 2 8 1 2 2 6 8 1 1 8 8 8 8
split_gain=30.7767 38.966 49.3668 49.1287 38.216 83.0011 80.3135 69.3782 33.0433 30.9263 69.6918 41.6403 34.524 25.4086
threshold=19.500000000000004 16.500000000000004 278.09500000000008 14.500000000000002 11.500000000000002 12.500000000000002 143.50000000000003 429.21500000000009 9.5000000000000018 19.500000000000004 143.01500000000001 278.09500000000008 265.54000000000002 300.24000000000007
decision_type=2 2 2 2 2 2 2 2 2 2 2 2 2 2
left_child=1 3 -3 4 8 7 13 -6 -1 12 -11 -12 -2 -7
right_child=9 2 -4 -5 5 6 -8 -9 -10 10 11 -13 -14 -15
leaf_value=0.00018070336614401771 -0.021303050523144174 0.031283279783554864 0.0037981877320737746 -0.021922927852339499 0.0028780440298997556 0.02173235708390777 -0.015139356292923635 0.041297025041747044 -0.015344346608278865 0.022281976244434121 -0.021796030619708601 -0.00051833682732024117 -0.0051001226545272574 0.0035289614348276602
leaf_weight=48066.797695562243 427.23298442363739 217.30583846569061 622.8639742732048 244.16113674640656 203.39794707298279 306.93385648727417 482.53258985280991 275.88898086547852 340.19498458504677 294.80416619777679 266.70544183254242 1497.3756296634674 1395.1696490049362 503.64063304662704
leaf_count=35593 137 23 149 70 33 39 133 61 92 55 102 314 347 163
internal_value=7.77885e-05 0.000402966 0.0110501 0.000224483 0.000334421 0.00753505 0.000919109 0.025191 7.00228e-05 -0.00421212 -9.98478e-06 -0.00378775 -0.00894653 0.0105129
internal_weight=55145 51263.7 840.17 50423.5 50179.4 1772.39 1293.11 479.287 48407 3881.29 2058.89 1764.08 1822.4 810.574
internal_count=37311 36356 172 36184 36114 429 335 94 35685 955 471 416 484 202
is_linear=0
shrinkage=0.05


Tree=165
num_leaves=15
num_cat=0
split_feature=1 6 3 8 6 8 3 3 1 6 2 2 6 8
split_gain=23.6596 21.8051 18.0372 16.4401 71.0657 69.6828 29.7035 50.5963 47.4161 28.5178 41.3283 62.3688 37.4158 56.9722
threshold=23.500000000000004 1.0000000180025095e-35 52.500000000000007 168.71000000000001 68.500000000000014 175.87000000000003 15.500000000000002 4.5000000000000009 17.500000000000004 242.50000000000003 12.500000000000002 6.5000000000000009 175.50000000000003 377.81000000000006
decision_type=2 2 2 2 2 2 2 2 2 2 2 2 2 2
left_child=1 -1 3 4 -3 -5 7 -6 -8 12 11 -11 -7 -14
right_child=-2 2 -4 5 6 9 8 -9 -10 10 -12 -13 13 -15
leaf_value=-0.023589501624669478 -0.018523397710545866 -0.024257678843757895 -0.023355477446097221 -0.017980370528987644 0.0049717975728072452 -0.00046869751225610832 -0.010534425354934575 0.025417535736860064 0.012004107362793245 -0.0053552440204553643 -0.020507903117416584 0.020643410791967517 0.011605422963005577 0.00080793275744935164
leaf_weight=95.13711129128933 173.26989793777466 212.19603902101517 79.236253380775452 553.35963451862335 1542.7349442243576 42137.866286754608 591.30932819843292 372.61899423599243 378.4605827331543 2273.6329563260078 370.84130454063416 251.72881627082825 1657.540535569191 4610.330676317215
leaf_count=1278 59 165 23 183 507 30246 122 36 71 1159 115 56 401 3101
internal_value=-0.000337489 -0.000278654 -0.000236215 -0.000200758 0.00333487 -0.000412242 0.00540271 0.0090052 -0.00172212 -0.000221013 -0.00503605 -0.00272802 6.75699e-05 0.00367031
internal_weight=55300.3 55127 55031.9 54952.6 3097.32 51855.3 2885.12 1915.35 969.77 51301.9 2896.2 2525.36 48405.7 6267.87
internal_count=37522 37463 36185 36162 901 35261 736 543 193 35078 1330 1215 33748 3502
is_linear=0
shrinkage=0.05


Tree=166
num_leaves=15
num_cat=0
split_feature=6 3 2 2 7 2 2 2 7 3 6 7 7 2
split_gain=22.6689 19.3933 29.4357 19.472 19.5162 17.3458 17.4715 60.9345 84.1687 54.9226 49.5916 41.5032 47.3989 38.7013
threshold=1.0000000180025095e-35 52.500000000000007 38.500000000000007 24.500000000000004 446.63500000000005 22.500000000000004 19.500000000000004 16.500000000000004 370.09000000000003 28.500000000000004 213.00000000000003 751.4000000000002 534.87000000000012 14.500000000000002
decision_type=2 2 2 2 2 2 2 2 2 2 2 2 2 2
left_child=-1 2 3 5 -5 6 7 9 -9 13 11 12 -8 -2
right_child=1 -3 -4 4 -6 -7 10 8 -10 -11 -12 -13 -14 -15
leaf_value=-0.023595979285395807 0.00039951204433689655 -0.023405848056144402 0.014802624637399259 0.0020351305980791986 -0.020082276957710254 0.015567508441582688 -0.0012628538509345693 0.032927999953062503 0.0011894777881039584 -0.021115318425827687 -0.021871273916486397 -0.015874168959104151 0.021327873503806619 -0.012431056875654281
leaf_weight=95.663084790110588 49584.170925438404 82.217130899429321 337.50565505027771 170.85157752037048 231.81254410743713 177.54295289516449 2062.5250710248947 333.90361845493317 545.53183490037918 297.68240189552307 324.32697737216949 410.86893898248672 256.58784508705139 589.77515709400177
leaf_count=1311 34731 27 45 56 100 48 375 32 143 98 97 183 48 167
internal_value=0.000109931 0.000152987 0.00019011 9.90798e-05 -0.0107879 0.000180375 0.000128736 0.000347395 0.013358 0.000119393 -0.00354206 -0.00132851 0.0012771 0.00024747
internal_weight=55501 55405.3 55323.1 54985.6 402.664 54582.9 54405.4 51351.1 879.435 50471.6 3054.31 2729.98 2319.11 50173.9
internal_count=37461 36150 36123 36078 156 35922 35874 35171 175 34996 703 606 423 34898
is_linear=0
shrinkage=0.05


Tree=167
num_leaves=15
num_cat=0
split_feature=7 7 2 2 7 7 5 8 7 8 8 8 8 7
split_gain=21.7525 34.4595 59.7224 98.3834 59.5161 52.1489 50.5841 37.3322 31.052 39.985 40.899 47.8966 40.4386 30.3577
threshold=1304.0800000000002 1146.0500000000004 13.500000000000002 4.5000000000000009 1058.0850000000003 1217.1800000000001 11.500000000000002 920.29500000000019 953.87500000000011 766.31500000000017 740.8950000000001 759.28000000000009 713.94000000000017 1225.0200000000002
decision_type=2 2 2 2 2 2 2 2 2 2 2 2 2 2
left_child=1 4 3 5 8 6 -3 -5 -1 10 12 -12 -10 -7
right_child=-2 2 -4 7 -6 13 -8 -9 9 -11 11 -13 -14 -15
leaf_value=0.00022365245587903693 -0.0013985826827956392 -0.0022996206006150213 -0.01719208818421877 0.03894998215923734 -0.010275804504547568 -0.019516050807039213 0.022969458322639236 0.009545286393587607 0.017504381640207425 -0.0092245649079120955 0.032067955514402904 0.0052332683484216901 -0.0047007314076879317 0.00069584871723946552
leaf_weight=28551.520115919411 21455.072569847107 333.40508663654327 240.39778614044189 310.52812147140503 1298.7549463510513 244.21755599975586 479.82772243022919 170.25017881393433 310.92237949371338 316.96365869045258 350.45051670074463 316.80076456069946 579.94804310798645 728.55778789520264
leaf_count=10128 24961 108 99 68 739 136 207 56 116 146 80 118 259 357
internal_value=-0.000150516 0.000631794 0.00626883 0.00878928 0.000185394 0.00335271 0.012659 0.0287428 0.000633543 0.00685767 0.0101483 0.0194609 0.00310351 -0.00445225
internal_weight=55687.6 34232.5 2507.18 2266.79 31725.4 1786.01 813.233 480.778 30426.6 1875.09 1558.12 667.251 890.87 972.775
internal_count=37578 12617 1031 932 11586 808 315 124 10847 719 573 198 375 493
is_linear=0
shrinkage=0.05


Tree=168
num_leaves=15
num_cat=0
split_feature=8 3 7 7 8 3 8 5 5 8 5 7 7 3
split_gain=18.12 17.3329 16.8148 46.9266 40.8397 49.1675 58.9937 57.9599 45.7877 29.47 90.4264 67.735 46.3241 53.1646
threshold=31.370000000000001 52.500000000000007 236.76500000000001 254.29000000000002 143.01500000000001 1.0000000180025095e-35 168.71000000000001 6.5000000000000009 2.5000000000000004 224.98500000000004 8.5000000000000018 315.48500000000007 293.90500000000003 6.5000000000000009
decision_type=2 2 2 2 2 2 2 2 2 2 2 2 2 2
left_child=-1 2 4 -4 -2 6 -6 8 -7 10 -5 -11 13 -12
right_child=1 -3 3 9 5 7 -8 -9 -10 11 12 -13 -14 -15
leaf_value=-0.02334295244255696 -0.0024005185127200929 -0.023279357903689669 -0.010834253246544285 -0.011474391572760043 0.038275642823377712 -0.0034969037668112334 0.009183470190593573 -0.014051323209105163 0.015951475878563572 -0.024399568565981359 0.0025174867098031461 -0.00011671060254068886 0.034876132965703528 0.036531544541420706
leaf_weight=78.526385698467493 2131.7286711037159 75.099203705787659 1025.6633723974228 442.33829748630524 213.27377533912659 558.65753841400146 892.43286211788654 442.59438729286194 651.53898406028748 283.91599678993225 575.47648513317108 47789.498221509159 234.07631158828735 138.80752730369568
leaf_count=372 945 24 381 118 52 67 348 81 70 117 304 34518 51 36
internal_value=-7.21872e-05 -3.71334e-05 -3.51659e-06 -0.000274762 0.00279441 0.00680606 0.0149419 0.00133456 0.00699616 -5.47326e-05 0.00710753 -0.000262645 0.0157893 0.00933547
internal_weight=55533.6 55455.1 55380 50489.8 4890.23 2758.5 1105.71 1652.79 1210.2 49464.1 1390.7 48073.4 948.36 714.284
internal_count=37484 37112 37088 35525 1563 618 400 218 137 35144 509 34635 391 340
is_linear=0
shrinkage=0.05


Tree=169
num_leaves=15
num_cat=0
split_feature=6 4 3 6 3 7 6 6 2 2 6 6 6 8
split_gain=21.3332 17.2694 18.8169 40.6139 53.2405 62.8574 31.3527 31.2079 49.6228 31.5027 25.8612 24.8115 33.7329 37.7711
threshold=1.0000000180025095e-35 3.5000000000000004 1.0000000180025095e-35 271.00000000000006 13.500000000000002 632.11500000000012 271.00000000000006 213.00000000000003 12.500000000000002 8.5000000000000018 30.500000000000004 49.000000000000007 45.500000000000007 675.61000000000013
decision_type=2 2 2 2 2 2 2 2 2 2 2 2 2 2
left_child=-1 2 6 7 5 -5 11 10 9 -9 -4 12 13 -2
right_child=1 -3 3 4 -6 -7 -8 8 -10 -11 -12 -13 -14 -15
leaf_value=-0.0235408433766418 -0.011317697562220851 -0.019670176434095993 -0.0099232826567148685 0.043026753935354003 -0.0039857336083842362 0.0030737481592448186 -0.012159986610447518 -0.0044809867630765934 -0.021217503698791815 0.019074822883383993 0.0013694159657940122 -0.0010348342827886492 0.016868484404469013 0.0052434035789271976
leaf_weight=91.355341367423534 440.85103100538254 106.28832021355629 513.19102075695992 211.25415849685669 267.22576630115509 182.22516644001007 592.83564925193787 848.83864015340805 403.15163671970367 165.2380485534668 23542.908484190702 26172.308023005724 430.85436397790909 1507.142015337944
leaf_count=1289 262 90 616 27 75 65 337 400 126 32 12357 19658 329 1779
internal_value=-3.46078e-05 6.28681e-06 4.58962e-05 0.00101998 0.0132118 0.0247948 -0.000827606 0.000701223 -0.00649596 -0.000567945 0.0011265 -0.000590213 0.00429347 0.00147607
internal_weight=55475.7 55384.3 55278 26134 660.705 393.479 29144 25473.3 1417.23 1014.08 24056.1 28551.2 2378.85 1947.99
internal_count=37442 36153 36063 13698 167 92 22365 13531 558 432 12973 22028 2370 2041
is_linear=0
shrinkage=0.05


Tree=170
num_leaves=15
num_cat=0
split_feature=6 3 8 2 2 2 2 8 8 6 6 8 3 8
split_gain=19.5095 18.8044 15.4858 59.7817 78.0596 36.0559 51.9747 33.5323 70.8551 37.305 27.8691 50.7793 43.3126 41.4322
threshold=1.0000000180025095e-35 52.500000000000007 278.09500000000008 18.500000000000004 16.500000000000004 14.500000000000002 13.500000000000002 328.97500000000008 339.03000000000003 74.500000000000014 122.50000000000001 321.4550000000001 6.5000000000000009 300.24000000000007
decision_type=2 2 2 2 2 2 2 2 2 2 2 2 2 2
left_child=-1 2 3 4 5 6 -2 9 -9 -4 12 -12 -11 -14
right_child=1 -3 7 -5 -6 -7 -8 8 -10 10 11 -13 13 -15
leaf_value=-0.023476496385999662 -0.0017041321409432134 -0.023427213187821306 -0.011673800989376551 -0.013732973023371337 0.033754269858931644 -0.024110579145149542 0.022769185768617611 -0.024422851077136362 -0.0002533539481862049 0.021685682306729834 0.00020553064745866708 0.022923201725649482 0.013158582007429323 -0.0097480316764209669
leaf_weight=86.772000461816788 7740.8644797503948 83.546157598495483 338.89864867925644 1002.0162372589111 155.01332712173462 167.74073171615601 218.20361733436584 300.46800255775452 41465.451972335577 573.82783436775208 2422.5870575904846 268.78996729850769 473.42001342773438 331.45433235168457
leaf_count=1253 2464 28 138 305 13 29 28 142 32324 94 368 54 55 50
internal_value=-0.00044179 -0.000403693 -0.0003669 -0.00222965 -0.000830422 -0.00151045 -0.0010193 7.82197e-06 -0.000430134 0.00415234 0.00548282 0.00251266 0.0112509 0.00372349
internal_weight=55629.1 55542.3 55458.7 9283.84 8281.82 8126.81 7959.07 46174.9 41765.9 4408.98 4070.08 2691.38 1378.7 804.874
internal_count=37345 36092 36064 2839 2534 2521 2492 33225 32466 759 621 422 199 105
is_linear=0
shrinkage=0.05


Tree=171
num_leaves=15
num_cat=0
split_feature=3 7 4 2 2 7 4 5 2 2 2 7 2 1
split_gain=17.3537 16.4088 15.989 13.4226 77.4875 43.1969 21.3233 26.6173 38.0107 53.5252 27.4296 60.6407 31.1035 23.5633
threshold=52.500000000000007 10072.535000000002 3.5000000000000004 22.500000000000004 24.500000000000004 446.63500000000005 1.5000000000000002 4.5000000000000009 19.500000000000004 10.500000000000002 5.5000000000000009 1225.0200000000002 6.5000000000000009 12.500000000000002
decision_type=2 2 2 2 2 2 2 2 2 2 2 2 2 2
left_child=1 2 3 6 -5 -6 7 13 9 10 -9 -12 -13 -1
right_child=-2 -3 -4 4 5 -7 -8 8 -10 -11 11 12 -14 -15
leaf_value=0.0047094790907572168 -0.023260355845458488 -0.007042445166901886 -0.019309955380026243 0.037024258459221249 0.0080592622192256873 -0.017297850870342499 -0.0026508223656256224 0.00015331086976801657 -0.011248333652980084 0.012985244564562541 -0.019137993815072776 -0.012282430619139492 0.024960628213189864 -0.001452352967184604
leaf_weight=6121.6702625751495 74.129057645797729 772.21292129158974 99.025020718574524 162.7211846113205 485.26659178733826 250.48273503780365 5805.784253269434 37456.074682824314 729.42284047603607 800.88500052690506 508.79492247104645 84.59601217508316 148.12638327479362 2075.007229924202
leaf_count=3240 27 1826 84 41 92 107 3217 27680 179 184 140 46 83 423
internal_value=0.000138244 0.000171589 0.000274013 0.000311277 0.00635509 -0.000631948 0.000209631 0.000556399 2.10264e-05 0.000233222 -3.58128e-05 -0.00952601 0.011449 0.00314966
internal_weight=55574.2 55500.1 54727.9 54628.8 898.471 735.749 53730.4 47924.6 39727.9 38998.5 38197.6 741.517 232.722 8196.68
internal_count=37369 37342 35516 35432 240 199 35192 31975 28312 28133 27949 269 129 3663
is_linear=0
shrinkage=0.05


Tree=172
num_leaves=15
num_cat=0
split_feature=8 6 8 1 8 8 6 6 6 8 8 8 5 3
split_gain=26.0233 88.9403 61.1548 20.7332 18.9916 17.1447 35.1816 28.3105 50.6024 49.3167 28.491 26.011 25.07 19.0037
threshold=168.71000000000001 74.500000000000014 175.87000000000003 24.500000000000004 6911.4650000000011 75.225000000000009 166.50000000000003 151.50000000000003 141.50000000000003 99.155000000000015 143.01500000000001 88.825000000000003 4.5000000000000009 19.500000000000004
decision_type=2 2 2 2 2 2 2 2 2 2 2 2 2 2
left_child=1 -1 -2 4 -4 6 -3 8 10 11 13 -9 -11 -7
right_child=2 5 3 -5 -6 7 -8 9 -10 12 -12 -13 -14 -15
leaf_value=-0.021123341486567943 -0.017309068967170136 -0.013024214703252308 0.00029542701229732946 -0.023492008820615209 -0.0065690582217680753 0.0093814356554942392 0.017687923595592566 0.003327563500850607 0.037722597810255984 -0.0024347550989793666 -0.003911088575364592 -0.02036204455271114 0.018528037876731265 0.025669277649745883
leaf_weight=298.33768353611231 503.5168125629425 259.64490479230881 50404.538788408041 87.836584568023682 1023.1453257799149 612.47190403938293 139.03930282592773 212.50128746032715 185.62815952301025 208.1837831735611 282.98620843887329 246.64330434799194 440.69530177116394 254.8915867805481
leaf_count=804 174 84 33106 39 2440 145 41 66 48 36 67 79 97 46
internal_value=0.000212385 0.00462829 -5.46762e-05 0.000115633 0.000158234 0.00736324 -0.00222708 0.00892904 0.0138173 0.00299956 0.00981319 -0.00948028 0.0118352 0.0142876
internal_weight=55160.1 3141.02 52019 51515.5 51427.7 2842.69 398.684 2444 1335.98 1108.02 1150.35 459.145 648.879 867.363
internal_count=37272 1513 35759 35585 35546 709 125 584 306 278 258 145 133 191
is_linear=0
shrinkage=0.05


Tree=173
num_leaves=15
num_cat=0
split_feature=6 7 7 8 4 6 4 4 7 6 6 5 7 7
split_gain=20.6367 18.7663 34.9231 21.9564 20.0195 19.7696 19.1737 18.8576 30.5057 22.2431 18.7426 16.9634 15.4901 26.8169
threshold=1.0000000180025095e-35 6098.5400000000009 5819.0700000000006 4487.9900000000007 3.5000000000000004 177.50000000000003 1.5000000000000002 1.0000000180025095e-35 5960.8650000000007 108.50000000000001 77.500000000000014 8.5000000000000018 4614.9600000000009 4549.4750000000013
decision_type=2 2 2 2 2 2 2 2 2 2 2 2 2 2
left_child=-1 2 4 7 12 6 11 8 9 -4 -3 -5 13 -2
right_child=1 10 3 5 -6 -7 -8 -9 -10 -11 -12 -13 -14 -15
leaf_value=-0.023504064710044785 0.0002311138438509546 0.00079002564138493591 0.069043969167355168 0.077224065697755126 -0.023452520048335538 -0.0079825602343770782 0.0050682035328345493 -0.0046424378775615123 -0.0091240172337582505 0.016496287586776941 -0.0068943114674783861 0.029416831265064586 -0.004603011944405727 0.024949301365494524
leaf_weight=88.681160524487495 49855.544621348381 1358.197223842144 29.34574681520462 30.022338449954987 85.17380279302597 29.080630362033844 37.617197811603546 186.91457235813141 57.026803970336914 59.709270179271698 1900.4493606388569 64.574524700641632 1669.761313021183 104.96994572877884
leaf_count=1312 25295 2951 45 42 61 41 57 272 86 90 4437 94 2638 141
internal_value=-5.65347e-05 -1.69324e-05 0.000212976 0.0133732 8.59116e-05 0.028234 0.0362005 0.0058638 0.0190155 0.0365619 -0.00369519 0.0477046 0.00012701 0.00028554
internal_weight=55557.1 55468.4 52209.7 494.291 51715.4 161.295 132.214 332.996 146.082 89.055 3258.65 94.5969 51630.3 49960.5
internal_count=37562 36250 28862 727 28135 234 193 493 221 135 7388 136 28074 25436
is_linear=0
shrinkage=0.05


Tree=174
num_leaves=15
num_cat=0
split_feature=1 7 1 1 7 1 6 6 7 7 6 7 2 6
split_gain=21.1883 44.4685 41.3878 48.5304 79.2693 53.9026 29.5768 40.5885 24.2069 34.9086 44.7208 36.3847 75.4965 28.6598
threshold=17.500000000000004 996.69500000000005 13.500000000000002 11.500000000000002 823.66500000000008 9.5000000000000018 129.50000000000003 117.50000000000001 164.04500000000004 203.61000000000004 177.50000000000003 254.29000000000002 17.500000000000004 105.50000000000001
decision_type=2 2 2 2 2 2 2 2 2 2 2 2 2 2
left_child=2 6 3 5 -5 8 7 -2 13 10 -10 12 -11 -1
right_child=1 -3 -4 4 -6 -7 -8 -9 9 11 -12 -13 -14 -15
leaf_value=-0.012864978167501326 0.007045841541966108 -0.018134455819260389 -0.012509238574004112 0.00074720610549774817 0.038589763863139767 -0.01888346866358584 0.0016845420087704583 0.030632133300129722 0.002343764967327004 -0.011420058914002149 0.029795508934762318 0.00030219203439390668 0.025368636375317933 -0.0014101628115160028
leaf_weight=757.61513172462583 690.65716242790222 192.78700643777847 666.60133451223373 394.74811887741089 208.25060576200485 377.47968888282776 1287.6904878616333 245.15861022472382 443.02313733100891 1339.1620470285416 218.78392362594604 46342.25849968195 150.86600518226624 1928.2144310474396
leaf_count=1089 116 106 176 63 57 112 272 38 109 476 35 34266 28 453
internal_value=3.3477e-05 0.00460713 -0.000176137 -1.7338e-05 0.0140263 -0.000182932 0.00661518 0.0133548 -4.31746e-05 0.000212938 0.0115743 5.45489e-05 -0.0076228 -0.00465922
internal_weight=55243.3 2416.29 52827 52160.4 602.999 51557.4 2223.51 935.816 51179.9 48494.1 661.807 47832.3 1490.03 2685.83
internal_count=37396 532 36864 36688 120 36568 426 154 36456 34914 144 34770 504 1542
is_linear=0
shrinkage=0.05


Tree=175
num_leaves=15
num_cat=0
split_feature=8 6 8 7 6 8 3 3 3 3 7 7 6 8
split_gain=23.5019 80.954 63.7307 56.0277 60.5715 46.1908 27.6116 23.0146 30.8293 26.0719 20.8247 102.389 57.5399 44.7158
threshold=168.71000000000001 68.500000000000014 175.87000000000003 164.04500000000004 100.50000000000001 110.59500000000001 12.500000000000002 31.500000000000004 38.500000000000007 29.500000000000004 101.55500000000002 118.41500000000001 142.50000000000003 75.225000000000009
decision_type=2 2 2 2 2 2 2 2 2 2 2 2 2 2
left_child=1 -1 -2 5 -5 10 -6 9 -9 -4 13 -12 -13 -3
right_child=2 3 7 4 6 -7 -8 8 -10 -11 11 12 -14 -15
leaf_value=-0.024289711035977615 -0.017441769312651272 0.0051690908883874516 0.00027015997873277577 0.035112247030239574 0.015612049577342963 -0.024117907332493017 0.00018143600071345451 -0.018102815776725126 -0.00056138301701648137 0.017929559180145681 0.041130008660408147 0.013588747094476314 -0.014087277139172903 -0.024180598210614225
leaf_weight=225.09061321616173 512.6512268781662 399.16036111116409 50441.340358160436 263.99799346923828 644.68576335906982 169.52021527290344 523.73952770233154 392.55689203739166 677.96632730960846 204.87822949886322 178.81261205673218 362.64385759830475 378.92764186859131 186.38685941696167
leaf_count=764 178 126 35400 53 125 59 95 131 105 61 53 92 118 62
internal_value=0.000274936 0.00434244 1.49815e-05 0.00645183 0.0136939 0.000237894 0.00872562 0.000189694 -0.00704802 0.00034336 0.00305032 0.00772386 -0.000552761 -0.00429891
internal_weight=55562.4 3332.97 52229.4 3107.87 1432.42 1675.45 1168.43 51716.7 1070.52 50646.2 1505.93 920.384 741.571 585.547
internal_count=37422 1547 35875 783 273 510 220 35697 236 35461 451 263 210 188
is_linear=0
shrinkage=0.05


Tree=176
num_leaves=15
num_cat=0
split_feature=3 3 6 3 8 5 3 3 6 8 6 6 6 6
split_gain=20.6088 20.799 34.3493 50.4182 38.833 28.0845 59.7356 28.4006 21.8577 20.1364 26.6499 19.7579 18.9349 18.047
threshold=52.500000000000007 1.0000000180025095e-35 271.00000000000006 13.500000000000002 481.60500000000008 11.500000000000002 15.500000000000002 12.500000000000002 257.50000000000006 4887.9700000000012 97.500000000000014 22.000000000000004 190.50000000000003 1.0000000180025095e-35
decision_type=2 2 2 2 2 2 2 2 2 2 2 2 2 2
left_child=1 9 5 4 -4 8 7 12 11 13 -11 -3 -7 -1
right_child=-2 2 3 -5 -6 6 -8 -9 -10 10 -12 -13 -14 -15
leaf_value=-0.023375842444558793 -0.023483114701407473 -0.012934818291269671 0.037524435412719319 -0.0056711694086582359 0.006678936668413335 0.0027480945270495082 0.027205154652934889 -0.022670504592093833 -0.011754020363118789 -3.5618186943720605e-05 -0.013108111750159319 0.0008556968322589913 0.028635364098321389 -0.00035757265832688938
leaf_weight=80.416513361036777 87.223201036453247 257.65587171912193 214.29967641830444 238.97760367393494 195.7142893075943 858.90236431360245 304.87462449073792 98.831025719642639 352.48058712482452 818.76530884206295 739.30781057476997 23400.685612201691 72.137845814228058 27754.589782088995
leaf_count=1266 29 331 26 69 70 623 75 28 116 1910 1849 12341 34 18619
internal_value=0.000133381 0.000172688 0.00120287 0.012517 0.0230586 0.000910756 0.00795617 0.00215394 0.000517531 -0.000738435 -0.00626062 0.000702807 0.00489611 -0.00042826
internal_weight=55474.9 55387.6 25994.6 648.992 410.014 25345.6 1334.75 1029.87 24010.8 29393.1 1558.07 23658.3 931.04 27835
internal_count=37386 37357 13713 165 96 13548 760 685 12788 23644 3759 12672 657 19885
is_linear=0
shrinkage=0.05


Tree=177
num_leaves=15
num_cat=0
split_feature=6 3 3 3 2 2 2 6 3 3 1 2 2 6
split_gain=18.6218 15.8482 16.0527 31.6957 21.0919 43.9755 20.7436 15.6877 15.2741 19.3775 39.636 34.7696 70.754 38.2572
threshold=1.0000000180025095e-35 52.500000000000007 37.500000000000007 34.500000000000007 24.500000000000004 22.500000000000004 20.500000000000004 124.50000000000001 30.500000000000004 16.500000000000004 14.500000000000002 11.500000000000002 12.500000000000002 155.50000000000003
decision_type=2 2 2 2 2 2 2 2 2 2 2 2 2 2
left_child=-1 2 3 4 5 6 8 -6 9 10 11 -2 -13 -14
right_child=1 -3 -4 -5 7 -7 -8 -9 -10 -11 -12 12 13 -15
leaf_value=-0.023407729766849808 -0.00069406712984484498 -0.023186015238536781 0.0063054897703584663 -0.019579276445339733 -0.0010758048660805383 0.023546503085051802 -0.018955992047404432 -0.023781004115488436 -0.015655668931430486 0.0025755933543259004 -0.021933861129477553 0.02328808977165928 0.0054072169023249711 -0.015895995080962254
leaf_weight=82.332564694806933 46067.716942369938 70.549257397651672 907.93945038318634 209.12358736991882 141.25853359699249 188.77772569656372 143.8346032500267 161.12878614664078 155.69448733329773 5558.7632940411568 210.56450176239014 457.91294574737549 824.26797699928284 277.55569207668304
leaf_count=1310 33860 25 147 58 52 47 58 67 56 1384 61 82 204 75
internal_value=-0.000337472 -0.00030106 -0.000269774 -0.000380091 -0.000304197 -0.000229674 -0.000315447 -0.0133644 -0.000263616 -0.000217274 -0.00054204 -0.000445173 0.00688479 -6.75091e-06
internal_weight=55457.4 55375.1 55304.5 54396.6 54187.5 53885.1 53696.3 302.387 53552.5 53396.8 47838 47627.5 1559.74 1101.82
internal_count=37486 36176 36151 36004 35946 35827 35780 119 35722 35666 34282 34221 361 279
is_linear=0
shrinkage=0.05


Tree=178
num_leaves=15
num_cat=0
split_feature=3 3 1 3 7 8 2 2 1 8 7 8 7 1
split_gain=18.2774 19.4187 26.0852 19.2127 16.9047 38.2087 19.1151 113.082 22.7035 19.973 52.7716 48.8253 57.0845 46.1083
threshold=52.500000000000007 37.500000000000007 23.500000000000004 36.500000000000007 1535.7450000000001 1161.4150000000002 22.500000000000004 24.500000000000004 18.500000000000004 1016.7100000000002 1380.4750000000001 1101.1250000000002 1353.4900000000002 2.5000000000000004
decision_type=2 2 2 2 2 2 2 2 2 2 2 2 2 2
left_child=1 2 3 4 6 -6 9 -8 -9 10 -1 12 -11 -14
right_child=-2 -3 -4 -5 5 -7 7 8 -10 11 -12 -13 13 -15
leaf_value=0.000525318312109975 -0.023329050134872572 0.0072572891562034799 -0.02374766513303446 -0.023398200383937879 -0.014445256765628368 -0.00071665587016758476 0.047265255947073148 -0.019691201614700775 0.0091371675544373778 -0.022497435034618388 -0.017688302394133795 -0.0025326942407659547 0.018433733837482515 -0.0051173836256924255
leaf_weight=33388.336848376319 77.752360224723816 949.42303204536438 109.78022879362106 81.751023888587952 517.3557380437851 17067.982050567865 138.89646124839783 155.40018248558044 114.94625353813171 112.56702840328217 397.48722362518311 1227.2139737010002 1076.1582016944885 254.95216608047485
leaf_count=12682 29 151 50 20 349 22745 29 58 37 110 229 470 491 92
internal_value=0.000151859 0.000186795 6.32916e-05 0.000113398 0.000150843 -0.00112454 0.000759279 0.0114397 -0.00749058 0.000637835 0.000308451 0.00479606 0.0110132 0.0139206
internal_weight=55670 55592.3 54642.8 54533 54451.3 17585.3 36866 409.243 270.346 36456.7 33785.8 2670.89 1443.68 1331.11
internal_count=37542 37513 37362 37312 37292 23094 14198 124 95 14074 12911 1163 693 583
is_linear=0
shrinkage=0.05


Tree=179
num_leaves=15
num_cat=0
split_feature=0 6 4 6 3 6 3 3 5 6 4 4 3 1
split_gain=18.7775 18.6187 14.976 12.2409 11.6776 40.2221 28.3245 49.3426 34.4857 34.3778 33.3899 32.8735 46.9302 23.6179
threshold=14.500000000000002 1.0000000180025095e-35 3.5000000000000004 148.50000000000003 9.5000000000000018 93.500000000000014 12.500000000000002 15.500000000000002 1.5000000000000002 154.50000000000003 1.5000000000000002 1.5000000000000002 11.500000000000002 4.5000000000000009
decision_type=2 2 2 2 2 2 2 2 2 2 2 2 2 2
left_child=1 -1 4 -2 -3 -6 8 13 -7 11 -11 12 -10 -8
right_child=3 2 -4 -5 5 6 7 -9 9 10 -12 -13 -14 -15
leaf_value=-0.023368071836243853 -0.0024404225264786777 -0.00027673589315132141 -0.019818273971731845 -0.015810334232950762 -0.0054941078093094457 -0.0052961156942221248 -0.0022170974284556133 0.0035292794603979799 -0.010229465667719572 0.032881686210429681 0.0065274613051653236 0.025770640179916583 0.018969354187206158 -0.015680411242503089
leaf_weight=79.962271973490715 400.29769569635391 43655.436543166637 89.621264189481735 297.04757744073868 1710.7422440648079 334.12330916523933 1004.3745366334915 6260.277295768261 376.79608720541 308.18399715423584 199.87299144268036 156.54469525814056 210.16993737220764 478.57382988929749
leaf_count=1296 85 33091 82 80 509 84 283 1528 114 69 67 63 39 134
internal_value=-8.39389e-05 2.00536e-05 5.63197e-05 -0.0082076 9.0694e-05 0.00154313 0.00283588 0.00158635 0.00891339 0.0127128 0.0226784 0.00579708 0.000297424 -0.00660004
internal_weight=55562 54864.7 54784.7 697.345 54695.1 11039.7 9328.92 7743.23 1585.69 1251.57 508.057 743.511 586.966 1482.95
internal_count=37524 37359 36063 165 35981 2890 2381 1945 436 352 136 216 153 417
is_linear=0
shrinkage=0.05


Tree=180
num_leaves=15
num_cat=0
split_feature=7 7 6 6 7 7 5 6 6 7 7 7 2 2
split_gain=20.4097 56.6552 64.2697 39.3157 20.9063 48.4588 32.1857 42.0978 34.6884 31.6201 58.0501 55.808 57.0748 46.2369
threshold=664.44500000000005 650.81000000000006 109.50000000000001 35.500000000000007 853.62500000000011 843.21500000000015 10.500000000000002 125.50000000000001 144.50000000000003 1026.9050000000002 1113.2350000000004 1180.9350000000002 8.5000000000000018 22.500000000000004
decision_type=2 2 2 2 2 2 2 2 2 2 2 2 2 2
left_child=1 3 -3 -1 5 6 -2 -8 -9 13 -11 12 -12 -6
right_child=4 2 -4 -5 9 -7 7 8 -10 10 11 -13 -14 -15
leaf_value=-0.018351165560659827 -0.0078673332817826257 -0.0063766092010164484 0.036145961021054426 0.00098621886635404522 0.0028477036255361611 -0.024378336471597872 0.0084567845018765145 -0.017499248162307187 0.00012452070643982703 -0.011907293333720389 0.014146172970710741 -0.001069740477191113 -0.015396153299583167 0.034919795450940913
leaf_weight=261.15001177601516 1762.1422327756882 139.91931667178869 232.37749373912811 21254.494721353054 3782.4142537117004 270.31245076656342 1062.2382780909538 380.28510987758636 1013.8492631912231 1165.4209313392639 1075.786984205246 22980.48278003931 188.3769394159317 110.88711500167847
leaf_count=1206 561 99 47 5709 1553 172 613 184 538 715 358 25596 75 30
internal_value=-0.000104999 0.0010843 0.0202921 0.000747299 -0.00087538 -0.00405095 -0.0027211 0.000979158 -0.00472816 -0.000388323 -0.00103141 -0.000506266 0.00970067 0.00380478
internal_weight=55680.1 21887.9 372.297 21515.6 33792.2 4488.83 4218.51 2456.37 1394.13 29303.4 25410.1 24244.6 1264.16 3893.3
internal_count=37456 7061 146 6915 30395 2068 1896 1335 722 28327 26744 26029 433 1583
is_linear=0
shrinkage=0.05


Tree=181
num_leaves=15
num_cat=0
split_feature=7 7 6 2 2 7 2 4 7 8 4 5 7 7
split_gain=29.9022 53.3269 49.4119 34.0754 42.6511 41.6779 68.8644 41.0758 37.068 41.1812 78.5709 44.1418 40.1666 33.4597
threshold=1026.9050000000002 1113.2350000000004 36.500000000000007 19.500000000000004 7.5000000000000009 1472.7950000000003 13.500000000000002 1.5000000000000002 1217.1800000000001 909.33000000000004 1.0000000180025095e-35 7.5000000000000009 1225.0200000000002 953.87500000000011
decision_type=2 2 2 2 2 2 2 2 2 2 2 2 2 2
left_child=2 -2 -1 4 8 6 7 -6 9 10 -3 -11 -10 -4
right_child=1 3 13 -5 5 -7 -8 -9 12 11 -12 -13 -14 -15
leaf_value=-0.015150893737260088 -0.011681131979085586 0.019174879508258927 0.0010103710444266574 -0.016449458205162189 0.011298779916144197 -0.0010623420547151668 -0.0078229712727243949 0.041573675063970646 -0.020391209013104854 0.046311079881815806 -0.0096720070302850885 0.0083003609172307286 -0.001185295715397567 0.0083533779350685282
leaf_weight=452.11681108549237 1145.2884986400604 392.10228037834167 28266.456228494644 332.01806551218033 212.95107555389404 587.17367947101593 190.46565115451813 243.84660398960114 270.82939028739929 117.63289296627045 577.17299175262451 210.03853511810303 21018.295117467642 1636.645791053772
leaf_count=1551 712 166 8618 176 61 381 79 77 152 18 191 93 24625 570
internal_value=0.000106473 -0.00116296 0.00116443 -0.000661884 -0.000438426 0.00859248 0.017292 0.0277352 -0.0009338 0.00725665 0.00203598 0.022437 -0.00143435 0.0014136
internal_weight=55653 25297.8 30355.2 24152.5 23820.5 1234.44 647.263 456.798 22586.1 1296.95 969.275 327.671 21289.1 29903.1
internal_count=37470 26731 10739 26019 25843 598 217 138 25245 468 357 111 24777 9188
is_linear=0
shrinkage=0.05


Tree=182
num_leaves=15
num_cat=0
split_feature=6 6 3 2 7 7 6 7 6 6 7 7 7 7
split_gain=16.8995 16.1515 32.0631 58.4349 28.7443 122.881 51.1539 53.3325 21.4843 34.9151 19.3869 19.0491 43.8075 24.542
threshold=1.0000000180025095e-35 44.000000000000007 10.500000000000002 7.5000000000000009 1916.8450000000003 1806.8500000000001 35.500000000000007 1280.7450000000001 22.000000000000004 14.500000000000002 3689.2650000000003 1304.0800000000002 1325.6850000000002 1146.0500000000004
decision_type=2 2 2 2 2 2 2 2 2 2 2 2 2 2
left_child=-1 2 3 4 5 6 8 -8 9 -2 -6 13 -13 -3
right_child=1 11 -4 -5 10 -7 7 -9 -10 -11 -12 12 -14 -15
leaf_value=-0.023259117854258517 -0.011272297268611096 3.2742091064302399e-06 -0.017346326667005592 0.046465445437438135 -0.009166743597900302 0.060718364247289582 0.0040360663367853961 0.036156309324801454 -0.012254444572116973 0.031908795568622875 0.0026122521703858047 -0.023807744027561247 -0.0013360048460873974 0.0051985558891563446
leaf_weight=74.066670347005129 100.04903048276901 30661.382236421108 171.95539480447769 75.989827752113342 497.73809576034546 100.48680973052979 385.57740852236748 190.52404630184174 410.44499549269676 80.024870753288269 1140.1315188407898 214.42403304576874 18871.653980255127 2450.1946784257889
leaf_count=1266 87 9818 85 27 518 60 139 46 209 37 2076 128 21952 1008
internal_value=-0.000159719 -0.000126711 0.00334564 0.00456629 0.00339232 0.0090312 0.00433901 0.0148783 -0.00598159 0.00826101 -0.000984314 -0.000336753 -0.00159463 0.000388442
internal_weight=55424.6 55350.6 3152.92 2980.97 2904.98 1267.11 1166.62 576.101 590.519 180.074 1637.87 52197.7 19086.1 33111.6
internal_count=37456 36190 3284 3199 3172 578 518 185 333 124 2594 32906 22080 10826
is_linear=0
shrinkage=0.05


Tree=183
num_leaves=15
num_cat=0
split_feature=6 2 2 7 1 3 2 3 6 7 7 6 6 6
split_gain=17.7362 17.3303 53.3031 51.7016 49.5808 39.9147 32.8165 61.605 48.8054 33.8236 32.4558 44.4802 66.9616 30.1707
threshold=1.0000000180025095e-35 19.500000000000004 16.500000000000004 370.09000000000003 14.500000000000002 28.500000000000004 11.500000000000002 12.500000000000002 147.50000000000003 370.09000000000003 1113.2350000000004 92.500000000000014 99.500000000000014 213.00000000000003
decision_type=2 2 2 2 2 2 2 2 2 2 2 2 2 2
left_child=-1 2 4 -4 5 6 -2 -8 9 -9 11 -3 -13 -14
right_child=1 10 3 -5 -6 -7 7 8 -10 -11 -12 12 13 -15
leaf_value=-0.023293708799280131 0.00014344116562932109 -0.018061699532690521 0.028131096482902074 0.0032883191364360626 -0.022278029482816056 -0.018511542025419922 0.021883889775216728 0.02607058970375243 -0.013107920218383407 0.0026030084084261839 -0.018059863439305612 0.022432429464731788 -0.00019323211587592089 -0.014999539418024397
leaf_weight=75.84778088144958 47990.364634156227 367.97699999809265 326.8358461856842 572.01067703962326 239.64469999074936 275.82052004337311 497.51682114601135 191.93860220909119 402.30363261699677 703.0764268040657 323.55877912044525 301.25534224510193 2709.4851675033569 389.12557888031006
leaf_count=1317 34350 86 31 146 78 91 76 24 115 199 176 45 554 122
internal_value=0.000108069 0.000142275 0.000392617 0.0124272 0.000176351 0.000286055 0.000392046 0.00702039 0.00125816 0.00775258 -0.00298713 -0.00167056 0.000127413 -0.00207379
internal_weight=55366.8 55290.9 51199.5 898.847 50300.7 50061 49785.2 1794.84 1297.32 895.015 4091.4 3767.84 3399.87 3098.61
internal_count=37410 36093 35110 177 34933 34855 34764 414 338 223 983 807 721 676
is_linear=0
shrinkage=0.05


Tree=184
num_leaves=15
num_cat=0
split_feature=7 3 3 7 7 7 3 8 8 5 8 7 8 7
split_gain=26.8839 31.9867 35.0828 21.0948 47.7002 95.6964 67.4301 57.3759 40.9622 36.4543 59.247 34.4443 54.3155 35.0739
threshold=1.0000000180025095e-35 39.500000000000007 37.500000000000007 269.43500000000006 509.00000000000006 489.3300000000001 9.5000000000000018 328.97500000000008 339.03000000000003 10.500000000000002 359.74000000000007 236.76500000000001 175.87000000000003 203.61000000000004
decision_type=2 2 2 2 2 2 2 2 2 2 2 2 2 2
left_child=-1 2 3 11 5 7 -7 -5 -9 -10 -11 12 13 -2
right_child=1 -3 -4 4 -6 6 -8 8 9 10 -12 -13 -14 -15
leaf_value=0.0057471082483385649 0.00018447566180226102 -0.014811284513706264 0.027032355467706833 0.003267352617038886 -0.00078212710726394239 0.035529644321372802 0.00052743557460566376 -0.024409045537462929 -0.014755789808827425 0.027364059597469112 -0.0063543046156565169 -0.0097621055892109995 0.024710336610373692 -0.015212029008830964
leaf_weight=1902.4906341433525 2342.675508575514 371.73722904920578 113.08628940582275 8906.1845454350114 38002.605902738869 366.51344442367554 218.77305364608765 290.43218755722046 394.47944259643555 189.93194641172886 388.73001646995544 1479.961123585701 195.32753753662109 434.22663688659668
leaf_count=449 1297 102 31 2329 32041 79 57 140 99 119 137 528 25 123
internal_value=-8.60851e-05 -0.000293281 -0.00019069 -0.000251081 4.99023e-05 0.00298885 0.0225615 0.00185187 -0.00809855 -0.00313082 0.00485255 -0.00354363 -0.000436069 -0.0022461
internal_weight=55597.2 53694.7 53322.9 53209.8 48757.7 10755 585.286 10169.8 1263.57 973.141 578.662 4452.19 2972.23 2776.9
internal_count=37556 37107 37005 36974 35001 2960 136 2824 495 355 256 1973 1445 1420
is_linear=0
shrinkage=0.05


Tree=185
num_leaves=15
num_cat=0
split_feature=1 7 7 8 5 8 7 8 2 8 7 7 5 5
split_gain=27.1909 16.4496 43.2703 93.1081 73.8454 35.1906 26.1169 30.2006 41.3331 27.7643 75.6373 59.8026 23.8543 22.1012
threshold=24.500000000000004 1535.7450000000001 1427.3600000000004 1120.9950000000001 6.5000000000000009 1101.1250000000002 1545.3600000000004 1208.47 6.5000000000000009 1188.2800000000002 1588.1200000000001 1588.1200000000001 10.500000000000002 1.5000000000000002
decision_type=2 2 2 2 2 2 2 2 2 2 2 2 2 2
left_child=1 2 -1 4 13 -3 -7 8 9 11 -11 12 -8 -4
right_child=-2 5 3 -5 -6 6 7 -9 -10 10 -12 -13 -14 -15
leaf_value=0.00044565433522388454 -0.023779216380015344 -0.019709355105495967 0.014830143849959343 -0.0096489910854275825 0.025772240598947605 -0.023812703581600869 0.011669423018020769 -0.0010534171412387556 -0.020237910330005833 -0.00051748449545382935 0.060876350930186451 -0.0080508076433599054 0.048861386389602211 -0.0079503042794423721
leaf_weight=36094.982312791049 113.22907757759094 243.86110091209412 160.76510941982269 490.65286111831665 743.47863984107971 117.12374675273895 98.404985070228577 16430.760567545891 98.269367098808289 102.93723368644714 92.708257079124451 267.62019109725952 78.106149911880493 292.65732264518738
leaf_count=13621 48 172 57 250 281 86 46 22353 51 54 44 165 52 112
internal_value=0.000173625 0.000224804 0.000812103 0.00862559 0.016126 -0.00104089 -0.000771905 -0.000607836 0.00925226 0.0139037 0.0293666 0.00684108 0.0290195 0.00020037
internal_weight=55425.6 55312.3 37782.5 1687.55 1196.9 17529.8 17285.9 17168.8 738.046 639.777 195.645 444.131 176.511 453.422
internal_count=37392 37344 14321 700 450 23023 22851 22765 412 361 98 263 98 169
is_linear=0
shrinkage=0.05


Tree=186
num_leaves=15
num_cat=0
split_feature=6 7 7 6 7 7 3 5 6 2 3 5 1 7
split_gain=29.6705 48.07 122.181 33.2856 38.8279 38.7108 36.9764 29.2195 25.8499 37.767 22.0859 22.0719 24.2878 20.9798
threshold=116.00000000000001 293.90500000000003 331.00500000000005 99.500000000000014 1844.4500000000003 3585.3350000000005 7.5000000000000009 1.0000000180025095e-35 122.50000000000001 22.500000000000004 23.500000000000004 1.0000000180025095e-35 8.5000000000000018 347.86000000000007
decision_type=2 2 2 2 2 2 2 2 2 2 2 2 2 2
left_child=1 -1 -3 4 6 -6 7 -4 9 -2 13 -8 -13 -5
right_child=8 2 3 10 5 -7 11 -9 -10 -11 -12 12 -14 -15
leaf_value=-0.0083819026197614315 0.0045497432205765867 0.048334906414464168 0.024688237221205746 -0.023495668968731384 -0.0080372446175693054 0.00022668044803521496 0.011204206533437752 0.0036141516779057679 0.00030986160608798262 0.038795250310005892 -0.019129364606486423 -0.0021426253471781612 -0.015682762628169238 -0.0032121199233540727
leaf_weight=2370.7089381143451 2223.6030115187168 120.39124068617821 164.11487591266632 125.58401226997375 2304.081641972065 3667.7468813657761 224.62390041351318 6269.7083786129951 30062.637316644192 78.680735468864441 236.0825160741806 1461.6846463084221 424.03243625164032 5669.8541493713856
leaf_count=1641 1238 90 53 44 2408 6908 62 3003 17078 14 66 441 113 4189
internal_value=-0.00027485 -0.00164609 -0.000871619 -0.00117162 0.000125926 -0.00296581 0.00228732 0.00417047 0.000701355 0.00580162 -0.00429191 -0.00345014 -0.00522075 -0.00367153
internal_weight=55403.5 23038.6 20667.9 20547.5 14516 5971.83 8544.16 6433.82 32364.9 2302.28 6031.52 2110.34 1885.72 5795.44
internal_count=37348 19018 17377 17287 12988 9316 3672 3056 18330 1252 4299 616 554 4233
is_linear=0
shrinkage=0.05


Tree=187
num_leaves=15
num_cat=0
split_feature=1 3 8 2 8 2 2 8 8 7 8 1 2 3
split_gain=20.3984 13.8903 15.0055 14.6807 53.2351 71.0347 40.1579 16.3774 66.1054 30.9343 35.6279 31.9627 47.3445 61.111
threshold=23.500000000000004 52.500000000000007 31.370000000000001 22.500000000000004 740.8950000000001 25.500000000000004 38.500000000000007 168.71000000000001 175.87000000000003 164.04500000000004 110.59500000000001 1.0000000180025095e-35 10.500000000000002 12.500000000000002
decision_type=2 2 2 2 2 2 2 2 2 2 2 2 2 2
left_child=1 2 -1 7 5 -5 -7 9 -9 10 -4 12 13 -11
right_child=-2 -3 3 4 -6 6 -8 8 -10 11 -12 -13 -14 -15
leaf_value=-0.023102240772776065 -0.017968431428475744 -0.022987019607317718 0.00072497692080572345 0.040274548283433055 -0.013631452739962907 -0.010480278548591564 0.022070268536477824 -0.019040208703985848 -0.00038218450008033959 0.01297256261593604 -0.024060966684201473 -0.0042893633034517317 0.028802935445250085 -0.018948939156743963
leaf_weight=66.884538106620312 158.84980744123459 62.388593673706055 1408.626208268106 178.92388510704041 229.34455013275146 233.6333224773407 152.23282933235168 474.20526897907257 50865.047147978097 694.017693400383 156.58618497848511 390.52995443344116 309.62715101242065 186.17075395584106
leaf_count=370 58 22 753 30 53 83 28 170 35480 180 57 54 43 30
internal_value=-0.000352506 -0.000300386 -0.000272738 -0.000243029 0.00648479 0.0147013 0.00247969 -0.000341675 -0.00055636 0.00315757 -0.00182337 0.008081 0.0121423 0.00615187
internal_weight=55567.1 55408.2 55345.8 55278.9 794.135 564.79 385.866 54484.8 51339.3 3145.56 1565.21 1580.35 1189.82 880.188
internal_count=37411 37353 37331 36961 194 141 111 36767 35650 1117 810 307 253 210
is_linear=0
shrinkage=0.05


Tree=188
num_leaves=15
num_cat=0
split_feature=6 3 3 7 6 7 1 8 7 5 8 5 1 7
split_gain=16.5454 14.8222 19.3118 16.7731 52.5769 44.6499 41.8962 61.9071 71.5116 134.639 97.5894 90.2146 64.1424 58.9858
threshold=1.0000000180025095e-35 52.500000000000007 41.500000000000007 236.76500000000001 68.500000000000014 254.29000000000002 6.5000000000000009 236.17000000000004 315.48500000000007 11.500000000000002 224.98500000000004 8.5000000000000018 3.5000000000000004 293.90500000000003
decision_type=2 2 2 2 2 2 2 2 2 2 2 2 2 2
left_child=-1 2 3 4 -2 -5 7 8 10 -10 11 -7 -9 -13
right_child=1 -3 -4 5 -6 6 -8 12 9 -11 -12 13 -14 -15
leaf_value=-0.023221713705482316 -0.016581511596415865 -0.023055740291090112 0.026977727919219319 -0.01111894449837357 0.0040652838654574516 -0.024074468386576287 -0.004984876577086508 -0.00048833013563249084 0.0022466861828328213 0.053949163812522877 -0.024350313554515418 0.010233241820435257 0.0087617101196371238 0.044467319991946294
leaf_weight=72.226965710520744 325.28949648141861 64.999759137630463 61.094288945198059 937.65821462869644 4654.1537176966667 159.47652900218964 4077.9751858413219 41586.423776596785 283.97032141685486 221.89137935638428 254.20455861091614 717.25714945793152 1957.5552949309349 149.0356764793396
leaf_count=1281 178 25 20 366 967 56 1140 32281 56 42 107 228 717 38
internal_value=-9.45567e-05 -6.23417e-05 -3.32784e-05 -6.55414e-05 0.00270122 -0.000339431 -0.000133753 0.000303167 0.00941405 0.0252315 0.00308893 0.00997401 -7.15288e-05 0.0163442
internal_weight=55523.2 55451 55386 55324.9 4979.44 50345.4 49407.8 45329.8 1785.84 505.862 1279.97 1025.77 43544 866.293
internal_count=37502 36221 36196 36176 1145 35031 34665 33525 527 98 429 322 32998 266
is_linear=0
shrinkage=0.05


Tree=189
num_leaves=15
num_cat=0
split_feature=6 7 3 3 2 6 7 6 7 6 6 7 7 3
split_gain=16.8176 16.9458 48.6722 28.0189 25.584 20.331 18.0668 25.248 20.8162 108.442 16.2656 15.6111 58.9383 26.2523
threshold=1.0000000180025095e-35 15.940000000000001 1.0000000180025095e-35 39.500000000000007 24.500000000000004 124.50000000000001 101.55500000000002 154.50000000000003 118.41500000000001 126.50000000000001 175.50000000000003 4614.9600000000009 4549.4750000000013 1.0000000180025095e-35
decision_type=2 2 2 2 2 2 2 2 2 2 2 2 2 2
left_child=-1 2 10 -4 6 -6 7 -3 9 -8 -2 12 -10 -14
right_child=1 4 3 -5 5 -7 8 -9 11 -11 -12 -13 13 -15
leaf_value=-0.023227070658946275 0.019943403469603809 -0.024156343528300917 -0.0083196011905185031 0.0069814289843739413 0.00056215079795790546 -0.019582727167765893 -0.023508104707489409 0.00050671464499368825 0.00024998694355159509 0.050039289626243891 0.0040355378142445586 -0.0025225782247229357 0.059374293307329351 0.0094480064159020594
leaf_weight=72.485169056802988 492.49427390098572 179.48866486549377 668.79604029655457 533.31413817405701 214.52877199649811 295.03524035215378 88.967580318450928 236.71736264228821 46961.079360544682 103.51213002204895 241.81084394454956 5310.6323292553425 54.666675269603729 51.134757399559021
leaf_count=1316 79 123 90 47 68 120 58 76 24639 24 46 10657 70 69
internal_value=5.06217e-05 8.31526e-05 0.00467197 -0.00153053 -8.33723e-05 -0.0111786 2.43742e-05 -0.0102897 0.000107003 0.0163099 0.0147676 4.59091e-05 0.000335953 0.0367597
internal_weight=55504.7 55432.2 1936.42 1202.11 53495.8 509.564 52986.2 416.206 52570 192.48 734.305 52377.5 47066.9 105.801
internal_count=37482 36166 262 137 35904 188 35716 199 35517 82 125 35435 24778 139
is_linear=0
shrinkage=0.05


Tree=190
num_leaves=15
num_cat=0
split_feature=8 7 2 6 6 6 8 6 7 7 6 8 8 7
split_gain=17.7479 45.4322 46.8474 25.941 25.8745 17.0949 24.4464 22.3125 40.4407 35.9883 72.1821 21.2084 36.2759 21.0431
threshold=1208.47 1615.5700000000004 4.5000000000000009 112.50000000000001 14.500000000000002 118.50000000000001 4777.0800000000008 65.500000000000014 1844.4500000000003 1806.8500000000001 52.500000000000007 2358.0200000000004 2436.0300000000002 3689.2650000000003
decision_type=2 2 2 2 2 2 2 2 2 2 2 2 2 2
left_child=1 4 3 -3 -1 7 11 8 9 10 -2 -7 -13 -10
right_child=5 2 -4 -5 -6 6 -8 -9 13 -11 -12 12 -14 -15
leaf_value=-0.018872520587921698 -0.021861225432143475 0.017164729713415174 -0.009055880430341872 0.059475291845324602 0.00056825903705989952 -0.0016007936538684439 -0.0095851328035533399 -0.0047259403566454073 -0.0074703148616018945 0.036249428841629683 0.050201968344578352 0.019353197737295075 0.0022189105557492614 0.0015315432784447562
leaf_weight=166.93054359592497 104.21226517856121 80.110891461372375 75.778244614601135 71.201648950576782 37999.654959112406 3584.3083253502846 567.2953567802906 5666.9048664867878 938.26823049783707 137.01591205596924 45.9673912525177 335.04773300886154 3397.2311704754829 2078.5531757771969
leaf_count=1306 117 45 36 38 13423 3150 1417 7994 972 83 32 272 4598 3870
internal_value=2.119e-05 0.000614949 0.02267 0.03834 0.000480769 -0.00133112 0.000367478 -0.00282326 0.000442333 0.0182041 0.00110291 0.00114518 0.00378089 -0.00127587
internal_weight=55248.5 38393.7 227.091 151.313 38166.6 16854.8 7883.88 8970.92 3304.02 287.196 150.18 7316.59 3732.28 3016.82
internal_count=37353 14848 119 83 14729 22505 9437 13068 5074 232 149 8020 4870 4842
is_linear=0
shrinkage=0.05


Tree=191
num_leaves=15
num_cat=0
split_feature=7 2 8 2 2 2 7 5 5 6 6 6 6 4
split_gain=20.9919 41.0032 28.1071 57.2099 79.907 42.1888 31.5156 43.0182 25.7092 29.1557 25.0956 75.3461 23.9734 37.1878
threshold=427.77000000000004 24.500000000000004 278.09500000000008 18.500000000000004 16.500000000000004 14.500000000000002 203.61000000000004 2.5000000000000004 3.5000000000000004 226.00000000000003 86.500000000000014 58.000000000000007 150.00000000000003 1.5000000000000002
decision_type=2 2 2 2 2 2 2 2 2 2 2 2 2 2
left_child=2 -2 3 4 5 12 7 -5 -4 10 11 -10 13 -1
right_child=1 -3 8 6 -6 -7 -8 -9 9 -11 -12 -13 -14 -15
leaf_value=0.0040093218148756727 -0.00049376173358285115 -0.021195933562183234 -0.0010153749989411617 0.011051989880415076 0.030012995690164808 -0.024099813017372348 -0.020283049396417459 -0.016266307815872145 0.02156713830347011 -0.0095339434657874481 0.0097076398845129721 -0.021109829050486379 -0.0023234031424902838 -0.023454512585997525
leaf_weight=4666.6625300832093 40923.848987016827 235.59084409475327 1451.047127366066 277.15696740150452 231.57205390930176 165.19121527671814 484.23024189472198 289.77506899833679 172.25827334821224 248.28962564468384 2943.2707016468048 243.46409296989441 3153.0281616449356 121.67465651035309
leaf_count=2362 32841 109 182 53 16 29 203 61 189 51 401 51 927 39
internal_value=-3.92443e-05 -0.000614818 0.00160014 -1.90748e-05 0.00136884 0.000532593 -0.0109828 -0.0029313 0.00460278 0.00686099 0.00808523 -0.00338009 0.00105982 0.00328771
internal_weight=55607.1 41159.4 14447.6 9389.29 8338.13 8106.56 1051.16 566.932 5058.33 3607.28 3358.99 415.722 7941.37 4788.34
internal_count=37514 32950 4564 3690 3373 3357 317 114 874 692 641 240 3328 2401
is_linear=0
shrinkage=0.05


Tree=192
num_leaves=15
num_cat=0
split_feature=3 6 4 7 6 7 7 7 7 3 7 6 6 6
split_gain=16.5034 16.2126 13.7909 13.7031 33.8137 13.6859 12.7725 12.0563 23.2914 26.0777 16.4432 20.8351 11.4211 35.8232
threshold=52.500000000000007 1.0000000180025095e-35 3.5000000000000004 6428.7150000000011 77.500000000000014 7525.9800000000005 7654.0500000000002 5819.0700000000006 6057.7400000000007 4.5000000000000009 6377.9250000000011 144.50000000000003 107.50000000000001 100.50000000000001
decision_type=2 2 2 2 2 2 2 2 2 2 2 2 2 2
left_child=1 -1 3 7 5 -5 -7 12 9 -9 -10 -12 13 -3
right_child=-2 2 -4 4 -6 6 -8 8 10 -11 11 -13 -14 -15
leaf_value=-0.023155047175117311 -0.023184773851865931 0.00021659264812484941 -0.018476429303943716 0.011589487645985351 -0.0079841826972474588 -0.020342490017556142 0.0016990624860595241 0.020052816800423038 -0.0035502042978173306 -0.020047096231588832 -0.002604392683349901 0.050986479471862661 0.00085546822405538716 -0.0064127278961460385
leaf_weight=69.151832710951567 70.492220878601074 14185.935248076916 93.246882677078247 344.38446220755577 1554.7516997456551 67.244840711355209 723.43439623713493 340.88739240169525 506.02567008137703 41.871268272399902 38.831356972455978 28.293168485164642 35335.999381512403 2374.6083801984787
leaf_count=1312 25 8714 86 736 3813 149 1628 496 1002 63 79 58 18116 1240
internal_value=0.000177371 0.000209014 0.000240132 0.000273214 -0.00320472 0.00334824 -0.000291555 0.000450503 0.00600003 0.0154642 -0.000399374 0.021953 0.000347716 -0.000735631
internal_weight=55775.2 55704.7 55635.5 55542.3 2689.82 1135.06 790.679 52852.5 955.909 382.759 573.15 67.1245 51896.5 16560.5
internal_count=37517 37492 36180 36094 6326 2513 1777 29768 1698 559 1139 137 28070 9954
is_linear=0
shrinkage=0.05


Tree=193
num_leaves=15
num_cat=0
split_feature=2 2 2 6 7 2 2 6 2 6 7 7 3 6
split_gain=20.568 35.4963 18.7123 17.1977 14.5427 11.6424 75.4368 50.9377 46.1323 44.3838 41.9769 65.7608 28.2556 25.499
threshold=24.500000000000004 22.500000000000004 20.500000000000004 6.5000000000000009 446.63500000000005 11.500000000000002 12.500000000000002 146.00000000000003 8.5000000000000018 213.00000000000003 1225.0200000000002 1514.5800000000002 26.500000000000004 187.50000000000003
decision_type=2 2 2 2 2 2 2 2 2 2 2 2 2 2
left_child=1 2 3 -1 -2 8 7 -7 12 13 -10 -12 -5 -8
right_child=4 -3 -4 5 -6 6 9 -9 10 -11 11 -13 -14 -15
leaf_value=-0.017962076242252042 -0.0036636450601039688 0.019313245298616544 -0.017204824813707813 3.9612557040249173e-05 -0.018488179763194043 0.0070794620673031439 9.3033885361919346e-05 0.036777709447465945 -0.013244345232396258 -0.014706328584451089 0.032793729141813645 -0.012676778759838709 -0.017783840984103936 0.010743513615545385
leaf_weight=129.57418089359999 541.8371045589447 230.01487076282501 155.55556172132492 46608.448300540447 235.36047554016113 376.53029823303223 4207.0570784211159 232.3780951499939 1183.9720838665962 456.73817932605743 135.98792231082916 178.01985678076744 218.42818546295166 643.64615619182587
leaf_count=1416 112 51 68 33912 113 68 963 32 296 139 44 138 78 118
internal_value=-0.000191888 -7.68782e-05 -0.000160437 -0.000110095 -0.00824248 -6.5798e-05 0.0020268 0.0186205 -0.000322175 0.00010732 -0.00894472 0.00722057 -4.54164e-05 0.00151587
internal_weight=55533.5 54756.4 54526.3 54370.8 777.198 54241.2 5916.35 608.908 48324.9 5307.44 1497.98 314.008 46826.9 4850.7
internal_count=37548 37323 37272 37204 225 35788 1320 100 34468 1220 478 182 33990 1081
is_linear=0
shrinkage=0.05


Tree=194
num_leaves=15
num_cat=0
split_feature=4 3 7 7 2 3 7 3 2 2 1 7 7 7
split_gain=16.4788 13.3062 10.0251 10.8095 9.31194 23.9499 27.2241 26.1086 15.7469 59.7081 35.3441 31.8833 36.5946 34.485
threshold=3.5000000000000004 52.500000000000007 10072.535000000002 10487.215000000002 33.500000000000007 31.500000000000004 254.29000000000002 29.500000000000004 12.500000000000002 11.500000000000002 10.500000000000002 380.77500000000003 362.24000000000007 236.76500000000001
decision_type=2 2 2 2 2 2 2 2 2 2 2 2 2 2
left_child=1 2 4 -4 5 7 -7 8 9 10 -1 12 13 -10
right_child=-2 -3 3 -5 -6 6 -8 -9 11 -11 -12 -13 -14 -15
leaf_value=0.00019394934142120612 -0.020897394589966176 -0.022884900166597416 -0.014861271721297345 -0.0018172281249419057 0.0074434250096457391 0.001987461314987169 -0.016872018745762253 0.016512466984678186 0.0035621391385194275 0.016555206521583474 -0.023419495069623888 -0.0057022626171620398 0.01600225393380526 -0.013196279603556307
leaf_weight=47719.649711214006 90.157330214977264 58.849300980567932 223.1448438167572 528.37938788533211 415.60783576965332 335.2408721446991 437.88516068458557 236.2609658241272 1112.3855971097946 553.76384222507477 153.9949392080307 3161.9440068602562 391.11913919448853 418.29170680046082
leaf_count=33889 84 26 574 1268 78 50 128 74 141 92 36 926 41 148
internal_value=-0.000108048 -7.25552e-05 -4.63952e-05 -0.00576293 3.2324e-05 -2.48479e-05 -0.008734 0.000101229 2.72347e-05 0.00030523 0.000115554 -0.00261863 0.00245652 -0.00104553
internal_weight=55836.7 55746.5 55687.7 751.524 54936.1 54520.5 773.126 53747.4 53511.1 48427.4 47873.6 5083.74 1921.8 1530.68
internal_count=37555 37471 37445 1842 35603 35525 178 35347 35273 34017 33925 1256 330 289
is_linear=0
shrinkage=0.05


Tree=195
num_leaves=15
num_cat=0
split_feature=6 6 7 6 8 8 7 8 8 6 4 8 1 1
split_gain=17.9445 37.9554 43.1247 63.6356 37.9877 36.5716 92.9521 34.0122 24.885 30.7369 24.2459 21.1566 18.6671 21.5529
threshold=238.50000000000003 175.50000000000003 538.59000000000015 179.50000000000003 143.01500000000001 1831.1900000000003 2651.7350000000001 977.99500000000012 175.87000000000003 271.00000000000006 1.5000000000000002 2189.9400000000005 10.500000000000002 8.5000000000000018
decision_type=2 2 2 2 2 2 2 2 2 2 2 2 2 2
left_child=1 -1 4 7 -3 -5 -7 -4 9 -2 -6 -9 13 -10
right_child=8 2 3 5 10 6 -8 11 12 -11 -12 -13 -14 -15
leaf_value=1.9410243623751386e-05 0.016244007067334251 -0.0089245560098797899 0.041977640773069896 -0.004712608563824299 0.012302985156923451 0.078803265783200155 0.0033723589398073173 -0.0064840492879414818 -0.0042462466856046802 -0.010974169666173452 -0.0054373030895578517 0.021641284789330157 -0.016514154386041577 0.020308871059226338
leaf_weight=45151.296080831438 319.39943754673004 266.87836670875549 115.85795915126801 2481.7028017044067 2264.5674493312836 37.69070953130722 958.56671100854874 113.51298660039902 2741.1543690264225 148.31156289577484 207.67297995090485 151.53239226341248 298.56137055158615 87.474937438964844
leaf_count=32277 96 71 52 1374 487 31 1172 83 1320 49 52 198 103 14
internal_value=0.000299818 0.00053722 0.004078 0.000669603 0.00886977 -0.00146576 0.00660535 0.0199336 -0.00311363 0.00758831 0.0108048 0.00969881 -0.0047238 -0.00345239
internal_weight=55344.2 51749.3 6597.98 3858.86 2739.12 3477.96 996.257 380.903 3594.9 467.711 2472.24 265.045 3127.19 2828.63
internal_count=37379 35797 3520 2910 610 2577 1203 333 1582 145 539 281 1437 1334
is_linear=0
shrinkage=0.05


Tree=196
num_leaves=15
num_cat=0
split_feature=4 7 7 5 7 6 7 7 6 7 7 3 6 7
split_gain=23.3098 22.4649 28.1625 16.1428 30.7288 15.4485 15.1799 32.309 18.3277 16.8652 33.7486 41.8882 14.234 41.6262
threshold=2.5000000000000004 2936.0800000000004 3245.9400000000001 1.5000000000000002 801.41000000000008 1.0000000180025095e-35 6098.5400000000009 5859.2200000000012 83.500000000000014 4614.9600000000009 4549.4750000000013 1.0000000180025095e-35 238.50000000000003 1412.2650000000003
decision_type=2 2 2 2 2 2 2 2 2 2 2 2 2 2
left_child=5 3 -3 4 -2 -1 7 9 -8 10 12 -12 -7 -14
right_child=1 2 -4 -5 -6 6 8 -9 -10 -11 11 -13 13 -15
leaf_value=-0.023036106182052249 0.020568728826045095 0.036983391901910981 -0.0036388031971276492 -0.018753149373745014 -0.014213718451724693 0.0010471214303273825 0.0012980562041823604 0.015441582167051826 -0.0063379588490163202 -0.0041730107877983548 0.054316266670263028 -0.0052369169402354185 -0.0033508387164716568 0.021747795690060537
leaf_weight=64.233305202797055 89.148353457450867 50.395553350448608 182.54411041736603 385.7342112660408 190.38761723041534 45278.530655354261 1473.3048595488071 369.31907522678375 1675.4732912182808 1712.3561998307705 60.375091314315796 52.376804292201996 3525.246794462204 168.35027462244034
leaf_count=1278 31 35 291 200 98 23250 3238 530 4073 2727 73 70 1443 119
internal_value=0.000435822 -0.0075308 0.00574213 -0.0121864 -0.00295454 0.00056809 0.000598122 0.000805566 -0.00276869 0.000697646 0.000867969 0.0276043 0.000803601 -0.00217902
internal_weight=55277.8 898.21 232.94 665.27 279.536 54379.6 54315.3 51166.6 3148.78 50797.2 49084.9 112.752 48972.1 3693.6
internal_count=37456 655 326 329 129 36801 35523 28212 7311 27682 24955 143 24812 1562
is_linear=0
shrinkage=0.05


Tree=197
num_leaves=15
num_cat=0
split_feature=4 8 8 7 8 8 3 3 7 3 7 7 1 8
split_gain=17.936 22.6004 27.4471 40.2889 16.8356 12.4702 12.5843 65.0935 19.3099 18.4391 14.4297 31.2532 30.5159 28.009
threshold=2.5000000000000004 500.37500000000006 2358.0200000000004 3245.9400000000001 31.370000000000001 7310.0350000000008 39.500000000000007 37.500000000000007 44.740000000000009 36.500000000000007 203.61000000000004 254.29000000000002 19.500000000000004 224.98500000000004
decision_type=2 2 2 2 2 2 2 2 2 2 2 2 2 2
left_child=4 -2 -3 -4 -1 6 7 9 -8 10 12 -12 -6 -13
right_child=1 2 3 -5 5 -7 8 -9 -10 -11 11 13 -14 -15
leaf_value=-0.023173184026633355 0.0089225364508276461 -0.016816066708481275 0.049027412246557031 -0.0055352401125628101 0.0019502510452764417 -0.0054912446980359018 0.00089168117816855366 0.038811058023723116 -0.015682281301591789 -0.023285073623902735 -0.006411025645254087 0.0077665945177097214 0.015526093175525134 0.00047277682871514301
leaf_weight=69.963909296318889 185.33491462469101 509.669174015522 35.94614589214325 190.61218178272247 3289.4637590274215 839.14774999022484 427.49366688728333 106.94390618801117 292.81908369064331 75.395667791366577 1600.6988785266876 1350.2072697430849 468.89360857009888 45798.581599671394
leaf_count=369 66 280 23 303 1273 2077 35 23 68 20 520 495 63 31735
internal_value=0.000388304 -0.00650978 -0.0104286 0.00399348 0.000505922 0.000538593 0.000633835 0.000723812 -0.00590757 0.000642668 0.000679239 0.000448903 0.00366235 0.000682452
internal_weight=55241.2 921.562 736.228 226.558 54319.6 54249.6 53410.5 52690.2 720.313 52583.2 52507.8 48749.5 3758.36 47148.8
internal_count=37350 672 606 326 36678 36309 34232 34129 103 34106 34086 32750 1336 32230
is_linear=0
shrinkage=0.05


Tree=198
num_leaves=15
num_cat=0
split_feature=8 8 7 7 7 6 8 3 3 8 5 6 7 8
split_gain=17.7086 69.3496 38.5811 117.307 42.2826 30.4773 26.1089 21.5909 54.3522 32.8463 28.8542 28.4341 28.6195 36.4126
threshold=328.97500000000008 339.03000000000003 465.33500000000009 446.63500000000005 436.72000000000008 36.500000000000007 321.4550000000001 19.500000000000004 16.500000000000004 300.24000000000007 10.500000000000002 86.500000000000014 254.29000000000002 257.95000000000005
decision_type=2 2 2 2 2 2 2 2 2 2 2 2 2 2
left_child=2 -2 3 4 5 -1 7 8 11 10 -9 12 -7 -14
right_child=1 -3 -4 -5 -6 6 -8 9 -10 -11 -12 -13 13 -15
leaf_value=-0.021510740783020593 -0.024414162536265313 -0.00025041117953263032 -0.023976016290199565 0.029917843865275268 -0.024073099652658789 -0.016062127835514309 0.020859325080806998 -0.0061454125177817639 0.019052014641473672 0.011743755802587772 0.010740265619230671 0.0026844318536577072 0.022543400965009192 -0.0059524386070859275
leaf_weight=137.87865906767547 294.07356202602386 41466.589674822986 140.49835848808289 358.93056678771973 159.17876863479614 419.78476983308792 170.62691903114319 2297.7448806762695 470.69593620300293 359.31625986099243 279.62973880767822 8469.8387985229492 142.21878457069397 465.1079466342926
leaf_count=961 145 32894 58 65 34 247 37 563 49 53 63 2160 46 142
internal_value=9.06859e-05 -0.000423472 0.00163818 0.0019089 0.00114618 0.001459 0.00170935 0.00144816 0.00255806 -0.00231699 -0.00429617 0.00173098 -0.00610634 0.000850075
internal_weight=55632.1 41760.7 13871.5 13731 13372 13212.8 13075 12904.3 9967.65 2936.69 2577.37 9496.95 1027.11 607.327
internal_count=37517 33039 4478 4420 4355 4321 3360 3323 2644 679 626 2595 435 188
is_linear=0
shrinkage=0.05


Tree=199
num_leaves=15
num_cat=0
split_feature=8 8 6 2 2 7 5 7 6 2 2 6 3 3
split_gain=19.8755 37.0649 113.195 31.8486 79.0099 40.6963 38.0971 27.9084 29.1135 24.2744 45.0964 43.4607 31.4046 43.004
threshold=269.88500000000005 257.95000000000005 187.50000000000003 18.500000000000004 16.500000000000004 203.61000000000004 2.5000000000000004 370.09000000000003 213.00000000000003 12.500000000000002 11.500000000000002 197.00000000000003 26.500000000000004 15.500000000000002
decision_type=2 2 2 2 2 2 2 2 2 2 2 2 2 2
left_child=1 3 -3 4 -1 6 -5 8 -2 10 12 -11 13 -9
right_child=7 2 -4 5 -6 -7 -8 9 -10 11 -12 -13 -14 -15
leaf_value=-0.00095392568777095629 0.0067865600629216111 -0.019280400848134496 0.02512866233598007 0.012811694070671254 0.030530539019409272 -0.024436823541882414 -0.014896907732000432 -5.5108136503613563e-05 -0.011599920400524795 -0.002054249614889459 0.016094401053607609 -0.019907292971215074 -0.019672700496026416 0.0087201390973999215
leaf_weight=5788.5991241708398 2485.0234547927976 810.32835650444031 169.6298680305481 237.39940989017487 201.36175489425659 311.34336763620377 249.13366258144379 39099.222383331507 231.15276336669922 3271.5793863534927 443.98582935333252 375.77141386270523 193.61019623279572 1442.8393074274063
leaf_count=2722 497 280 57 45 14 137 56 31865 51 925 80 138 71 417
internal_value=-9.63735e-05 -0.00244039 -0.0115047 -0.00112427 0.000129054 -0.0104757 -0.00138395 0.000286818 0.00520339 -1.16364e-05 0.000334818 -0.00391831 0.000161097 0.000258228
internal_weight=55311 7767.8 979.958 6787.84 5989.96 797.876 486.533 47543.2 2716.18 44827 41179.7 3647.35 40735.7 40542.1
internal_count=37355 3311 337 2974 2736 238 101 34044 548 33496 32433 1063 32353 32282
is_linear=0
shrinkage=0.05


Tree=200
num_leaves=15
num_cat=0
split_feature=8 6 3 4 8 8 7 7 3 2 3 2 3 8
split_gain=17.1756 60.2697 13.9489 13.4312 12.8924 30.5817 19.6425 27.5612 58.2764 12.6433 11.5633 17.2409 15.9519 13.2858
threshold=75.225000000000009 154.50000000000003 52.500000000000007 3.5000000000000004 3373.1150000000002 3273.4900000000002 4476.8350000000009 4694.6150000000007 1.5000000000000002 38.500000000000007 39.500000000000007 19.500000000000004 5.5000000000000009 3899.2500000000005
decision_type=2 2 2 2 2 2 2 2 2 2 2 2 2 2
left_child=1 -1 3 4 5 9 -7 8 -8 -2 11 12 13 -6
right_child=2 -3 -4 -5 10 6 7 -9 -10 -11 -12 -13 -14 -15
leaf_value=-0.021513163978475545 0.00022092171308125356 0.01415943106999281 -0.022944400323880388 -0.018754081235755088 -0.006804235331513757 -0.0050193349189337462 0.08006258688444047 0.00055324008887552519 0.0033749314152600979 0.0096386174875650356 -0.022947682156522597 0.01945632887331037 -0.021008604735251152 -0.00063458169679143743
leaf_weight=333.9963665381074 48766.059137202799 177.72337985038757 60.864857256412506 89.506825804710388 1083.7164390087128 59.318567514419556 48.14184308052063 57.016980469226837 47.26691460609436 354.00511848926544 60.979720592498779 88.126138210296631 106.01387667655945 4401.9246150627732
leaf_count=533 25461 48 25 86 1585 88 56 87 63 47 6 9 139 9290
internal_value=-3.32021e-05 -0.00910673 5.1694e-05 7.91447e-05 0.000111453 0.00037249 0.0191126 0.028365 0.0441303 0.000289769 -0.00213007 -0.00188658 -0.00224003 -0.00185851
internal_weight=55734.7 511.72 55222.9 55162.1 55072.6 49331.8 211.744 152.426 95.4088 49120.1 5740.76 5679.78 5591.65 5485.64
internal_count=37523 581 36942 36917 36831 25802 294 206 119 25508 11029 11023 11014 10875
is_linear=0
shrinkage=0.05


Tree=201
num_leaves=15
num_cat=0
split_feature=6 7 7 6 7 7 7 6 5 6 8 6 8 5
split_gain=14.9862 14.0933 38.2939 36.5147 36.613 33.2892 33.9512 73.8232 71.3053 32.4842 27.2954 41.7684 27.4331 31.3958
threshold=1.0000000180025095e-35 203.61000000000004 254.29000000000002 68.500000000000014 164.04500000000004 139.01500000000001 101.55500000000002 151.50000000000003 9.5000000000000018 142.50000000000003 969.09500000000014 163.50000000000003 881.36500000000012 10.500000000000002
decision_type=2 2 2 2 2 2 2 2 2 2 2 2 2 2
left_child=-1 3 -3 -2 5 6 10 8 -8 -7 11 -5 13 -13
right_child=1 2 -4 4 -6 9 7 -9 -10 -11 -12 12 -14 -15
leaf_value=-0.023013924555667351 -0.014029347265585766 -0.0073098705678620972 0.00042464007208872919 -0.017171196089466954 0.01367069013564931 -0.024266875215812955 0.0054279190167613256 -0.0052548793019787168 0.047479742734448729 0.0076222916236940693 0.0062994708304295937 0.026709482915282967 -0.0097063152040886575 -0.00079809303619175959
leaf_weight=63.387333236634731 284.27500393986702 1648.8326205015182 49445.733800321817 422.54200822114944 833.29048264026642 215.74766063690186 197.40304899215698 307.86531686782837 204.15992259979248 122.08624053001404 1059.1018605232239 172.03469276428223 267.70779037475586 249.84176659584045
leaf_count=1315 185 543 34525 125 138 80 31 94 69 36 97 28 57 77
internal_value=0.000377926 0.000406749 0.000174355 0.00314184 0.00436239 0.00193494 0.00368215 0.013137 0.0271286 -0.0127997 0.000569794 -0.00489047 0.00270396 0.0106005
internal_weight=55494 55430.6 51094.6 4336.06 4051.78 3218.49 2880.66 709.428 401.563 337.834 2171.23 1112.13 689.584 421.876
internal_count=37400 36085 35068 1017 832 694 578 194 100 116 384 287 162 105
is_linear=0
shrinkage=0.05


Tree=202
num_leaves=15
num_cat=0
split_feature=3 6 3 8 6 8 8 0 3 6 3 8 8 8
split_gain=17.1221 16.6893 13.5201 13.1653 12.6924 36.7319 34.458 35.0484 40.8565 47.9752 36.3325 34.9836 34.9685 57.9067
threshold=52.500000000000007 6.5000000000000009 41.500000000000007 6911.4650000000011 95.500000000000014 88.825000000000003 99.155000000000015 3.5000000000000004 15.500000000000002 93.500000000000014 13.500000000000002 143.01500000000001 1120.9950000000001 1016.7100000000002
decision_type=2 2 2 2 2 2 2 2 2 2 2 2 2 2
left_child=1 -1 3 4 5 -3 -7 8 10 -10 11 -8 13 -13
right_child=-2 2 -4 -5 -6 6 7 -9 9 -11 -12 12 -14 -15
leaf_value=-0.018191604690539775 -0.023247912777867377 -0.02393853460056479 0.0223974557445859 -0.0056324510103438483 -0.000194752396084794 0.032924842049381946 -0.01558763286362759 0.018411004405885067 -0.012702829260849891 0.015253248319619318 0.022820526124919572 0.0033931969567891126 -0.00073843574288828264 0.021727027440199775
leaf_weight=119.1621714271605 73.506426453590393 134.37583088874817 63.269535422325134 967.77319827675819 41133.388084203005 83.723496794700623 278.94834750890732 299.67308503389359 904.10028272867203 180.22157645225525 203.27261006832123 5215.1025412678719 5282.2462056279182 464.84296095371246
leaf_count=1365 30 136 21 2412 23503 19 134 102 274 39 59 1886 7192 160
internal_value=8.60727e-05 0.00011917 0.000160334 0.000132794 0.000236284 0.00159482 0.00186971 0.00165428 0.00124629 -0.00800766 0.00212619 0.001742 0.00218988 0.00491142
internal_weight=55403.6 55330.1 55210.9 55147.7 54179.9 13046.5 12912.1 12828.4 12528.7 1084.32 11444.4 11241.1 10962.2 5679.95
internal_count=37332 37302 35937 35916 33504 10001 9865 9846 9744 313 9431 9372 9238 2046
is_linear=0
shrinkage=0.05


Tree=203
num_leaves=15
num_cat=0
split_feature=3 8 8 6 3 3 6 3 6 8 8 3 6 2
split_gain=18.2016 15.0986 33.1544 61.1607 45.5917 60.1444 40.1384 46.6218 39.0428 43.7139 28.999 23.9942 67.2854 40.1796
threshold=43.500000000000007 278.09500000000008 168.71000000000001 68.500000000000014 18.500000000000004 16.500000000000004 87.500000000000014 7.5000000000000009 52.500000000000007 257.95000000000005 265.54000000000002 15.500000000000002 92.500000000000014 6.5000000000000009
decision_type=2 2 2 2 2 2 2 2 2 2 2 2 2 2
left_child=1 2 3 -1 5 6 7 8 -4 -10 -6 -3 -13 -14
right_child=-2 11 4 -5 10 -7 -8 -9 9 -11 -12 12 13 -15
leaf_value=-0.024223896903280979 -0.023356005820842036 -0.00015476049555831169 -0.0077467871125186868 0.0040023642160622232 -0.020955602233748885 0.020993571496062405 -0.0051480088391404671 -0.023483900494876475 0.040998944246211033 0.0047182027044986767 0.00039060374393864159 -0.01068515100289491 0.012887564507006753 0.0026893865763018931
leaf_weight=200.07571221515536 79.26644104719162 40363.556861635298 128.12742336839437 2992.5463827252388 582.07904362678528 256.31394600868225 4541.1603301763535 87.277097940444946 177.65947914123535 154.88328647613525 218.00458180904388 739.0654279589653 1321.3083474040031 3568.0001345276833
leaf_count=766 33 32309 310 741 227 19 1377 21 74 57 79 231 343 798
internal_value=-0.000135756 -0.000100383 -0.00193285 0.00219836 -0.00407908 -0.00240596 -0.00360393 0.0091236 0.0154871 0.0244212 -0.0151729 0.000271848 0.00332866 0.00545574
internal_weight=55409.3 55330.1 9338.13 3192.62 6145.51 5345.42 5089.11 547.947 460.67 332.543 800.084 45991.9 5628.37 4889.31
internal_count=37385 37352 3671 1507 2164 1858 1839 462 441 131 306 33681 1372 1141
is_linear=0
shrinkage=0.05


Tree=204
num_leaves=15
num_cat=0
split_feature=6 6 0 8 8 8 2 8 6 8 3 8 3 3
split_gain=17.1857 34.1046 24.7 21.1224 23.9071 20.8554 37.9959 27.1355 16.5254 28.4119 51.3669 26.459 24.523 31.8224
threshold=110.50000000000001 108.50000000000001 11.500000000000002 1437.5700000000004 2099.6250000000005 88.825000000000003 19.500000000000004 75.225000000000009 120.00000000000001 328.97500000000008 5.5000000000000009 383.41000000000003 23.500000000000004 16.500000000000004
decision_type=2 2 2 2 2 2 2 2 2 2 2 2 2 2
left_child=1 2 -1 -3 -5 6 7 -2 9 10 -7 -11 13 -13
right_child=5 3 -4 4 -6 8 -8 -9 -10 11 -12 12 -14 -15
leaf_value=-0.0010423993885693009 0.032792580414529662 -0.011269242417809456 0.01664118899486931 0.016570341584416236 -0.0057968965911666349 0.022164919281071817 -0.011154011702302334 0.0063495681116228775 -0.00020906169614788337 -0.02044398578308515 -0.00059509542223463963 0.00099780335231401478 -0.022994780005469808 0.022822319980341097
leaf_weight=19317.602223793045 170.69979190826416 1346.3359452486038 194.51906669139862 155.00505417585373 466.52020111680031 482.8081579208374 150.32774901390076 223.49304032325745 30292.237240940332 137.32760453224182 503.54419577121735 1804.1153584122658 89.929247140884399 179.13125956058502
leaf_count=16645 49 481 52 160 848 129 29 71 17356 45 82 1401 18 44
internal_value=-0.000388371 -0.00149556 -0.000861891 -0.00776058 -0.000130905 0.000310541 0.00997225 0.0180677 0.00015198 0.00356806 0.0106013 0.000412919 0.00184035 0.00302148
internal_weight=55513.6 21480 19512.1 1967.86 621.525 34033.6 544.521 394.193 33489.1 3196.86 986.352 2210.5 2073.18 1983.25
internal_count=37410 18186 16697 1489 1008 19224 149 120 19075 1719 211 1508 1463 1445
is_linear=0
shrinkage=0.05


Tree=205
num_leaves=15
num_cat=0
split_feature=1 8 8 6 1 8 8 8 8 6 8 3 6 3
split_gain=20.9984 71.0027 44.2197 43.0289 33.6661 24.0375 37.6146 31.325 50.1514 21.2255 14.3826 13.5338 50.5661 27.8092
threshold=16.500000000000004 713.94000000000017 535.15000000000009 210.50000000000003 14.500000000000002 377.81000000000006 300.24000000000007 143.01500000000001 273.41000000000003 160.50000000000003 31.370000000000001 1.0000000180025095e-35 271.00000000000006 8.5000000000000018
decision_type=2 2 2 2 2 2 2 2 2 2 2 2 2 2
left_child=4 2 3 5 10 6 7 -2 -9 -3 -1 -12 -13 -14
right_child=1 9 -4 -5 -6 -7 -8 8 -10 -11 11 12 13 -15
leaf_value=-0.023029990484806213 0.01983008186991575 -0.0040083691393267423 0.024891972365326212 -0.016296895192815821 -0.018930556453769842 -0.0051576562591676258 0.028961767827181524 -0.014654922417475725 0.01281982471291619 -0.023734394980542323 -0.00090585849092536834 0.00035127280214071975 0.023763594683760617 -0.00043104121473287342
leaf_weight=63.997987076640129 311.26405584812164 416.41059815883636 347.44791102409363 197.07121527194977 236.43357044458389 268.19302213191986 237.12485861778259 292.23259961605072 371.48044800758362 199.72412943840027 29162.005958925933 22912.466926068068 357.69004046916962 176.33066999912262
leaf_count=392 51 98 71 67 88 57 36 87 42 66 23326 13035 78 48
internal_value=-8.4827e-05 0.00426206 0.00878177 0.00538065 -0.000302184 0.00831172 0.0113009 0.00687979 0.000703579 -0.0105423 -0.000216777 -0.000186839 0.000707458 0.0158448
internal_weight=55549.9 2640.95 2024.81 1677.37 52908.9 1480.29 1212.1 974.977 663.713 616.135 52672.5 52608.5 23446.5 534.021
internal_count=37542 575 411 340 36967 273 216 180 129 164 36879 36487 13161 126
is_linear=0
shrinkage=0.05


Tree=206
num_leaves=15
num_cat=0
split_feature=1 1 6 6 6 6 6 3 8 8 8 8 6 8
split_gain=17.7968 39.619 38.3654 36.4729 19.0736 28.0021 18.8433 32.7062 53.7999 65.8611 82.86 51.5392 48.2871 39.1755
threshold=16.500000000000004 14.500000000000002 129.50000000000003 117.50000000000001 108.50000000000001 92.500000000000014 49.000000000000007 2.5000000000000004 291.41500000000002 1483.4750000000001 1326.1750000000002 1144.5800000000002 35.500000000000007 980.68500000000006
decision_type=2 2 2 2 2 2 2 2 2 2 2 2 2 2
left_child=1 6 3 4 5 -2 7 8 -1 10 11 12 -10 -14
right_child=2 -3 -4 -5 -6 -7 -8 -9 9 -11 -12 -13 13 -15
leaf_value=-0.02093647127730229 -0.00395159881511807 -0.018928612869448982 -0.0014972333906380052 0.023812431566026908 -0.0074394038565253097 0.018335399979273598 -0.00074651753867782254 -0.0050687297167420521 0.0015830516253623056 0.00025221068946938203 0.054843607618103779 -0.018567857024920618 0.016180678423155438 0.045178500336771774
leaf_weight=181.02224791608751 233.25202572345734 287.19588482379913 1588.2665719389915 350.13041871786118 232.15809041261673 345.38256853818893 48368.805362462997 1018.4614549577236 433.21019053831697 1706.3883842453361 114.54063975811005 126.62315952777863 514.97502160072327 150.32771492004395
leaf_count=975 65 97 371 51 41 63 31377 681 594 2843 63 65 169 26
internal_value=-0.000364149 -0.000568108 0.00355445 0.0104425 0.00455828 0.00939445 -0.000466098 0.0027258 0.00518977 0.00677417 0.0150496 0.0111213 0.0146122 0.023021
internal_weight=55650.7 52901.6 2749.19 1160.92 810.793 578.635 52614.4 4245.55 3227.09 3046.07 1339.68 1225.14 1098.51 665.303
internal_count=37481 36890 591 220 169 128 36793 5416 4735 3760 917 854 789 195
is_linear=0
shrinkage=0.05


Tree=207
num_leaves=15
num_cat=0
split_feature=3 6 6 3 7 7 7 7 7 6 6 6 7 3
split_gain=14.6295 13.0338 12.3324 30.2715 21.2143 43.519 26.5444 36.2585 65.0923 54.3623 24.7312 32.0246 21.0457 20.969
threshold=52.500000000000007 1.0000000180025095e-35 49.000000000000007 2.5000000000000004 417.58500000000009 465.33500000000009 489.3300000000001 1844.4500000000003 1708.9400000000003 37.500000000000007 22.000000000000004 14.500000000000002 3689.2650000000003 1.0000000180025095e-35
decision_type=2 2 2 2 2 2 2 2 2 2 2 2 2 2
left_child=1 -1 3 4 -3 -6 -7 8 9 10 11 -8 -9 -4
right_child=-2 2 13 -5 5 6 7 12 -10 -11 -12 -13 -14 -15
leaf_value=-0.022853883175235679 -0.023044093724226569 -0.0092441352580201579 -0.0012569507855027017 -0.0046526881881804073 0.050696256736321166 -0.022711397367109622 -0.0075352070391491201 -0.0067065466100232401 0.049657899907062548 0.020636668628598111 -0.01066333115983204 0.039007670317661114 0.0052812248606791453 0.00077340258773640497
leaf_weight=57.84673728980124 64.5430748462677 237.1632921397686 26601.388131588697 1089.0481217503548 48.943967342376709 77.227209091186523 77.348879456520081 520.53629189729691 106.08150136470795 491.50682520866394 324.9568065404892 63.520620107650757 1203.0223984122276 24354.732833534479
leaf_count=1282 27 141 19990 715 27 35 69 571 55 143 125 27 2213 11911
internal_value=-0.000125662 -9.68076e-05 -7.08895e-05 0.00251862 0.00500115 0.00617473 0.00532692 0.00614315 0.0133808 0.00912379 -0.00311394 0.0140695 0.00165184 -0.000286553
internal_weight=55317.9 55253.3 55195.5 4239.36 3150.31 2913.14 2864.2 2786.97 1063.41 957.333 465.826 140.869 1723.56 50956.1
internal_count=37331 37304 36022 4121 3406 3265 3238 3203 419 364 221 96 2784 31901
is_linear=0
shrinkage=0.05


Tree=208
num_leaves=15
num_cat=0
split_feature=8 2 2 2 7 8 8 8 2 7 7 8 2 3
split_gain=21.7513 30.4076 40.709 38.5822 46.1879 27.1194 68.3104 27.6664 45.4702 61.1267 63.8988 36.2553 34.6611 26.4923
threshold=278.09500000000008 18.500000000000004 16.500000000000004 14.500000000000002 417.58500000000009 328.97500000000008 339.03000000000003 429.21500000000009 8.5000000000000018 509.00000000000006 489.3300000000001 359.74000000000007 4.5000000000000009 15.500000000000002
decision_type=2 2 2 2 2 2 2 2 2 2 2 2 2 2
left_child=1 2 3 4 -1 -2 -7 8 9 10 11 12 -8 -11
right_child=5 -3 -4 -5 -6 6 7 -9 -10 13 -12 -13 -14 -15
leaf_value=-0.0020477294373772077 0.0039534392585392156 -0.010463947644419717 0.021252057490404347 -0.024177837374608813 0.021180794310848294 -0.024399490240861941 0.020849416239934696 0.00040790456011308737 -0.015867448940506835 -0.0086591482484959289 0.022630309703812537 -0.010434991961558449 -0.013564223657275743 0.0157696150396094
leaf_weight=7820.3788042776287 4404.736644744873 1037.381852388382 188.66081190109253 185.57573866844177 215.04201698303223 283.86370754241943 246.19259064272046 37801.305366728455 667.20149755477905 1780.6485780477524 427.45533156394958 455.19317197799683 99.229207992553711 113.82461559772491
leaf_count=3346 746 315 11 36 24 144 156 31590 177 683 89 156 24 31
internal_value=-0.000222544 -0.00240827 -0.00140892 -0.00194156 -0.00141331 0.000223838 -0.000168896 -6.0629e-07 -0.00407052 -0.0015285 0.00714308 -0.00121483 0.0109109 -0.00715376
internal_weight=55726.7 9447.04 8409.66 8221 8035.42 46279.7 41874.9 41591.1 3789.74 3122.54 1228.07 800.615 345.422 1894.47
internal_count=37528 3732 3417 3406 3370 33796 33050 32906 1316 1139 425 336 180 714
is_linear=0
shrinkage=0.05


Tree=209
num_leaves=15
num_cat=0
split_feature=4 4 6 7 7 7 6 7 7 7 6 7 6 6
split_gain=14.8294 13.6103 30.4188 42.585 56.7625 75.1236 103.47 68.6875 60.3531 128.956 94.3247 47.1108 49.2438 39.5751
threshold=3.5000000000000004 1.0000000180025095e-35 136.50000000000003 2507.6700000000005 347.86000000000007 370.09000000000003 106.50000000000001 356.74000000000007 331.00500000000005 293.90500000000003 111.50000000000001 1.0000000180025095e-35 107.50000000000001 135.50000000000003
decision_type=2 2 2 2 2 2 2 2 2 2 2 2 2 2
left_child=1 2 3 4 8 6 7 -6 9 11 -11 12 -1 -7
right_child=-2 -3 -4 -5 5 13 -8 -9 -10 10 -12 -13 -14 -15
leaf_value=-0.0022306137352572199 -0.019756769738624669 0.00099199291329905262 -0.0024181546014810356 -0.0033261471321271163 -0.012586065283599068 0.0028578286535344594 0.067130575212365984 0.045866088654388765 -0.024455773050367533 0.086158728914801821 5.1676832289939704e-05 -0.0079179578452395118 0.04603194273842872 0.031263171580147679
leaf_weight=133.24481003731489 88.47397518157959 26588.365170150995 12619.28047555685 4441.9897965192795 143.99261248111725 9251.0868845321238 105.09312796592712 71.018381614238024 327.39362144470215 65.044930040836334 58.267149925231934 1545.6871233843267 82.130131244659424 119.33309453725815
leaf_count=233 88 13800 8604 7871 68 5066 26 83 120 68 15 1402 13 44
internal_value=0.000141786 0.000175252 -0.000574553 0.000849181 0.00240817 0.00405769 0.0276897 0.00732434 -0.00481177 -0.0013431 0.0470591 -0.00485593 0.0168005 0.00323605
internal_weight=55640.4 55551.9 28963.6 16344.3 11902.3 9690.52 320.104 215.011 2211.77 1884.37 123.312 1761.06 215.375 9370.42
internal_count=37501 37413 23613 15009 7138 5287 177 151 1851 1731 83 1648 246 5110
is_linear=0
shrinkage=0.05


Tree=210
num_leaves=15
num_cat=0
split_feature=4 8 8 6 6 8 8 8 8 6 6 6 8 8
split_gain=24.9431 36.7337 49.1464 51.6163 34.7699 30.1518 29.4651 61.8909 52.9684 110.509 31.3739 41.6281 38.8416 70.9283
threshold=1.5000000000000002 359.74000000000007 351.19500000000011 81.500000000000014 36.500000000000007 367.91500000000008 328.97500000000008 339.03000000000003 321.4550000000001 103.00000000000001 122.50000000000001 127.50000000000001 307.97000000000008 300.24000000000007
decision_type=2 2 2 2 2 2 2 2 2 2 2 2 2 2
left_child=1 2 4 -4 -1 -3 8 -8 10 -10 12 -12 13 -6
right_child=-2 5 3 -5 6 -7 7 -9 9 -11 11 -13 -14 -15
leaf_value=-0.021640864544130743 -0.0025720994749396284 -0.01400929656330481 0.052554892567920779 0.0090188419641222175 0.0065559937050211087 -3.6674695881541011e-05 -0.024408921096518859 0.0080189823659602439 -0.0085979985276748352 0.046369460484073532 -0.014463268583246808 0.0015412479895085384 0.022118239511527922 -0.016530360657375145
leaf_weight=143.7097697686404 6841.0714213848114 385.40282154083252 92.231093563139439 236.49493217468262 3844.7100410461426 35020.551083095372 290.34432578086853 289.51027321815491 162.83325266838074 199.69672870635986 426.61756753921509 6922.2124543190002 336.32051229476929 359.40307331085205
leaf_count=1021 3739 139 51 64 1140 28996 150 78 62 33 99 1711 55 71
internal_value=0.000253919 0.000651042 0.00289046 0.0218382 0.0024022 -0.000190727 0.0026798 -0.00828815 0.00320206 0.0218993 0.00262297 0.000602945 0.00588819 0.00456509
internal_weight=55551.1 48710 13304.1 328.726 12975.4 35406 12831.6 579.855 12251.8 362.53 11889.3 7348.83 4540.43 4204.11
internal_count=37409 33670 4535 115 4420 29135 3399 228 3171 95 3076 1810 1266 1211
is_linear=0
shrinkage=0.05


Tree=211
num_leaves=15
num_cat=0
split_feature=7 6 7 6 7 6 6 8 5 6 6 7 8 6
split_gain=16.7684 35.1596 41.2978 45.3867 29.8195 35.7183 30.3367 27.8305 27.8173 39.1325 81.4637 55.1005 47.241 43.9393
threshold=203.61000000000004 68.500000000000014 164.04500000000004 150.00000000000003 139.01500000000001 213.00000000000003 262.50000000000006 980.68500000000006 9.5000000000000018 136.50000000000003 105.50000000000001 118.41500000000001 75.225000000000009 159.50000000000003
decision_type=2 2 2 2 2 2 2 2 2 2 2 2 2 2
left_child=1 7 4 -4 5 8 -7 -1 -3 10 12 13 -10 -11
right_child=-2 2 3 -5 -6 6 -8 -9 9 11 -12 -13 -14 -15
leaf_value=-0.0242099745778485 -1.9048011166777563e-05 0.00017669883564866128 0.02662069969050905 0.00365437837374466 -0.013719189623536625 -0.020564643253527054 0.0071033266884717563 0.0051543581422597651 -0.023644189013155542 -0.0050318682645333008 0.044237119348142846 -0.019018127120563444 0.023761757102287798 0.020752706334352125
leaf_weight=195.46546563506126 50962.878924563527 1239.6689194440842 390.99922597408295 475.07012844085693 276.19938039779663 258.5981320142746 155.4675977230072 132.54662939161062 99.758108258247375 261.40604901313782 214.70378613471985 188.44684243202209 100.45458889007568 436.4935519695282
leaf_count=842 35560 149 69 71 98 67 39 101 61 59 39 59 22 89
internal_value=0.000237444 0.00318797 0.00445312 0.0141161 0.0018453 0.00332081 -0.0102155 -0.0124449 0.00554238 0.0106338 0.023214 0.00464765 0.000140663 0.0111277
internal_weight=55388.2 4425.28 4097.27 866.069 3231.2 2955 414.066 328.012 2540.93 1301.26 414.916 886.346 200.213 697.9
internal_count=37325 1765 822 140 682 584 106 943 478 329 122 207 83 148
is_linear=0
shrinkage=0.05


Tree=212
num_leaves=15
num_cat=0
split_feature=7 7 3 8 5 8 3 8 8 5 8 8 7 7
split_gain=16.0398 20.2583 22.4135 31.1822 30.0174 15.2484 22.1738 14.9112 50.4284 97.8009 33.3283 39.6857 63.8557 28.7772
threshold=6098.5400000000009 5819.0700000000006 4.5000000000000009 4487.9900000000007 4.5000000000000009 4280.6900000000005 1.0000000180025095e-35 198.37500000000003 224.98500000000004 10.500000000000002 168.71000000000001 175.87000000000003 247.00000000000003 101.55500000000002
decision_type=2 2 2 2 2 2 2 2 2 2 2 2 2 2
left_child=1 7 3 5 -5 6 -3 10 9 -9 13 -12 -13 -1
right_child=-2 2 -4 4 -6 -7 -8 8 -10 -11 11 12 -14 -15
leaf_value=-0.0096162887648235731 -0.0034821809610802545 0.039777996834331815 -0.019241162805508985 0.074170413437400134 0.018652934142984773 -0.0055862749723359674 0.001554926087534261 -0.011903240441843687 0.00013433382176631484 0.024486042258923594 -0.020960718922067832 0.016620483097946288 -0.01068273417278493 0.0024976495023782738
leaf_weight=594.76076378300786 3167.5244450867176 56.51237815618515 53.006512343883514 30.597553908824921 94.446357667446136 157.35243535041809 100.14426302909851 271.50777339935303 46273.348960842937 556.16747454553843 453.60800051689148 287.50229132175446 795.48928189277649 2680.0505201593041
leaf_count=621 7426 83 84 40 131 227 145 90 26939 278 171 63 317 910
internal_value=-2.99116e-05 0.000179069 0.0102252 0.0139592 0.0345672 0.00533961 0.0161474 8.28697e-05 0.000353801 0.0125492 -0.00256701 -0.00862911 -0.00339146 0.000286249
internal_weight=55572 52404.5 492.06 439.053 125.044 314.009 156.657 51912.4 47101 827.675 4811.41 1536.6 1082.99 3274.81
internal_count=37525 30099 710 626 171 455 228 29389 27307 368 2082 551 380 1531
is_linear=0
shrinkage=0.05


Tree=213
num_leaves=15
num_cat=0
split_feature=8 7 7 8 3 7 5 8 3 3 7 7 8 8
split_gain=15.3703 20.7998 35.8738 21.6948 79.764 64.177 51.295 24.8761 97.537 23.3816 34.3108 72.5616 33.4142 78.9125
threshold=75.225000000000009 236.76500000000001 254.29000000000002 224.98500000000004 19.500000000000004 315.48500000000007 4.5000000000000009 236.17000000000004 8.5000000000000018 1.0000000180025095e-35 362.24000000000007 370.09000000000003 584.86500000000012 578.98500000000013
decision_type=2 2 2 2 2 2 2 2 2 2 2 2 2 2
left_child=-1 -2 -3 4 6 -5 -4 8 -7 10 -9 -12 13 -13
right_child=1 2 3 5 -6 7 -8 9 -10 -11 11 12 -14 -15
leaf_value=-0.008616680476886341 0.0033738659764018276 -0.0097428132639164541 -0.016854588360586828 -0.02437125676969229 -0.019826966837055628 0.039276891215594474 0.015373414121015267 -0.0096698426833901046 -0.011846459153124413 0.0010774404133774725 0.029733062032845592 0.00097463042744153669 -0.0022661566939886184 0.033793702901924717
leaf_weight=496.10122944414616 4660.2318616956472 944.47084999084473 135.96449661254883 266.05678248405457 239.71677935123444 175.54656505584717 1032.8449207432568 1121.3058450818062 189.42225086688995 22835.578602939844 188.79940214380622 7060.7604835629463 15977.910590812564 183.05165445804596
leaf_count=587 1394 385 24 115 97 36 388 475 52 13242 89 2759 17802 91
internal_value=0.000100572 0.000179961 -0.000115953 6.90425e-05 0.00617415 -0.000110738 0.0115686 2.70269e-05 0.0129419 -7.38384e-05 -0.00114551 -0.000735241 -0.000989305 0.00182671
internal_weight=55507.8 55011.7 50351.4 49407 1408.53 47998.4 1168.81 47732.4 364.969 47367.4 24531.8 23410.5 23221.7 7243.81
internal_count=37536 36949 35555 35170 509 34661 412 34546 88 34458 21216 20741 20652 2850
is_linear=0
shrinkage=0.05


Tree=214
num_leaves=15
num_cat=0
split_feature=6 6 8 8 8 6 8 8 3 3 7 8 7 8
split_gain=14.428 23.2637 32.2825 28.4796 36.1238 36.0693 35.7864 34.928 101.052 248.224 28.0765 43.8616 26.3373 39.863
threshold=46.500000000000007 90.000000000000014 4746.0700000000006 1831.1900000000003 1844.4600000000003 161.50000000000003 1730.4600000000003 1614.1150000000002 2.5000000000000004 1.0000000180025095e-35 254.29000000000002 257.95000000000005 524.245 969.09500000000014
decision_type=2 2 2 2 2 2 2 2 2 2 2 2 2 2
left_child=-1 10 3 6 5 -5 7 12 9 -9 -2 -12 13 -3
right_child=1 2 -4 4 -6 -7 -8 8 -10 -11 11 -13 -14 -15
leaf_value=0.002880804144453868 -0.013301889524939617 0.0010115091918257073 -0.0077086863135729863 0.0022957139314285281 0.0028705284559573355 0.062419402136838824 -0.012467761950430431 -0.0010576618453913538 -0.015108477017577605 0.097330066316255279 0.017985611377280036 -0.0028184857249396768 -0.0013227234657713256 0.016791207070848406
leaf_weight=4019.679436897859 591.33228614926338 14749.749251365662 1252.2090215682983 49.346450924873352 7078.9569702148438 46.280396461486816 575.36196535825729 189.52395766973495 182.65415787696838 91.792821288108826 259.49092471599579 6036.3192766010761 20007.477865457535 406.43565464019775
leaf_count=5121 254 3590 3201 48 8470 37 606 206 156 74 77 5564 9948 30
internal_value=-2.39872e-06 -0.000227622 0.000189878 0.000418753 0.00329551 0.0330494 -0.000151728 4.88887e-05 0.0136041 0.032185 -0.00293126 -0.00194742 -0.000131876 0.00144006
internal_weight=55536.6 51516.9 44629.8 43377.6 7174.58 95.6268 36203 35627.6 463.971 281.317 6887.14 6295.81 35163.7 15156.2
internal_count=37382 32261 26366 23165 8555 85 14610 14004 436 280 5895 5641 13568 3620
is_linear=0
shrinkage=0.05


Tree=215
num_leaves=15
num_cat=0
split_feature=7 8 8 3 7 8 8 8 8 7 7 2 3 7
split_gain=15.0131 44.8585 29.7853 45.4711 60.9273 50.2005 28.1614 58.2784 68.3733 63.2837 32.9249 24.8669 23.4893 21.2434
threshold=751.4000000000002 610.97500000000014 584.86500000000012 1.0000000180025095e-35 760.31000000000006 578.98500000000013 535.15000000000009 881.36500000000012 969.09500000000014 681.6350000000001 703.34500000000014 11.500000000000002 4.5000000000000009 1026.9050000000002
decision_type=2 2 2 2 2 2 2 2 2 2 2 2 2 2
left_child=6 2 3 4 -2 -6 10 9 -9 -8 -1 12 -11 -3
right_child=1 13 -4 -5 5 -7 7 8 -10 11 -12 -13 -14 -15
leaf_value=0.0007945146890439976 0.041868191210497674 0.0030725817741137258 -0.016282557759902585 -0.015518603715438603 -0.014554970028438231 0.022017901349969841 0.028902798888917638 -0.01894291167460771 0.0049309070430553067 0.0080831952131958634 -0.014242372757768544 0.01859729713085918 -0.010345355128985333 -0.00061535878521345024
leaf_weight=20393.011036597192 97.314942836761475 4619.2152583599091 705.70016999542713 373.50654542446136 255.27540588378906 141.73558068275452 430.94354319572449 389.83633115142584 1242.4439321011305 453.00727306306362 365.66083294525743 278.79281568527222 272.83563935756683 25093.145550459623
leaf_count=6903 36 1935 424 153 141 75 83 118 205 179 237 48 66 26670
internal_value=0.000242192 -0.000477958 -0.0086914 -0.00246054 0.00746256 -0.00138676 0.0011877 0.00565509 -0.000811296 0.0129848 0.000526276 0.00604736 0.00113274 -4.15947e-05
internal_weight=55112.4 31285.9 1573.53 867.832 494.326 397.011 23826.5 3067.86 1632.28 1435.58 20758.7 1004.64 725.843 29712.4
internal_count=37273 29434 829 405 252 216 7839 699 323 376 7140 293 245 28605
is_linear=0
shrinkage=0.05


Tree=216
num_leaves=15
num_cat=0
split_feature=4 6 1 1 7 5 6 6 8 8 1 7 1 2
split_gain=13.5676 12.6662 9.60248 41.9391 33.6157 30.444 42.545 15.406 35.6334 34.831 13.9369 57.8254 33.4862 20.956
threshold=3.5000000000000004 1.0000000180025095e-35 16.500000000000004 14.500000000000002 1113.2350000000004 2.5000000000000004 109.50000000000001 152.50000000000003 273.41000000000003 307.97000000000008 11.500000000000002 823.66500000000008 10.500000000000002 23.500000000000004
decision_type=2 2 2 2 2 2 2 2 2 2 2 2 2 2
left_child=1 -1 3 10 5 6 -4 9 -9 -8 12 -12 13 -3
right_child=-2 2 4 -5 -6 -7 7 8 -10 -11 11 -13 -14 -15
leaf_value=-0.022809694615059981 -0.019210488236170893 -0.00025343047639756074 0.015183903782938294 -0.019332144437532076 -0.017234856281535933 0.01436795235388268 0.015797233313766833 -0.024275729903330018 -0.00086998772308561397 -0.0069822154863723495 -0.0031435473260529446 0.024611088000300187 -0.022845848303510344 0.013160903375610364
leaf_weight=56.471644906327128 88.284773737192154 51064.441243469715 424.2123498916626 281.35833930969238 189.10941928625107 578.56556010246277 290.96806812286377 219.27897727489471 592.85385525226593 382.97148847579956 551.778724193573 278.65789043903351 158.42823684215546 287.81644988059998
leaf_count=1276 89 35092 72 100 116 93 52 58 115 61 89 78 46 74
internal_value=-0.000158043 -0.000125925 -0.000100701 -0.000249443 0.00281712 0.00437223 0.00131523 -0.00268135 -0.0072995 0.00289654 -0.000145027 0.00626124 -0.000248904 -0.000176973
internal_weight=55445.2 55356.9 55300.4 52622.5 2677.96 2488.85 1910.28 1486.07 812.133 673.94 52341.1 830.437 51510.7 51352.3
internal_count=37411 37322 36046 35479 567 451 358 286 173 113 35379 167 35212 35166
is_linear=0
shrinkage=0.05


Tree=217
num_leaves=15
num_cat=0
split_feature=2 6 5 6 7 7 6 2 3 3 7 3 3 3
split_gain=22.5952 32.9626 30.45 34.4299 48.1315 32.5513 45.4812 27.2129 49.201 42.1419 32.9558 30.3807 51.9019 42.4164
threshold=19.500000000000004 210.50000000000003 6.5000000000000009 92.500000000000014 1113.2350000000004 664.44500000000005 150.00000000000003 11.500000000000002 26.500000000000004 12.500000000000002 370.09000000000003 15.500000000000002 11.500000000000002 18.500000000000004
decision_type=2 2 2 2 2 2 2 2 2 2 2 2 2 2
left_child=7 2 3 -2 5 -5 -7 8 11 -9 -11 12 -1 -13
right_child=1 -3 -4 4 -6 6 -8 9 -10 10 -12 13 -14 -15
leaf_value=0.00041903923035838966 -0.013780651130987823 -0.016891806404143946 -0.017416391151883776 0.00089490913805444704 -0.021809169935385179 0.028374828496106383 -0.0055223092814581315 0.017820421589547077 -0.020125852248378651 0.011776017308696131 -0.0012162896395046558 0.017586606246152641 -0.01111485878359534 0.0021311225726858268
leaf_weight=44832.630549106747 418.05273711681366 394.89453154802322 281.54828727245331 2336.1498255133629 201.66446125507355 264.23015332221985 154.22480630874634 540.70497846603394 287.15940999984741 673.15748584270477 1738.7085067033768 584.97128850221634 992.06438833475113 1800.3948843479156
leaf_count=34643 121 137 74 430 115 59 50 79 102 86 496 149 320 467
internal_value=0.000331714 -0.00326141 -0.00176804 -0.00043853 0.00146829 0.00320886 0.0159641 0.000614899 0.000330905 0.00527116 0.00242675 0.000454829 0.000168155 0.00595018
internal_weight=55500.6 4050.76 3655.87 3374.32 2956.27 2754.6 418.455 51449.8 48497.2 2952.57 2411.87 48210.1 45824.7 2385.37
internal_count=37328 986 849 775 654 539 109 36342 35681 661 582 35579 34963 616
is_linear=0
shrinkage=0.05


Tree=218
num_leaves=15
num_cat=0
split_feature=6 3 6 7 3 3 6 3 7 3 7 8 6 8
split_gain=27.3963 26.2624 62.662 42.6145 23.0908 34.7897 24.1031 20.8812 30.2701 18.281 18.144 51.3475 45.5699 32.7499
threshold=246.50000000000003 1.0000000180025095e-35 271.00000000000006 465.33500000000009 10.500000000000002 6.5000000000000009 256.00000000000006 13.500000000000002 632.11500000000012 43.500000000000007 751.4000000000002 610.97500000000014 32.500000000000007 429.21500000000009
decision_type=2 2 2 2 2 2 2 2 2 2 2 2 2 2
left_child=9 -2 3 -3 5 6 -5 8 -4 10 12 -12 -1 -14
right_child=1 2 7 4 -6 -7 -8 -9 -10 -11 11 -13 13 -15
leaf_value=-0.01932238279346175 -0.0089632392544318155 -0.020297716804527369 0.031547183130292415 0.010046525532542698 -0.015579902307694016 0.029126956183656821 -0.021267254716846592 6.4653429883675633e-05 0.0040296519748359216 -0.023298355548579848 -0.0095137570417442828 0.00012565542332924413 0.0006390841961878567 0.0050289886636531141
leaf_weight=253.6120911706239 1562.761602550745 397.54372447729111 217.15210151672363 143.35925588011742 138.16081500053406 123.32897043228149 100.03795790672302 222.93303310871124 184.68647539615631 76.093193650245667 1446.0877511203289 28815.935030609369 16200.374770611525 5754.6853135824203
leaf_count=1413 883 105 25 93 58 33 48 66 64 30 765 28015 4366 1526
internal_value=0.000154207 -0.00441735 0.000248458 -0.00816227 0.00149842 0.00805555 -0.00299268 0.0123654 0.019105 0.000423427 0.000460045 -0.000336465 0.00154522 0.00179061
internal_weight=55636.8 3089.96 1527.2 902.431 504.887 366.726 243.397 624.772 401.839 52546.8 52470.7 30262 22208.7 21955.1
internal_count=37490 1375 492 337 232 174 141 155 89 36115 36085 28780 7305 5892
is_linear=0
shrinkage=0.05


Tree=219
num_leaves=15
num_cat=0
split_feature=6 4 1 7 7 7 6 3 7 6 8 3 7 8
split_gain=15.0818 12.837 11.822 11.8013 75.8715 23.3493 22.8695 19.2323 14.4536 37.9367 49.0696 56.4799 51.8484 47.0984
threshold=6.5000000000000009 3.5000000000000004 23.500000000000004 164.04500000000004 203.61000000000004 139.01500000000001 141.50000000000003 41.500000000000007 362.24000000000007 168.50000000000003 257.95000000000005 18.500000000000004 347.86000000000007 257.95000000000005
decision_type=2 2 2 2 2 2 2 2 2 2 2 2 2 2
left_child=-1 2 3 5 -5 -2 -7 8 9 10 11 12 -6 -11
right_child=1 -3 -4 4 7 6 -8 -9 -10 13 -12 -13 -14 -15
leaf_value=-0.01814708394541532 -0.0015091044839131837 -0.019342993896666875 -0.015609627078798267 0.013852055108931872 -0.0012353110486994666 -0.024289734009907041 0.0037820763674454843 0.026797987485310006 0.00013715404094234623 -0.00016261849520054388 -0.015566806231235015 -0.01752999949516645 0.024365792093941355 0.022944660166515862
leaf_weight=110.85234062373638 2839.0690184384584 81.42414665222168 116.92954850196838 987.05885314941406 2127.9254834651947 225.10034883022308 104.19258713722229 61.324395537376404 45851.561759054661 1135.1690049171448 882.90099275112152 484.65834033489227 212.99235165119171 268.66698944568634
leaf_count=1372 649 80 54 177 678 107 31 21 33361 363 314 181 70 86
internal_value=-0.000125626 -8.79176e-05 -5.78188e-05 -2.34527e-05 0.000157137 -0.00298362 -0.0154837 -0.000109116 -0.000144119 -0.00266448 -0.00531275 -0.00208685 0.00114102 0.0043254
internal_weight=55489.8 55379 55297.5 55180.6 52012.3 3168.36 329.293 51025.2 50963.9 5112.31 3708.48 2825.58 2340.92 1403.84
internal_count=37544 36172 36092 36038 35251 787 138 35074 35053 1692 1243 929 748 449
is_linear=0
shrinkage=0.05


Tree=220
num_leaves=15
num_cat=0
split_feature=8 8 7 7 8 8 3 7 7 3 3 3 8 8
split_gain=29.7188 63.8843 38.1771 98.7059 35.9054 35.6874 31.1987 31.0753 29.5606 41.0428 41.9293 91.0002 50.0261 60.0215
threshold=328.97500000000008 339.03000000000003 465.33500000000009 446.63500000000005 321.4550000000001 307.97000000000008 6.5000000000000009 362.24000000000007 236.76500000000001 18.500000000000004 3.5000000000000004 7.5000000000000009 265.54000000000002 198.37500000000003
decision_type=2 2 2 2 2 2 2 2 2 2 2 2 2 2
left_child=2 -2 3 4 5 7 -7 8 -1 10 12 -12 13 -10
right_child=1 -3 -4 -5 -6 6 -8 -9 9 -11 11 -13 -14 -15
leaf_value=0.0034780133023779762 -0.024384666925555309 -0.00038805093168392616 -0.023938183785832914 0.029151321868685961 0.023090943395502717 -0.0013787097605428649 -0.024316457367145702 0.0051015314610015324 -0.010926071592101742 -0.014456740773878388 0.038349757951550136 -0.0005369916246024338 -0.019479534866300996 0.0048400722433434122
leaf_weight=3477.2897717915475 274.23273169994354 41274.624428261071 134.32093131542206 330.7530403137207 188.53309553861618 384.08018898963928 237.0913450717926 4883.7488142251968 935.37002456188202 628.80388629436493 198.77248346805573 574.36719346046448 410.74925172328949 1681.0554041154683
leaf_count=1626 146 32753 57 56 53 71 39 879 393 260 41 121 165 755
internal_value=0.000123167 -0.00054935 0.00210932 0.00236897 0.00170714 0.00139804 -0.0102579 0.00196792 3.0298e-05 -0.00267736 -0.000711902 0.00964288 -0.00336805 -0.000806401
internal_weight=55613.8 41548.9 14064.9 13930.6 13599.9 13411.3 621.172 12790.2 7906.41 4429.12 3800.31 773.14 3027.17 2616.43
internal_count=37415 32899 4516 4459 4403 4350 110 4240 3361 1735 1475 162 1313 1148
is_linear=0
shrinkage=0.05


Tree=221
num_leaves=15
num_cat=0
split_feature=4 8 8 3 5 3 5 6 7 6 3 8 8 8
split_gain=12.0673 9.08518 12.0842 9.92438 30.7207 59.9327 27.0877 28.8542 29.4903 26.5664 49.3461 37.2301 106.302 38.0328
threshold=3.5000000000000004 7310.0350000000008 31.370000000000001 5.5000000000000009 9.5000000000000018 2.5000000000000004 10.500000000000002 108.50000000000001 164.04500000000004 49.000000000000007 1.5000000000000002 584.86500000000012 540.8900000000001 655.7600000000001
decision_type=2 2 2 2 2 2 2 2 2 2 2 2 2 2
left_child=1 2 -1 4 -4 9 -5 -8 -9 10 -6 12 -11 -13
right_child=-2 -3 3 6 5 -7 7 8 -10 11 -12 13 -14 -15
leaf_value=-0.022674240536470616 -0.01802037016411704 -0.0050757878322021995 0.0033468192708765408 -0.0014951564285589098 0.0042894692721682287 -0.014177343102448029 -0.0043895358375208478 0.033092652435094107 0.0070062291940030308 0.00066802959272330034 0.060670286006764031 -0.0098706866226933587 0.019673389588908491 -0.0010309680860714559
leaf_weight=52.607837948948145 86.666315615177155 818.86235111951828 8393.0492979884148 14391.270731925964 2495.9378980919719 729.52906033396721 509.88676661252975 117.99569511413574 958.52033489942551 11075.553804993629 34.463907390832901 1326.9545141458511 783.13604426383972 14097.863966375589
leaf_count=374 96 2075 6817 4162 3360 437 162 19 276 3844 38 777 302 14885
internal_value=0.000106159 0.000135932 0.000214028 0.000238017 0.000668583 -6.77989e-05 -0.000811122 0.00537939 0.0100053 0.000279773 0.0051755 -0.000175146 0.00193089 -0.00179438
internal_weight=55872.3 55785.6 54966.8 54914.2 38936.5 30543.4 15977.7 1586.4 1076.52 29813.9 2530.4 27283.5 11858.7 15424.8
internal_count=37624 37528 35453 35079 30460 23643 4619 457 295 23206 3398 19808 4146 15662
is_linear=0
shrinkage=0.05


Tree=222
num_leaves=15
num_cat=0
split_feature=7 7 6 7 7 2 6 4 7 4 4 7 7 5
split_gain=10.8126 33.8644 49.2926 26.8137 65.8674 36.836 25.5292 25.3459 24.9916 19.2462 36.4351 16.9103 28.2246 48.8701
threshold=2862.9900000000002 2796.4400000000005 177.50000000000003 3072.7800000000002 3137.7700000000004 1.5000000000000002 146.00000000000003 1.0000000180025095e-35 2758.9000000000001 1.5000000000000002 1.0000000180025095e-35 3170.8650000000002 3211.9500000000003 9.5000000000000018
decision_type=2 2 2 2 2 2 2 2 2 2 2 2 2 2
left_child=1 8 6 -2 5 7 9 -5 -1 10 -3 -6 13 -13
right_child=3 2 -4 4 11 -7 -8 -9 -10 -11 -12 12 -14 -15
leaf_value=0.00045727546298770648 -0.010165441100486989 0.0013459331166335116 0.060290168239278102 0.031841344855126359 -0.01966995876987215 0.0577923247956336 -0.01369432632004291 -0.016457202507144858 -0.02251911494816455 -0.010632698479750081 0.046954957755303381 0.0011199022509243851 -0.0012587006742241522 0.054174558276945284
leaf_weight=44126.151116073132 777.47981595993042 85.70213395357132 48.150569140911102 54.53961569070816 115.97484838962555 66.096989870071411 91.466299772262573 45.662104904651642 113.67034757137299 46.008553028106689 85.188986659049988 140.44383072853088 9293.6379631459713 57.960829854011536
leaf_count=19602 883 111 35 68 135 44 81 35 144 32 50 99 15881 53
internal_value=0.000179724 0.000520292 0.0157613 -0.00125922 -0.000545957 0.0301866 0.00795715 0.0100955 0.000395701 0.0171904 0.0247704 -0.00109331 -0.000856103 0.0175697
internal_weight=55148.1 44596.3 356.517 10551.8 9774.32 166.299 308.366 100.202 44239.8 216.9 170.891 9608.02 9492.04 198.405
internal_count=37253 20055 309 17198 16315 147 274 103 19746 193 161 16168 16033 152
is_linear=0
shrinkage=0.05


Tree=223
num_leaves=15
num_cat=0
split_feature=3 4 6 3 3 7 7 6 7 7 5 6 6 6
split_gain=14.5108 11.3846 9.56382 52.2828 47.1799 9.83385 23.8239 21.7703 21.7195 54.972 42.7188 54.013 34.3644 29.4333
threshold=52.500000000000007 3.5000000000000004 291.00000000000006 2.5000000000000004 13.500000000000002 1535.7450000000001 1545.3600000000004 14.500000000000002 1412.2650000000003 1392.1400000000001 6.5000000000000009 66.500000000000014 191.50000000000003 24.500000000000004
decision_type=2 2 2 2 2 2 2 2 2 2 2 2 2 2
left_child=1 2 5 -4 -5 7 -7 -1 9 13 11 -10 -12 -9
right_child=-2 -3 3 4 -6 6 -8 8 10 -11 12 -13 -14 -15
leaf_value=-0.01813570584609607 -0.023001814961069275 -0.017786216717018844 -0.016832616524531864 0.021972884409113751 -0.011508080440819289 -0.017799278765485201 -0.00055131371596309924 0.025780874957322782 0.022276951967922561 -0.022590441187299068 0.008848316086321072 -0.011058513032834722 0.040037552191869913 0.00055998193301165305
leaf_weight=148.00475138425827 62.934167981147766 83.618774205446243 448.20813888311386 239.09447824954987 180.73020052909851 197.58166599273682 17139.121358901262 111.06658828258514 149.42009234428406 251.44994413852692 1214.6287434101105 566.8022004365921 90.952702403068542 35004.86634336412
leaf_count=1379 28 87 260 53 55 144 22870 61 47 165 520 224 46 11630
internal_value=9.26782e-05 0.000120771 0.000149226 -0.0050429 0.00759387 0.000231811 -0.000752959 0.000686671 0.000763594 0.000475056 0.00579735 -0.00399776 0.0111656 0.000643411
internal_weight=55888.5 55825.5 55741.9 868.033 419.825 54873.9 17336.7 37537.2 37389.2 35367.4 2021.8 716.222 1305.58 35115.9
internal_count=37569 37541 37454 368 108 37086 23014 14072 12693 11856 837 271 566 11691
is_linear=0
shrinkage=0.05


Tree=224
num_leaves=15
num_cat=0
split_feature=1 8 6 2 8 2 2 2 8 6 5 6 8 6
split_gain=32.7386 16.4017 40.3558 14.5686 33.6736 59.2501 28.3728 14.1649 12.769 102.716 17.9969 41.7844 12.8068 36.868
threshold=23.500000000000004 75.225000000000009 154.50000000000003 22.500000000000004 740.8950000000001 24.500000000000004 30.500000000000004 20.500000000000004 99.155000000000015 153.50000000000003 9.5000000000000018 136.50000000000003 198.37500000000003 142.50000000000003
decision_type=2 2 2 2 2 2 2 2 2 2 2 2 2 2
left_child=1 2 -1 7 5 -5 -7 8 9 10 -3 -12 13 -10
right_child=-2 3 -4 4 -6 6 -8 -9 12 -11 11 -13 -14 -15
leaf_value=-0.020859982884081835 -0.023944997595293383 0.011134919224775219 0.009587661566494883 0.03857545881807628 -0.010777680486940083 -0.013873512397467798 0.012482225374117776 -0.016045859143357308 -0.0074754039677488839 -0.012022162171839171 0.050995005898654779 0.0094182558391083405 0.00035849448480001936 0.0029134069115545427
leaf_weight=278.21148650348186 135.39449137449265 193.09003067016602 172.93995690345764 158.61787819862366 195.98418408632278 152.37360405921936 286.44229024648666 128.67779260873795 1889.3418860957026 395.10189461708069 128.52118247747421 115.42174863815308 49545.820037715137 1551.2360397577286
leaf_count=516 58 28 46 26 56 51 76 60 700 127 199 36 34975 373
internal_value=0.000169285 0.000230605 -0.00921132 0.000309256 0.00701389 0.0128913 0.00327731 0.000210008 0.000250362 0.00637735 0.0229594 0.0319072 0.000153547 -0.00279402
internal_weight=55327.2 55191.8 451.151 54740.6 793.418 597.434 438.816 53947.2 53818.5 832.135 437.033 243.943 52986.4 3440.58
internal_count=37327 37269 562 36707 209 153 127 36498 36438 390 263 235 36048 1073
is_linear=0
shrinkage=0.05


Tree=225
num_leaves=15
num_cat=0
split_feature=6 6 2 8 7 8 6 7 8 7 7 8 7 8
split_gain=11.6382 14.5709 30.6579 24.0163 52.6713 51.5891 32.0645 41.5238 26.9494 29.6879 23.2222 62.6864 18.0907 58.2532
threshold=6.5000000000000009 49.000000000000007 1.5000000000000002 1531.0350000000001 1806.8500000000001 1144.5800000000002 35.500000000000007 1447.9950000000001 713.94000000000017 1380.4750000000001 3689.2650000000003 2873.3700000000003 446.63500000000005 278.09500000000008
decision_type=2 2 2 2 2 2 2 2 2 2 2 2 2 2
left_child=-1 2 3 4 5 6 8 12 -2 -10 -5 -12 13 -8
right_child=1 -3 -4 10 -6 -7 7 -9 9 -11 11 -13 -14 -15
leaf_value=-0.015899538598915089 -0.011721440942274 -0.00019238181028874977 -0.0055706457303687368 -0.00857983218979003 0.04017045802699333 -0.021916534704376531 0.00064787701496484928 0.039215946920036125 0.026195387870064202 -0.0065592977398229793 0.076522681461571262 0.0025387369735300259 0.0054178889351815052 0.048616015612392774
leaf_weight=109.6895496007055 267.67273449897766 51116.488260537386 868.59047323465347 482.6567890048027 120.75663310289383 140.61811828613281 147.06361901760101 141.36763691902161 138.54132568836212 130.42149472236633 24.344738304615021 1201.6699653863907 597.50779986381531 106.2957329750061
leaf_count=1370 206 32042 614 541 70 70 76 24 46 44 32 2212 187 24
internal_value=1.16847e-05 4.45704e-05 0.00281486 0.00490151 0.00894002 0.00656787 0.00925063 0.0145538 -0.00059868 0.0104826 0.000656452 0.00431267 0.0102511 0.0213241
internal_weight=55593.7 55484 4367.51 3498.92 1790.25 1669.49 1528.87 992.235 536.636 268.963 1708.67 1226.01 850.867 253.359
internal_count=37558 36188 4146 3532 747 677 607 311 296 90 2785 2244 287 100
is_linear=0
shrinkage=0.05


Tree=226
num_leaves=15
num_cat=0
split_feature=8 8 3 2 2 0 4 3 5 8 3 8 8 8
split_gain=15.6668 42.3378 22.3861 19.2359 33.8798 18.6765 18.5765 15.9821 57.3465 21.9356 17.2418 26.2988 36.5686 17.1586
threshold=168.71000000000001 175.87000000000003 39.500000000000007 38.500000000000007 24.500000000000004 1.0000000180025095e-35 1.5000000000000002 15.500000000000002 8.5000000000000018 99.155000000000015 12.500000000000002 143.01500000000001 110.59500000000001 31.370000000000001
decision_type=2 2 2 2 2 2 2 2 2 2 2 2 2 2
left_child=2 -2 5 4 -3 6 7 8 -1 -9 11 12 13 -10
right_child=1 3 -4 -5 -6 -7 -8 9 10 -11 -12 -13 -14 -15
leaf_value=0.026934103560687525 -0.015473895431845915 -6.9079680428404586e-05 -0.016589214126040069 0.011680680757291412 -0.015650594815790467 -0.012055634006329507 0.019496423853405814 0.0056194369975935861 -0.022456592974230694 -0.010915250388027022 -0.022850979360197393 0.015457166626550643 -0.012742794019186274 0.0069836374107507303
leaf_weight=283.31481885910034 446.52103996276855 51132.506513591856 131.42468857765198 339.40331184864044 346.26507711410522 165.20581889152527 200.84330296516418 426.02481418848038 47.323427747935057 370.4593026638031 57.754495620727539 376.62094724178314 369.31490683555603 973.34978033974767
leaf_count=23 170 35492 36 48 148 22 31 79 378 67 7 95 132 671
internal_value=-1.53423e-05 -0.000229464 0.00327005 -9.6621e-05 -0.000175396 0.00409227 0.00496944 0.00393301 0.00620913 -0.00209126 0.00292582 0.00383064 0.00063629 0.00551583
internal_weight=55666.3 52264.7 3401.64 51818.2 51478.8 3270.21 3105.01 2904.16 2107.68 796.484 1824.36 1766.61 1389.99 1020.67
internal_count=37399 35858 1541 35688 35640 1505 1483 1452 1306 146 1283 1276 1181 1049
is_linear=0
shrinkage=0.05


Tree=227
num_leaves=15
num_cat=0
split_feature=8 8 7 7 5 8 7 7 5 2 4 7 8 2
split_gain=19.7058 25.5878 53.6936 50.3564 62.7005 40.6258 35.6157 47.3474 27.2896 33.0629 32.966 20.2481 14.0107 53.8103
threshold=75.225000000000009 168.71000000000001 101.55500000000002 118.41500000000001 10.500000000000002 175.87000000000003 164.04500000000004 139.01500000000001 2.5000000000000004 10.500000000000002 1.0000000180025095e-35 203.61000000000004 278.09500000000008 18.500000000000004
decision_type=2 2 2 2 2 2 2 2 2 2 2 2 2 2
left_child=-1 2 -2 4 -4 -3 7 -5 -8 10 11 -10 13 -7
right_child=1 5 3 6 -6 12 8 -9 9 -11 -12 -13 -14 -15
leaf_value=-0.010933201150895494 -0.024041375622473136 -0.015956591119459875 0.0070403246888627469 0.0051104419100459469 0.071995832035604321 -0.0014943638690934815 -0.0047718057386453884 -0.018524446483001434 0.022309385263864875 0.024784349496046493 -0.0071867906981669455 0.0047058523067734972 -0.00015047934600000688 -0.021140801629124087
leaf_weight=435.71086095273495 152.56818718090653 420.36740505695343 93.029069423675537 566.95436867326498 58.249577224254608 5423.5271823108196 300.33011907339096 331.90838236361742 307.35825282335281 355.26696109771729 285.44374227523804 349.63364958763123 46193.550963249058 367.55250608921051
leaf_count=567 78 169 16 202 134 1864 46 197 93 48 39 89 33793 176
internal_value=-0.000402296 -0.000318198 0.00433384 0.00601083 0.0335546 -0.000567212 0.00427832 -0.00367102 0.00874718 0.0118822 0.00691341 0.0130476 -0.000441245 -0.00275846
internal_weight=55641.5 55205.7 2800.74 2648.17 151.279 52405 2496.9 898.863 1598.03 1297.7 942.436 656.992 51984.6 5791.08
internal_count=37511 36944 942 864 150 36002 714 399 315 269 221 182 35833 2040
is_linear=0
shrinkage=0.05


Tree=228
num_leaves=15
num_cat=0
split_feature=1 6 8 7 8 4 6 3 7 8 6 2 2 7
split_gain=22.3018 17.0923 28.7004 47.7577 32.9674 27.7859 22.3511 21.7205 39.8693 98.9169 29.3742 29.3511 55.9188 31.1952
threshold=24.500000000000004 175.50000000000003 2189.9400000000005 2925.4350000000004 2099.6250000000005 2.5000000000000004 172.00000000000003 1.0000000180025095e-35 339.72500000000008 257.95000000000005 187.50000000000003 12.500000000000002 11.500000000000002 247.00000000000003
decision_type=2 2 2 2 2 2 2 2 2 2 2 2 2 2
left_child=1 6 4 -4 5 7 -1 8 9 10 -3 12 -9 -13
right_child=-2 2 3 -5 -6 -7 -8 11 -10 -11 -12 13 -14 -15
leaf_value=-0.00049337906419492483 -0.02360869028285105 0.024210961921402485 0.036735350235358642 0.0053216054022184461 -0.023903867171034699 -0.022255506170117272 -0.012711713004652962 0.0050509466276689539 -0.0037302326609634355 0.042966334911332373 -0.0020647040702399247 0.0091460667373220676 0.036610423178365659 -0.0077790675355449692
leaf_weight=44526.93701543659 96.711350381374359 115.80177044868469 131.83422255516052 1070.3966905772686 129.15451449155807 120.94276648759842 372.48105010390282 2912.4540831446648 3408.6231735348701 159.08360362052917 885.60123336315155 391.58615922927856 142.69193339347839 864.44131541252136
leaf_count=31913 48 35 37 1352 53 62 237 957 1982 42 314 55 17 260
internal_value=-0.000217263 -0.000174171 0.00165888 0.00890425 0.000700503 0.00106661 -0.000596145 0.00139659 -0.00100514 0.00698075 0.00107899 0.00394023 0.00658236 -0.00248705
internal_weight=55328.7 55232 10332.6 1202.23 9130.38 9001.23 44899.4 8880.28 4569.11 1160.49 1001.4 4311.17 3055.15 1256.03
internal_count=37364 37316 5166 1389 3777 3724 32150 3662 2373 391 349 1289 974 315
is_linear=0
shrinkage=0.05


Tree=229
num_leaves=15
num_cat=0
split_feature=6 8 7 7 7 7 7 7 8 7 6 7 3 6
split_gain=14.2822 30.5226 27.0657 23.4021 70.0018 19.8924 56.0458 27.73 44.0992 86.143 79.8565 32.7803 30.53 34.6141
threshold=238.50000000000003 175.87000000000003 139.01500000000001 315.48500000000007 347.86000000000007 139.01500000000001 164.04500000000004 101.55500000000002 75.225000000000009 118.41500000000001 142.50000000000003 1.0000000180025095e-35 19.500000000000004 154.50000000000003
decision_type=2 2 2 2 2 2 2 2 2 2 2 2 2 2
left_child=5 2 -2 -3 -5 7 -7 11 -9 12 -11 -1 13 -10
right_child=1 3 -4 4 -6 6 -8 8 9 10 -12 -13 -14 -15
leaf_value=0.0036329258062225006 -0.0037463490915952552 -0.018113853162101387 0.019755180346833909 0.029104640169860075 -0.0056283686191683875 -0.021300443130849944 -0.00025964111775604739 -0.023200557958302372 0.14644122511509455 0.02324342763437881 -0.018572559581241505 -0.014287298091290541 0.032460550854052757 0.043062634649281589
leaf_weight=1833.3738028481603 238.04732209444046 311.30914694070816 244.5073344707489 148.41270339488983 2681.028033643961 313.5613380074501 48684.151456508785 71.223842978477478 13.241007704287766 309.60992171242833 174.67064619064331 291.35325774550438 66.987425088882446 26.287182807922363
leaf_count=431 79 107 67 43 1314 199 34316 53 123 120 55 488 11 7
internal_value=-0.000375077 -0.00340765 0.0082422 -0.00520782 -0.00375839 -0.000162583 -0.000396452 0.00394273 0.012837 0.0173398 0.00812554 0.00114784 0.0569902 0.0902472
internal_weight=55407.8 3623.3 482.555 3140.75 2829.44 51784.5 48997.7 2786.75 662.02 590.796 484.281 2124.73 106.516 39.5282
internal_count=37413 1610 146 1464 1357 35803 34515 1288 369 316 175 919 141 130
is_linear=0
shrinkage=0.05


Tree=230
num_leaves=15
num_cat=0
split_feature=6 4 6 6 2 1 6 3 6 6 1 1 3 6
split_gain=18.0612 12.9517 12.0206 15.4047 13.7516 39.2929 23.6161 16.8399 24.8915 9.93784 22.9041 20.406 19.9479 15.8848
threshold=6.5000000000000009 3.5000000000000004 226.00000000000003 213.00000000000003 12.500000000000002 8.5000000000000018 271.00000000000006 3.5000000000000004 306.00000000000006 46.500000000000007 8.5000000000000018 5.5000000000000009 2.5000000000000004 30.500000000000004
decision_type=2 2 2 2 2 2 2 2 2 2 2 2 2 2
left_child=-1 2 3 9 5 7 -6 -4 -9 10 11 12 -2 -14
right_child=1 -3 4 -5 6 -7 -8 8 -10 -11 -12 -13 13 -15
leaf_value=-0.020137873954495553 0.0045984478777346162 -0.019347434083960544 -0.0049570730458859376 0.012469025464342559 -0.018247807234352237 0.023585128255648839 0.004235780813304074 -0.0010134085299220042 0.019428680373803121 -4.330179766553845e-05 -0.021081997332892892 0.0307249361145501 -0.016108695482564939 -0.0001390013674679338
leaf_weight=106.72513802815229 2964.1110002547503 81.49415048956871 2305.9753611087799 250.35074552893639 325.34417790174484 144.21484804153442 178.18038320541382 766.50894749164581 179.69330763816833 47307.026103168726 94.845100998878479 61.136245369911194 204.17742761969566 609.58016368746758
leaf_count=1394 3111 92 1307 165 118 22 55 248 39 30325 33 20 203 386
internal_value=-5.4777e-05 -1.43272e-05 1.58604e-05 0.00021867 -0.00265872 -0.00150818 -0.0103282 -0.00265542 0.00295047 0.000157607 0.00257065 0.00318166 0.00269592 -0.00421981
internal_weight=55579.4 55472.6 55391.1 51491.2 3899.92 3396.39 503.525 3252.18 946.202 51240.9 3933.85 3839 3777.87 813.758
internal_count=37518 36124 36032 34243 1789 1616 173 1594 287 34078 3753 3720 3700 589
is_linear=0
shrinkage=0.05


Tree=231
num_leaves=15
num_cat=0
split_feature=3 0 8 6 6 8 8 2 3 7 6 6 8 7
split_gain=14.3354 12.2352 13.8576 11.9756 59.4234 29.5379 34.5271 28.4117 43.087 66.1944 45.123 31.4178 28.4651 39.8685
threshold=52.500000000000007 14.500000000000002 377.81000000000006 175.50000000000003 179.50000000000003 977.99500000000012 2208.4800000000005 5.5000000000000009 12.500000000000002 44.740000000000009 203.00000000000003 226.00000000000003 402.98000000000008 1412.2650000000003
decision_type=2 2 2 2 2 2 2 2 2 2 2 2 2 2
left_child=1 3 -3 -1 5 -5 -7 12 10 -10 -9 -11 -6 -14
right_child=-2 2 -4 4 7 6 -8 8 9 11 -12 -13 13 -15
leaf_value=-0.00054261214141383988 -0.023036798650483033 -0.00068691617524158002 -0.014605050812143345 0.034200188781681726 0.0028985552201444028 -0.010235171986453295 0.024669398472512444 -0.00054453376287904676 0.029128177415961035 0.001831802234966512 0.023601704106504993 -0.015484100036058483 -0.0068207210890873825 0.0029496145426480438
leaf_weight=44368.102517636493 64.260053217411041 414.35216385126114 310.34417167305946 182.60374295711517 2965.8121733665466 130.27022498846054 144.98680302500725 308.94814437627792 164.09893846511841 725.43385827541351 511.69719898700714 404.21120357513428 2964.3764255046844 1606.8053288459778
leaf_count=32040 30 80 84 66 862 82 177 94 16 167 114 154 1642 1689
internal_value=-0.000303443 -0.000274895 -0.00670646 -0.000188731 0.00136391 0.0188645 0.00826231 0.000524342 0.00563901 -5.59871e-05 0.0145631 -0.00440513 -0.000913289 -0.0033869
internal_weight=55266.3 55202 724.696 54477.3 10109.2 457.861 275.257 9651.38 2114.39 1293.74 820.645 1129.65 7536.99 4571.18
internal_count=37297 37267 164 37103 5063 325 259 4738 545 337 208 321 4193 3331
is_linear=0
shrinkage=0.05


Tree=232
num_leaves=15
num_cat=0
split_feature=4 8 6 8 6 8 8 8 6 1 1 1 3 3
split_gain=12.2825 10.8732 9.45118 9.34961 34.9161 10.6584 67.8468 25.0463 33.1734 32.0667 23.288 46.6296 44.3704 102.136
threshold=3.5000000000000004 6911.4650000000011 95.500000000000014 75.225000000000009 107.50000000000001 328.97500000000008 339.03000000000003 278.09500000000008 226.00000000000003 2.5000000000000004 5.5000000000000009 18.500000000000004 14.500000000000002 5.5000000000000009
decision_type=2 2 2 2 2 2 2 2 2 2 2 2 2 2
left_child=1 3 -3 4 -1 7 -7 -5 10 -10 12 -12 13 -9
right_child=-2 2 -4 5 -6 6 -8 8 9 -11 11 -13 -14 -15
leaf_value=-0.024117926320359698 -0.018275129962493305 -0.00042056185975594175 -0.010453254379424166 0.00029746671701874118 0.0044643671671994265 -0.024383508030476633 0.00037954514170984423 0.0097242536831160936 -0.021220333902572323 0.0061746102583654858 -0.015593550416812577 0.0085001700462526975 0.016609079212572455 -0.016035817911478571
leaf_weight=169.52484375983477 82.600624740123749 534.73151132464409 414.041578322649 8958.5272450000048 272.33488702774048 273.50659155845642 40527.422339551151 1766.8642827868462 223.36299610137939 197.36651694774628 333.26796114444733 489.28218996524811 1041.7152369022369 486.74642241001129
leaf_count=503 89 1287 1142 3162 70 149 30363 353 50 40 50 64 123 80
internal_value=0.000432795 0.000462182 -0.00483064 0.000554352 -0.00664874 0.000613575 0.00021058 0.00183127 0.00485512 -0.00844763 0.00622288 -0.00129698 0.00809904 0.00413728
internal_weight=55771.3 55688.7 948.773 54739.9 441.86 54298.1 40800.9 13497.1 4538.61 420.73 4117.88 822.55 3295.33 2253.61
internal_count=37525 37436 2429 35007 573 34434 30512 3922 760 90 670 114 556 433
is_linear=0
shrinkage=0.05


Tree=233
num_leaves=15
num_cat=0
split_feature=3 6 7 7 6 7 1 3 6 6 6 6 7 7
split_gain=12.7146 32.0114 25.6804 95.2745 40.0375 23.2231 25.7712 20.2784 15.9053 11.4052 13.6266 19.2886 39.967 36.7066
threshold=20.500000000000004 172.00000000000003 417.58500000000009 380.77500000000003 121.50000000000001 882.08000000000004 3.5000000000000004 37.500000000000007 142.50000000000003 6.5000000000000009 46.500000000000007 74.500000000000014 664.44500000000005 738.22500000000014
decision_type=2 2 2 2 2 2 2 2 2 2 2 2 2 2
left_child=9 2 3 7 -4 8 -7 -2 -6 -1 -11 12 -12 -14
right_child=1 -3 4 -5 5 6 -8 -9 -10 10 11 -13 13 -15
leaf_value=-0.016527354303622604 -0.015217992855005254 -0.015833483082552415 -0.016331938116618056 0.032212516617990752 -0.020058835516904142 -0.0061062424544501585 0.02501524498984194 0.0013581017298560738 0.0043692200410665001 0.0027758300594454555 -0.012591054459451698 4.9541417801045078e-06 0.033913770553505342 -0.0016644355471217183
leaf_weight=100.29459247551858 252.42131304740906 442.33701610565186 533.30413299798965 232.96848452091217 125.83650124073029 105.78052973747253 167.01786831021309 648.90867584943771 132.82038182020187 3926.3085150867701 944.82401058077812 44575.589892983437 69.46238124370575 2743.7422697842121
leaf_count=1371 95 155 217 33 39 50 58 76 46 3765 418 27539 19 3329
internal_value=-0.000259055 -0.00364038 -0.00115741 0.00406935 -0.00671851 0.00299066 0.0130548 -0.00334245 -0.00767005 -8.81468e-05 -5.50194e-05 -0.000285243 -0.00372282 -0.000727344
internal_weight=55001.6 2641.39 2199.06 1134.3 1064.76 531.455 272.798 901.33 258.657 52360.2 52259.9 48333.6 3758.03 2813.2
internal_count=37210 769 614 204 410 193 108 171 85 36441 35070 31305 3766 3348
is_linear=0
shrinkage=0.05


Tree=234
num_leaves=15
num_cat=0
split_feature=6 6 5 7 7 3 8 8 7 6 8 8 3 7
split_gain=15.299 48.2577 51.7964 31.845 47.6318 62.4868 48.4224 35.5471 57.8238 29.1942 48.1107 46.0448 29.2957 35.7306
threshold=175.50000000000003 179.50000000000003 5.5000000000000009 538.59000000000015 489.3300000000001 1.0000000180025095e-35 383.41000000000003 1831.1900000000003 2651.7350000000001 210.50000000000003 175.87000000000003 210.56500000000003 19.500000000000004 339.72500000000008
decision_type=2 2 2 2 2 2 2 2 2 2 2 2 2 2
left_child=-1 2 -2 4 9 6 -6 -5 -9 11 -11 -3 13 -13
right_child=1 3 -4 7 5 -7 -8 8 -10 10 -12 12 -14 -15
leaf_value=-0.00061526172279891065 -0.0089148536092014587 -0.0050041544746974457 0.026942494767283717 -0.0041250913511247551 -0.014194791537608898 0.033310999920971307 0.021360403915780299 0.052447493489816324 0.0031434220676301509 0.0099759684033516628 -0.0078143372004149357 0.029213993786454069 -0.00045610847366886541 0.0090141223843052311
leaf_weight=45188.854336999357 137.89854896068573 694.82692301273346 348.94095999002457 4065.3940571546555 199.44324493408203 289.53161799907684 175.21662652492523 58.073897242546082 1057.6131905019283 521.4767450094223 1362.8662890195847 308.15925121307373 430.89538061618805 753.61632370948792
leaf_count=32271 97 165 249 2277 82 55 51 43 1293 148 394 75 79 153
internal_value=-0.000217249 0.00151096 0.0167984 0.000752396 0.00371392 0.016077 0.00249558 -0.0019557 0.00593235 0.00168002 -0.00287764 0.00560367 0.0105418 0.0149862
internal_weight=55592.8 10404 486.84 9917.11 4736.03 664.191 374.66 5181.08 1115.69 4071.84 1884.34 2187.5 1492.67 1061.78
internal_count=37432 5161 346 4815 1202 188 133 3613 1336 1014 542 472 307 228
is_linear=0
shrinkage=0.05


Tree=235
num_leaves=15
num_cat=0
split_feature=6 8 4 1 1 6 3 1 1 1 1 8 8 3
split_gain=16.8474 12.4782 10.7178 8.63633 9.59648 8.16446 7.97394 29.1713 46.2216 41.8472 78.5913 55.6366 49.7 47.7888
threshold=6.5000000000000009 7310.0350000000008 3.5000000000000004 24.500000000000004 22.500000000000004 95.500000000000014 9.5000000000000018 6.5000000000000009 11.500000000000002 3.5000000000000004 4.5000000000000009 969.09500000000014 881.36500000000012 15.500000000000002
decision_type=2 2 2 2 2 2 2 2 2 2 2 2 2 2
left_child=-1 2 3 4 6 -3 -2 9 -9 11 -11 12 -8 -13
right_child=1 5 -4 -5 -6 -7 7 8 -10 10 -12 13 -14 -15
leaf_value=-0.019566717968847021 -9.3021091062478416e-05 -0.002041832326383889 -0.017203017491415465 -0.014112095983132403 0.018472107472924097 -0.012302010909867413 0.0014275823026162066 -0.013340443283408549 0.00044639538775961547 0.04447957840348573 0.0020825189795953126 0.025751046637409514 -0.0185527619192974 0.0046875551276930189
leaf_weight=104.1004598159343 42579.23961943388 505.11214679479599 83.398168802261353 99.892092168331146 67.148898720741272 312.24001097679138 5345.0004641413689 723.89512801170349 3661.5370581746101 168.48646461963654 296.88062930107117 414.61280247569084 325.46208357810974 759.78923344612122
leaf_count=1372 30935 1220 94 43 18 878 1292 226 789 35 82 211 107 244
internal_value=6.21588e-05 0.000100845 0.000193027 0.000221253 0.000248896 -0.00601233 0.000224651 0.00138071 -0.00184197 0.00331395 0.0177421 0.00232078 0.000265455 0.0122015
internal_weight=55446.8 55342.7 54525.3 54441.9 54342.1 817.352 54274.9 11695.7 4385.43 7310.23 465.367 6844.86 5670.46 1174.4
internal_count=37546 36174 34076 33982 33939 2098 33921 2986 1015 1971 117 1854 1399 455
is_linear=0
shrinkage=0.05


Tree=236
num_leaves=15
num_cat=0
split_feature=7 7 2 6 6 6 6 7 3 7 6 6 7 1
split_gain=15.0755 35.1005 45.835 68.28 35.7101 31.4712 37.4843 22.8271 29.9169 21.9937 20.8035 20.6674 20.2438 15.9596
threshold=1535.7450000000001 1427.3600000000004 2.5000000000000004 166.50000000000003 66.500000000000014 32.500000000000007 40.500000000000007 1392.1400000000001 4.5000000000000009 1545.3600000000004 118.50000000000001 15.500000000000002 6611.1050000000005 4.5000000000000009
decision_type=2 2 2 2 2 2 2 2 2 2 2 2 2 2
left_child=1 7 3 5 -4 -3 -7 11 -9 -2 -11 -1 13 -12
right_child=9 2 4 -5 -6 6 -8 8 -10 10 12 -13 -14 -15
leaf_value=-0.01982228382564356 -0.017650787588580994 -0.017301975289567974 0.018628295992324788 0.042200408168424561 -0.011405130861020726 0.037674538958004739 0.0072362714985525741 -0.017087476351780154 0.0095054855854735873 -0.002532096945310191 0.0020988170996363406 0.00057265987010508769 -0.0085928454439792492 -0.0095170920677803555
leaf_weight=119.65521000698209 193.3911395072937 104.48778986930847 124.4169790148735 167.67197978496552 417.68247663974762 111.37925887107849 808.1517196893692 385.62629532814026 141.32831811904907 9156.4389499127865 7168.7060382068157 35575.93109934032 513.84260252118111 303.52226334810257
leaf_count=1352 143 41 43 79 166 19 363 246 57 13211 8108 11863 1357 242
internal_value=0.000123596 0.000681541 0.00762097 0.0130871 -0.00440492 0.00813821 0.011107 0.000348379 -0.00993298 -0.00109785 -0.000906016 0.000501527 0.000958786 0.00162093
internal_weight=55292.2 37956.3 1733.79 1191.69 542.099 1024.02 919.531 36222.5 526.955 17335.9 17142.5 35695.6 7986.07 7472.23
internal_count=37290 14229 711 502 209 423 382 13518 303 23061 22918 13215 9707 8350
is_linear=0
shrinkage=0.05


Tree=237
num_leaves=15
num_cat=0
split_feature=3 3 8 2 7 3 7 7 8 7 8 8 8 7
split_gain=12.7634 16.4948 12.8145 35.8556 29.8364 31.2893 53.6441 25.2747 140.157 20.2619 17.4794 28.3124 60.4685 25.2618
threshold=52.500000000000007 41.500000000000007 110.59500000000001 15.500000000000002 1.0000000180025095e-35 19.500000000000004 101.55500000000002 118.41500000000001 75.225000000000009 417.58500000000009 278.09500000000008 328.97500000000008 339.03000000000003 164.04500000000004
decision_type=2 2 2 2 2 2 2 2 2 2 2 2 2 2
left_child=1 2 3 4 -1 6 -6 8 -8 -9 13 -12 -13 -4
right_child=-2 -3 10 -5 5 -7 7 9 -10 -11 11 12 -14 -15
leaf_value=0.041891937183215183 -0.022846446847068273 0.024962462807718081 -0.023924165946732995 -0.0085606015383594917 -0.014764968896250358 0.024072969024759874 -0.022970138081020861 -0.00026585891360110108 0.079541170193953722 0.018543251189995048 0.0037013981762079556 -0.024357660692679198 -0.00031737145470853785 -0.0022626715371085824
leaf_weight=56.811629362404346 57.611049115657806 59.75265097618103 132.16322468966246 432.90605783462524 305.41876314394176 202.02829843759537 61.776694655418396 447.87474920600653 63.258278891444206 205.36700439453125 4505.0299444198608 258.24254024028778 41235.148924604058 7403.036360386759
leaf_count=35 27 18 80 80 529 41 52 285 132 22 734 144 32920 2465
internal_value=-0.000284089 -0.000258552 -0.000288053 0.00388504 0.00791507 0.00625728 0.00284068 0.00979981 0.0299571 0.00574331 -0.000426803 -6.10172e-05 -0.000469908 -0.00265821
internal_weight=55426.4 55368.8 55309.1 1775.44 1342.54 1285.72 1083.7 778.277 125.035 653.242 53533.6 45998.4 41493.4 7535.2
internal_count=37564 37537 37519 1176 1096 1061 1020 491 184 307 36343 33798 33064 2545
is_linear=0
shrinkage=0.05


Tree=238
num_leaves=15
num_cat=0
split_feature=5 8 6 7 6 7 7 8 7 1 1 1 8 8
split_gain=10.9335 22.6471 18.7339 54.6061 14.9972 12.8831 42.2488 47.3246 41.3872 41.6122 38.9729 71.1968 78.0641 37.4042
threshold=4.5000000000000009 75.225000000000009 271.00000000000006 427.77000000000004 35.500000000000007 534.87000000000012 681.6350000000001 551.23500000000013 606.44000000000017 7.5000000000000009 14.500000000000002 11.500000000000002 570.50500000000011 624.15500000000009
decision_type=2 2 2 2 2 2 2 2 2 2 2 2 2 2
left_child=1 -1 4 -4 -3 -6 8 -8 -7 -10 11 12 -9 -14
right_child=-2 2 3 -5 5 6 7 10 9 -11 -12 -13 13 -15
leaf_value=-0.023498768137766714 -0.00060370125122503177 -0.010857456474528022 0.030036843785332386 -0.0059551553587506084 -0.0012138739907936991 0.0020053154887894001 -0.016487159791548453 0.04381450894759286 0.037614247650218646 0.0071295626875988172 -0.011540187588369819 0.022929602264394403 -0.019623109361306131 0.0015658897224006458
leaf_weight=88.308249235153198 42172.517426032573 261.54718950390816 200.48470765352249 213.50812256336212 3974.3601440787315 480.34935057163239 363.5096492767334 102.42629325389862 231.60017895698547 217.91638290882111 497.22796028852463 411.13521039485931 210.92637580633163 5879.5703729391098
leaf_count=18 30895 352 40 56 681 116 95 20 44 45 234 87 80 4534
internal_value=-0.000211391 0.00104815 0.00122327 0.0116252 0.000877859 0.00113029 0.00224018 0.000984579 0.0122607 0.0230769 0.00188992 0.00290905 0.0015625 0.000816577
internal_weight=55305.4 13132.9 13044.6 413.993 12630.6 12369 8394.66 7464.8 929.866 449.517 7101.29 6604.06 6192.92 6090.5
internal_count=37297 6402 6384 96 6288 5936 5255 5050 205 89 4955 4721 4634 4614
is_linear=0
shrinkage=0.05


Tree=239
num_leaves=15
num_cat=0
split_feature=7 3 7 6 7 3 5 6 7 7 7 7 2 3
split_gain=14.5372 31.2312 89.8321 41.7474 58.8236 32.5366 52.0463 30.8717 40.8643 32.151 70.1478 30.0527 48.1165 35.3195
threshold=524.245 5.5000000000000009 489.3300000000001 105.50000000000001 356.74000000000007 13.500000000000002 2.5000000000000004 121.50000000000001 427.77000000000004 347.86000000000007 277.11500000000007 465.33500000000009 4.5000000000000009 19.500000000000004
decision_type=2 2 2 2 2 2 2 2 2 2 2 2 2 2
left_child=1 2 3 4 -1 6 -3 8 9 10 -5 13 -13 -7
right_child=-2 5 -4 7 -6 11 -8 -9 -10 -11 -12 12 -14 -15
leaf_value=-0.011154994457630211 -0.00085340363514925131 0.007719912102941956 0.020659420260972776 0.022753322797944162 0.0040199881053838574 0.0081047883735655413 -0.011537674010149577 0.002026728144526643 -0.0074420997158329274 0.02790413300734329 -0.013765592760271769 0.0080834725387026133 -0.024402697022614727 -0.00096521905858909214
leaf_weight=1346.0151186734438 37354.414351154119 453.51071071624756 647.34125983715057 325.4600830078125 1207.3068114593625 1439.5275115966797 1501.527394592762 5862.3736176490784 232.19486606121063 341.53838348388672 214.10865521430969 184.11056447029114 286.0351368188858 4173.8448563218117
leaf_count=1583 31791 79 151 105 473 173 293 1636 74 65 71 43 83 819
internal_value=-0.000288715 0.000869244 0.00270878 0.00147913 -0.00398586 -0.00145973 -0.00706219 0.00348091 0.011095 0.0159944 0.00826875 0.000345029 -0.0117298 0.00136589
internal_weight=55569.3 18214.9 10176.3 9529 2553.32 8038.56 1955.04 6975.68 1113.3 881.107 539.569 6083.52 470.146 5613.37
internal_count=37439 5648 4158 4007 2056 1490 372 1951 315 241 176 1118 126 992
is_linear=0
shrinkage=0.05


Tree=240
num_leaves=15
num_cat=0
split_feature=1 6 8 3 2 8 8 8 6 6 6 6 0 2
split_gain=14.55 10.4086 38.2714 24.8655 29.1223 30.9684 20.7494 78.1077 39.4683 13.2187 50.0807 13.0158 51.7492 37.5248
threshold=23.500000000000004 46.500000000000007 278.09500000000008 2.5000000000000004 6.5000000000000009 881.36500000000012 1483.4750000000001 1326.1750000000002 35.500000000000007 22.000000000000004 18.500000000000004 93.500000000000014 3.5000000000000004 19.500000000000004
decision_type=2 2 2 2 2 2 2 2 2 2 2 2 2 2
left_child=1 2 -1 6 -5 -6 7 8 9 10 -4 12 13 -3
right_child=-2 11 3 4 5 -7 -8 -9 -10 -11 -12 -13 -14 -15
leaf_value=-0.015901551325192314 -0.016473496621115507 -0.0019439033148740713 -0.0083839887524517574 -0.010027340801463249 -0.0047128014285213009 0.028454744359754758 0.0021777090752275645 0.047681049869164382 0.014381420256216705 -0.010683351732347923 0.050812447410574772 0.00015411490514880677 0.020569516242917502 -0.018722419770165238
leaf_weight=260.92992431111634 129.53535577654839 8007.7265328168869 142.4068449921906 584.39270830154419 162.73058551549911 117.44098120927811 1621.4001222997904 123.59061694145203 668.9016672372818 300.68166327476501 42.250996351242065 42844.45207464695 242.23452898859978 342.83037412166595
leaf_count=1018 60 6800 474 502 52 52 2667 59 190 123 16 25359 74 86
internal_value=-5.02949e-05 -1.04558e-05 0.00243664 0.00372737 -0.00369897 0.00944535 0.0059445 0.0106969 0.00654828 -0.00428402 0.00614307 -0.000202148 -0.00197757 -0.00264353
internal_weight=55591.5 55462 4024.73 3763.8 864.564 280.172 2899.23 1277.83 1154.24 485.34 184.658 51437.2 8592.79 8350.56
internal_count=37532 37472 5153 4135 606 104 3529 862 803 613 490 32319 6960 6886
is_linear=0
shrinkage=0.05


Tree=241
num_leaves=15
num_cat=0
split_feature=3 7 7 7 3 7 7 7 7 7 7 7 7 5
split_gain=21.4492 27.2172 30.1949 28.1058 25.5734 49.9188 90.3864 65.3578 44.7275 44.4013 43.5477 59.4676 42.7197 27.9478
threshold=1.0000000180025095e-35 1.0000000180025095e-35 164.04500000000004 203.61000000000004 4.5000000000000009 940.0150000000001 901.99000000000012 315.48500000000007 1427.3600000000004 552.65500000000009 650.81000000000006 760.31000000000006 1472.7950000000003 5.5000000000000009
decision_type=2 2 2 2 2 2 2 2 2 2 2 2 2 2
left_child=1 -1 -3 -4 5 6 7 -2 -7 -9 -11 -12 -10 -13
right_child=4 2 3 -5 -6 8 -8 9 12 10 11 13 -14 -15
leaf_value=0.0081723795796791263 -0.02369345189103686 -0.0098669662982681493 0.012830030635323173 -0.0012511278853070103 -0.00029189663476192964 -0.0070309903365831433 0.049018411260875874 0.0234421507525099 0.030130304546589045 -0.019175364579539167 0.027237653829512789 -0.015425397205242997 0.0024166452334397365 0.0099437170431437329
leaf_weight=760.84506168216467 148.32303500175476 1005.8170207105577 354.11840867996216 26968.044516459107 17340.957257002592 1330.7556591033936 137.51154351234436 451.25648033618927 137.36185646057129 158.45288217067719 277.79273629188538 204.92918467521667 6092.2140010595322 220.00648069381714
leaf_count=319 35 1064 100 22167 5331 525 47 84 48 51 78 74 7507 93
internal_value=-0.000191907 -0.00112925 -0.00138047 -0.00106631 0.00083704 0.00297357 0.0109876 0.00725247 0.00127325 0.0108264 0.00411865 0.00946941 0.0030514 -0.00232788
internal_weight=55588.4 29088.8 28328 27322.2 26499.6 9158.6 1598.27 1460.76 7560.33 1312.44 861.181 702.728 6229.58 424.936
internal_count=37523 23650 23331 22267 13873 8542 462 415 8080 380 296 245 7555 167
is_linear=0
shrinkage=0.05


Tree=242
num_leaves=15
num_cat=0
split_feature=4 8 8 8 2 7 8 7 6 6 8 7 6 3
split_gain=12.3642 11.8875 30.0153 67.3996 28.9973 26.6487 41.196 54.4517 40.2123 66.7831 22.9606 37.0459 47.2327 41.4945
threshold=3.5000000000000004 2635.3900000000008 2358.0200000000004 2376.1750000000006 1.5000000000000002 2862.9900000000002 2208.4800000000005 3137.7700000000004 109.50000000000001 79.000000000000014 1877.3800000000003 2651.7350000000001 197.00000000000003 8.5000000000000018
decision_type=2 2 2 2 2 2 2 2 2 2 2 2 2 2
left_child=1 2 5 4 -4 10 -7 8 9 -8 -1 13 -13 -12
right_child=-2 -3 3 -5 -6 6 7 -9 -10 -11 11 12 -14 -15
leaf_value=0.00029698745705967165 -0.019496000035243349 -0.0015606306329209766 0.014817815028857062 0.0035361440082442778 0.055266693676859949 -0.018000872322854501 -0.002215456943832645 -0.0090659638701469369 0.0022924676461542788 0.076834652711406271 0.024904337398539249 -0.0038308564277375954 0.049662089634357025 -0.0048534900334222244
leaf_weight=43713.184345941991 74.528451323509216 7923.0176768004894 93.976931154727936 1499.4431710839272 88.314898073673248 496.45714432001114 46.921653985977173 497.69585919380188 148.90411692857742 56.222766876220703 408.6870294213295 670.01050233840942 38.953372836112976 161.40887713432312
leaf_count=19233 85 14338 79 1445 54 641 57 548 127 54 152 706 29 48
internal_value=0.000204817 0.000232853 0.000529515 0.00708099 0.0353663 0.000290492 -0.00690718 0.000509308 0.0192252 0.042434 0.0004906 0.00708058 -0.000564527 0.0165102
internal_weight=55917.7 55843.2 47920.2 1681.74 182.292 46238.4 1246.2 749.744 252.049 103.144 44992.2 1279.06 708.964 570.096
internal_count=37596 37511 23173 1578 133 21595 1427 786 238 111 20168 935 735 200
is_linear=0
shrinkage=0.05


Tree=243
num_leaves=15
num_cat=0
split_feature=1 2 2 2 3 8 1 2 2 3 8 8 8 5
split_gain=19.9786 30.4765 26.142 28.1954 27.2363 26.5701 19.5147 73.9215 46.1795 39.7716 22.9905 28.3324 33.1194 18.1876
threshold=6.5000000000000009 23.500000000000004 19.500000000000004 17.500000000000004 27.500000000000004 265.54000000000002 11.500000000000002 12.500000000000002 16.500000000000004 10.500000000000002 784.87500000000011 273.41000000000003 143.01500000000001 6.5000000000000009
decision_type=2 2 2 2 2 2 2 2 2 2 2 2 2 2
left_child=1 2 3 4 -1 -4 9 -8 -9 -2 11 12 -10 -7
right_child=6 -3 5 -5 -6 13 7 8 10 -11 -12 -13 -14 -15
leaf_value=0.00036830754081939183 -0.0015014051227060972 0.015949383169990144 -0.018475309793657867 0.016473329137896051 -0.017003375268276218 0.00096335861937452713 0.020230726015023886 -0.016150390991831329 0.005809609762821479 -0.01850548459048652 -0.0086759190319768403 0.0058382002337339523 -0.016634516038020932 -0.014616463081429538
leaf_weight=47948.989824168384 921.9665647149086 303.35123133659363 345.0412335395813 265.54344874620438 221.70218908786774 823.69220632314682 362.82400393486023 579.65490645170212 292.79638999700546 544.3780620098114 674.37293875217438 1435.4237762093544 364.03464865684509 237.25930297374725
leaf_count=35634 296 70 119 57 80 185 39 175 51 173 164 274 115 55
internal_value=-2.67603e-05 0.000278603 0.000181637 0.000377031 0.000286599 -0.00652715 -0.00298288 -0.00104854 -0.00338251 -0.00785558 -0.000683113 0.00190766 -0.00666127 -0.00257296
internal_weight=55321 50145.6 49842.2 48436.2 48170.7 1405.99 5175.45 3709.11 3346.28 1466.34 2766.63 2092.25 656.831 1060.95
internal_count=37487 36200 36130 35771 35714 359 1287 818 779 469 604 440 166 240
is_linear=0
shrinkage=0.05


Tree=244
num_leaves=15
num_cat=0
split_feature=2 8 7 6 6 7 2 7 1 7 7 6 7 8
split_gain=14.9425 41.8483 31.7246 30.1277 48.2108 26.1581 23.7549 51.7266 41.4413 27.2077 24.0431 20.9407 33.3778 28.7367
threshold=19.500000000000004 265.54000000000002 1113.2350000000004 92.500000000000014 98.500000000000014 203.61000000000004 16.500000000000004 370.09000000000003 14.500000000000002 571.50000000000011 1161.2350000000004 135.50000000000003 465.33500000000009 300.24000000000007
decision_type=2 2 2 2 2 2 2 2 2 2 2 2 2 2
left_child=6 5 3 -3 -5 -2 8 -8 -1 -9 -11 -6 13 -13
right_child=1 2 -4 4 11 -7 7 9 -10 10 -12 12 -14 -15
leaf_value=0.00040512377379193576 -0.0059474523913290844 -0.013035718185656343 -0.015721690883650909 0.025632846444586611 -0.0047977847003524022 -0.024418605335162755 0.02216557621289092 -0.012759589825820828 -0.021856180002217285 0.021346752131223928 -0.0065988516291569169 -0.0026788553150371703 -0.0065477022527927007 0.015582943073294579
leaf_weight=50403.359314184636 536.48117679357529 310.77830982208252 288.61783704161644 216.43636095523834 889.79888319969177 297.30937701463699 389.1740345954895 270.41306781768799 204.9322075843811 166.60740256309509 136.20065635442734 309.85405886173248 436.65514582395554 692.16918289661407
leaf_count=36267 108 66 173 26 145 152 29 39 71 33 77 65 149 94
internal_value=0.000233367 -0.00271731 -7.01428e-05 0.00153644 0.00333802 -0.0126401 0.00046122 0.00822253 0.000312829 -0.00135356 0.00887403 0.00121519 0.00493785 0.00995061
internal_weight=55548.8 3978.1 3144.31 2855.69 2544.91 833.791 51570.7 962.395 50608.3 573.221 302.808 2328.48 1438.68 1002.02
internal_count=37494 978 718 545 479 260 36516 178 36338 149 110 453 308 159
is_linear=0
shrinkage=0.05


Tree=245
num_leaves=15
num_cat=0
split_feature=6 3 4 7 7 3 6 0 3 2 7 7 7 7
split_gain=13.9527 27.9838 11.8285 10.5627 14.5091 11.4853 9.91232 61.1304 28.3194 32.5928 31.3913 50.8193 28.1717 22.715
threshold=306.00000000000006 1.0000000180025095e-35 3.5000000000000004 4614.9600000000009 4549.4750000000013 5.5000000000000009 93.500000000000014 3.5000000000000004 14.500000000000002 13.500000000000002 293.90500000000003 339.72500000000008 767.00000000000011 1.0000000180025095e-35
decision_type=2 2 2 2 2 2 2 2 2 2 2 2 2 2
left_child=2 -2 3 4 6 -5 7 8 9 10 13 -12 -9 -1
right_child=1 -3 -4 5 -6 -7 -8 12 -10 -11 11 -13 -14 -15
leaf_value=0.0088549853906129024 -0.02007712376545448 0.0022179021063038411 -0.018660560812747539 -0.0018315311043440145 0.017636601378417997 -0.020408946550836499 0.00054920976367782632 0.036344378341740799 -0.0099893811012508604 0.032518315427716542 0.030922337732101519 -0.00086687838613867308 0.0058576245219200901 -0.014791251564630709
leaf_weight=117.43544797599316 252.59888464212418 308.30993515253067 79.968623131513596 5107.42307305336 114.48764312267303 79.642389178276062 39381.690824985504 144.15159225463867 970.35440069437027 66.914912462234497 122.78370337188244 7787.3851202316582 158.72289264202118 630.00074284803122
leaf_count=219 160 81 94 10525 140 141 19154 31 318 6 96 5344 59 1070
internal_value=-0.000100338 -0.00791109 -1.96186e-05 9.34664e-06 0.000234392 -0.00213615 0.000192263 -0.00121334 -0.00190895 -0.00100503 -0.00128275 -0.000354216 0.0207222 -0.0110419
internal_weight=55321.9 560.909 54761 54681 49493.9 5187.07 49379.4 9997.75 9694.87 8724.52 8657.61 7910.17 302.874 747.436
internal_count=37438 241 37197 37103 26437 10666 26297 7143 7053 6735 6729 5440 90 1289
is_linear=0
shrinkage=0.05


Tree=246
num_leaves=15
num_cat=0
split_feature=7 8 8 7 8 7 7 8 6 5 7 8 8 8
split_gain=10.3093 35.6543 40.4746 49.266 45.2797 40.7687 38.9751 62.8346 46.1196 59.8145 45.8256 32.0757 54.8601 67.8017
threshold=760.31000000000006 610.97500000000014 636.96000000000015 795.21500000000003 655.7600000000001 843.21500000000015 871.44000000000017 675.61000000000013 97.500000000000014 6.5000000000000009 940.0150000000001 535.15000000000009 601.81500000000017 920.29500000000019
decision_type=2 2 2 2 2 2 2 2 2 2 2 2 2 2
left_child=11 -2 3 -3 5 -4 -6 8 -8 -10 -9 -1 -13 -14
right_child=1 2 4 -5 6 -7 7 10 9 -11 -12 12 13 -15
leaf_value=0.00052194283922092394 -0.0085376402880328016 -0.011838769165943158 0.018250490291342666 0.015323108735336375 -0.018785491385148595 -0.019035703002064464 -0.0075412305144634366 -0.01514125121699759 0.0070526444138435535 0.050803044357464133 0.00032523309022708846 0.01182932552558026 -0.023806622253975267 0.0035677388184914421
leaf_weight=21101.455589924008 1202.6233285740018 204.70302450656891 81.447712182998657 829.92314457893372 263.7305052280426 508.35365211963654 114.97582936286926 482.62793612480164 157.29097652435303 153.9816085100174 26820.188059270382 1778.3240480422974 263.0762745141983 1443.1860928423703
leaf_count=7250 698 111 31 323 136 290 55 237 39 72 27299 479 87 260
internal_value=0.000492909 -0.000116274 0.000227064 0.00991798 -0.000125399 -0.0137766 0.000164637 0.000348225 0.0192849 0.0291563 4.9112e-05 0.00125642 0.00569703 -0.000710143
internal_weight=55405.9 30819.8 29617.2 1034.63 28582.6 589.801 27992.8 27729.1 426.248 311.273 27302.8 24586 3484.59 1706.26
internal_count=37367 29291 28593 434 28159 321 27838 27702 166 111 27536 8076 826 347
is_linear=0
shrinkage=0.05


Tree=247
num_leaves=15
num_cat=0
split_feature=8 8 7 5 6 8 8 6 8 6 8 4 4 7
split_gain=21.8177 26.2432 164.021 87.9244 15.7086 12.5712 36.3473 28.5424 21.8947 58.6521 42.0965 44.1939 26.1995 43.0357
threshold=75.225000000000009 88.825000000000003 101.55500000000002 10.500000000000002 107.50000000000001 429.21500000000009 402.98000000000008 38.500000000000007 461.47500000000008 163.50000000000003 436.25000000000006 1.5000000000000002 2.5000000000000004 2451.9100000000003
decision_type=2 2 2 2 2 2 2 2 2 2 2 2 2 2
left_child=4 2 -2 -4 -1 6 7 -3 9 10 -7 -12 -10 -14
right_child=1 5 3 -5 -6 8 -8 -9 12 -11 11 -13 13 -15
leaf_value=-0.024024533455782718 -0.023989201471567991 -0.02183605840094353 0.011118479567453104 0.084891866049304987 -0.0042047145061426556 0.028485791679039627 -0.011978041567359357 -0.00050877499718400456 0.000369593524242884 -0.012794902497725545 0.0019022364054279513 0.034172561679682321 -0.018508644007361734 0.0074055269947864728
leaf_weight=149.27046351693571 142.78197121620178 153.40747656300664 81.907990455627441 78.157604090869427 291.93477439880371 272.11020267009735 743.88948953151703 16290.894637525082 35390.41840512678 312.76890647411346 800.19780930876732 117.43936514854431 449.72529226541519 243.92812219262123
leaf_count=496 51 615 13 130 76 84 301 4255 30388 123 338 30 257 333
internal_value=-9.26056e-05 -3.39514e-06 0.0145543 0.0486212 -0.0111043 -8.52054e-05 -0.00120514 -0.000714312 0.000427027 0.00633069 0.0113911 0.00619501 0.00018036 -0.00940796
internal_weight=55518.8 55077.6 302.848 160.066 441.205 54774.8 17188.2 16444.3 37586.6 1502.52 1189.75 917.637 36084.1 693.653
internal_count=37490 36918 194 143 572 36724 5171 4870 31553 575 452 368 30978 590
is_linear=0
shrinkage=0.05


Tree=248
num_leaves=15
num_cat=0
split_feature=8 8 5 6 4 7 6 2 2 8 6 4 7 7
split_gain=16.9921 48.8324 75.5615 76.4627 29.9196 32.9627 25.4257 21.3969 33.4212 19.2451 31.7279 31.3548 20.431 30.4297
threshold=198.37500000000003 224.98500000000004 8.5000000000000018 154.50000000000003 1.0000000180025095e-35 293.90500000000003 88.500000000000014 9.5000000000000018 18.500000000000004 110.59500000000001 260.00000000000006 1.0000000180025095e-35 164.04500000000004 236.76500000000001
decision_type=2 2 2 2 2 2 2 2 2 2 2 2 2 2
left_child=6 2 -2 4 5 -4 -1 9 -9 -8 11 12 -11 -14
right_child=1 -3 3 -5 -6 -7 7 8 -10 10 -12 -13 13 -15
leaf_value=-0.013346903038948005 -0.015140441313327539 -0.00028013784997263738 -0.00091508544402418206 0.057441511249086023 0.038416062087597513 0.028736479898845726 0.0011107205995225537 0.011941282567496814 -0.0041190882706034302 -0.023911529286281152 0.016800048578464861 -0.021650643059894028 0.0063511854083408955 -0.0096902649782475356
leaf_weight=541.41598639264703 198.75500029325485 49812.418307635933 353.53817608952522 107.1193528175354 85.507025718688965 122.39758253097534 1067.6353692412376 608.91922616958618 681.81915992498398 130.27453827857971 122.89416229724884 380.11854231357574 481.6557788848877 749.61696100234985
leaf_count=939 76 34991 220 30 21 27 317 57 167 52 39 82 123 304
internal_value=-0.000343304 -7.47876e-05 0.011653 0.0196717 0.012022 0.00692996 -0.00319652 -0.00188091 0.0034744 -0.00424019 -0.00729886 -0.00904253 -0.00545625 -0.00341478
internal_weight=55444.1 50679.7 867.317 668.562 561.443 475.936 4764.35 4222.93 1290.74 2932.2 1864.56 1741.67 1361.55 1231.27
internal_count=37445 35365 374 298 268 247 2080 1141 224 917 600 561 479 427
is_linear=0
shrinkage=0.05


Tree=249
num_leaves=15
num_cat=0
split_feature=2 2 3 2 2 8 3 3 8 5 6 3 8 8
split_gain=17.1286 25.9986 35.277 22.0593 33.029 34.0698 27.627 42.4059 27.7426 25.7095 35.4255 27.8007 24.4447 21.8227
threshold=19.500000000000004 17.500000000000004 28.500000000000004 14.500000000000002 11.500000000000002 429.21500000000009 15.500000000000002 12.500000000000002 980.68500000000006 10.500000000000002 109.50000000000001 18.500000000000004 300.24000000000007 291.41500000000002
decision_type=2 2 2 2 2 2 2 2 2 2 2 2 2 2
left_child=1 2 3 4 6 12 7 -1 9 11 -11 -8 -6 -3
right_child=-2 13 -4 -5 5 -7 8 -9 -10 10 -12 -13 -14 -15
leaf_value=-0.00019370913788963179 -0.0033783829634109635 0.019869880224720866 -0.018210724165862429 -0.0080039687246597612 0.0060229515613653417 0.014049148583733274 0.015484458077165673 -0.011901746191619992 -0.0098266583494369796 -0.0017159269921387659 0.022290651784493135 -0.00070272141406087555 -0.013482798801155353 0.00089621027396820938
leaf_weight=44687.482070468366 4035.5865612328053 295.32221573591232 263.0570113658905 846.34584325551987 447.93816065788269 841.8490144610405 342.87524318695068 782.01461738348007 273.22806894779205 223.18626165390015 483.62875318527222 1115.10019749403 243.90095961093903 306.91440230607986
leaf_count=34744 984 23 98 226 54 200 75 243 112 53 102 294 60 83
internal_value=-0.00024438 3.17647e-06 -0.000120351 -2.39179e-05 0.000113482 0.00732419 -0.000118099 -0.000396358 0.00506169 0.00695913 0.0147514 0.00314396 -0.000901007 0.0102874
internal_weight=55188.4 51152.8 50550.6 50287.5 49441.2 1533.69 47907.5 45469.5 2438.02 2164.79 706.815 1457.98 691.839 602.237
internal_count=37351 36367 36261 36163 35937 314 35623 34987 636 524 155 369 114 106
is_linear=0
shrinkage=0.05


end of trees

feature_importances:
Column_7=911
Column_8=823
Column_6=694
Column_3=435
Column_2=240
Column_1=153
Column_5=140
Column_4=96
Column_0=8

parameters:
[boosting: gbdt]
[objective: poisson]
[metric: poisson]
[tree_learner: serial]
[device_type: cpu]
[data_sample_strategy: bagging]
[data: ]
[valid: ]
[num_iterations: 250]
[learning_rate: 0.05]
[num_leaves: 15]
[num_threads: 6]
[seed: 42]
[deterministic: 0]
[force_col_wise: 0]
[force_row_wise: 0]
[histogram_pool_size: -1]
[max_depth: -1]
[min_data_in_leaf: 40]
[min_sum_hessian_in_leaf: 0.001]
[bagging_fraction: 0.8]
[pos_bagging_fraction: 1]
[neg_bagging_fraction: 1]
[bagging_freq: 1]
[bagging_seed: 400]
[bagging_by_query: 0]
[feature_fraction: 0.8]
[feature_fraction_bynode: 1]
[feature_fraction_seed: 30056]
[extra_trees: 0]
[extra_seed: 12879]
[early_stopping_round: 0]
[early_stopping_min_delta: 0]
[first_metric_only: 0]
[max_delta_step: 0]
[lambda_l1: 0]
[lambda_l2: 5]
[linear_lambda: 0]
[min_gain_to_split: 0]
[drop_rate: 0.1]
[max_drop: 50]
[skip_drop: 0.5]
[xgboost_dart_mode: 0]
[uniform_drop: 0]
[drop_seed: 17869]
[top_rate: 0.2]
[other_rate: 0.1]
[min_data_per_group: 100]
[max_cat_threshold: 32]
[cat_l2: 10]
[cat_smooth: 10]
[max_cat_to_onehot: 4]
[top_k: 20]
[monotone_constraints: ]
[monotone_constraints_method: basic]
[monotone_penalty: 0]
[feature_contri: ]
[forcedsplits_filename: ]
[refit_decay_rate: 0.9]
[cegb_tradeoff: 1]
[cegb_penalty_split: 0]
[cegb_penalty_feature_lazy: ]
[cegb_penalty_feature_coupled: ]
[path_smooth: 0]
[interaction_constraints: ]
[verbosity: -1]
[saved_feature_importance_type: 0]
[use_quantized_grad: 0]
[num_grad_quant_bins: 4]
[quant_train_renew_leaf: 0]
[stochastic_rounding: 1]
[linear_tree: 0]
[max_bin: 255]
[max_bin_by_feature: ]
[min_data_in_bin: 3]
[bin_construct_sample_cnt: 200000]
[data_random_seed: 175]
[is_enable_sparse: 1]
[enable_bundle: 1]
[use_missing: 1]
[zero_as_missing: 0]
[feature_pre_filter: 1]
[pre_partition: 0]
[two_round: 0]
[header: 0]
[label_column: ]
[weight_column: ]
[group_column: ]
[ignore_column: ]
[categorical_feature: ]
[forcedbins_filename: ]
[precise_float_parser: 0]
[parser_config_file: ]
[objective_seed: 16083]
[num_class: 1]
[is_unbalance: 0]
[scale_pos_weight: 1]
[sigmoid: 1]
[boost_from_average: 1]
[reg_sqrt: 0]
[alpha: 0.9]
[fair_c: 1]
[poisson_max_delta_step: 0.7]
[tweedie_variance_power: 1.5]
[lambdarank_truncation_level: 30]
[lambdarank_norm: 1]
[label_gain: ]
[lambdarank_position_bias_regularization: 0]
[eval_at: ]
[multi_error_top_k: 1]
[auc_mu_weights: ]
[num_machines: 1]
[local_listen_port: 12400]
[time_out: 120]
[machine_list_filename: ]
[machines: ]
[gpu_platform_id: -1]
[gpu_device_id: -1]
[gpu_device_id_list: ]
[gpu_use_dp: 0]
[num_gpu: 1]

end of parameters

pandas_categorical:null
